participant,block,trial_number,rep_number,attempt_number,trial_success,target_object_final,target_values_seen,target_changed_within_recording,file,path,target_object_raw,target_object_corrected,target_correction_applied,target_reference_rep,target_reference_file,class_label,class_label_source,board_sensor_index,board_column,board_sensor_source,transfer_start_idx,transfer_end_idx,transfer_trajectory_length,transfer_extraction_method,split
2,0,0,0,0,1,3,[3.0],False,B0_trial0_rep0_attempt0.csv,/Users/arthu/Desktop/CTM_Res-Pro/data/reach_to_grasp_dataset/data/participant_2/motion/B0_trial0_rep0_attempt0.csv,3,3,False,,,0,trial_number,3,board_data_3,fixed_B0_sensor_3,229,272,43,harmonized_hand_active_board10,train
2,0,0,1,0,1,3,[3.0],False,B0_trial0_rep1_attempt0.csv,/Users/arthu/Desktop/CTM_Res-Pro/data/reach_to_grasp_dataset/data/participant_2/motion/B0_trial0_rep1_attempt0.csv,3,3,False,,,0,trial_number,3,board_data_3,fixed_B0_sensor_3,221,282,61,harmonized_hand_active_board10,train
2,0,0,2,0,1,3,[3.0],False,B0_trial0_rep2_attempt0.csv,/Users/arthu/Desktop/CTM_Res-Pro/data/reach_to_grasp_dataset/data/participant_2/motion/B0_trial0_rep2_attempt0.csv,3,3,False,,,0,trial_number,3,board_data_3,fixed_B0_sensor_3,229,280,51,harmonized_hand_active_board10,train
2,0,0,3,0,1,3,[3.0],False,B0_trial0_rep3_attempt0.csv,/Users/arthu/Desktop/CTM_Res-Pro/data/reach_to_grasp_dataset/data/participant_2/motion/B0_trial0_rep3_attempt0.csv,3,3,False,,,0,trial_number,3,board_data_3,fixed_B0_sensor_3,224,284,60,harmonized_hand_active_board10,train
2,0,0,4,0,1,3,[3.0],False,B0_trial0_rep4_attempt0.csv,/Users/arthu/Desktop/CTM_Res-Pro/data/reach_to_grasp_dataset/data/participant_2/motion/B0_trial0_rep4_attempt0.csv,3,3,False,,,0,trial_number,3,board_data_3,fixed_B0_sensor_3,229,282,53,harmonized_hand_active_board10,train
2,0,0,5,0,1,3,[3.0],False,B0_trial0_rep5_attempt0.csv,/Users/arthu/Desktop/CTM_Res-Pro/data/reach_to_grasp_dataset/data/participant_2/motion/B0_trial0_rep5_attempt0.csv,3,3,False,,,0,trial_number,3,board_data_3,fixed_B0_sensor_3,223,280,57,harmonized_hand_active_board10,train
2,0,0,6,0,1,3,[3.0],False,B0_trial0_rep6_attempt0.csv,/Users/arthu/Desktop/CTM_Res-Pro/data/reach_to_grasp_dataset/data/participant_2/motion/B0_trial0_rep6_attempt0.csv,3,3,False,,,0,trial_number,3,board_data_3,fixed_B0_sensor_3,230,282,52,harmonized_hand_active_board10,train
2,0,0,7,0,1,3,[3.0],False,B0_trial0_rep7_attempt0.csv,/Users/arthu/Desktop/CTM_Res-Pro/data/reach_to_grasp_dataset/data/participant_2/motion/B0_trial0_rep7_attempt0.csv,3,3,False,,,0,trial_number,3,board_data_3,fixed_B0_sensor_3,267,323,56,harmonized_hand_active_board10,train
2,0,1,0,0,1,3,[3.0],False,B0_trial1_rep0_attempt0.csv,/Users/arthu/Desktop/CTM_Res-Pro/data/reach_to_grasp_dataset/data/participant_2/motion/B0_trial1_rep0_attempt0.csv,3,3,False,,,1,trial_number,3,board_data_3,fixed_B0_sensor_3,223,279,56,harmonized_hand_active_board10,train
2,0,1,1,0,1,3,[3.0],False,B0_trial1_rep1_attempt0.csv,/Users/arthu/Desktop/CTM_Res-Pro/data/reach_to_grasp_dataset/data/participant_2/motion/B0_trial1_rep1_attempt0.csv,3,3,False,,,1,trial_number,3,board_data_3,fixed_B0_sensor_3,233,308,75,harmonized_hand_active_board10,train
2,0,1,2,0,1,3,[3.0],False,B0_trial1_rep2_attempt0.csv,/Users/arthu/Desktop/CTM_Res-Pro/data/reach_to_grasp_dataset/data/participant_2/motion/B0_trial1_rep2_attempt0.csv,3,3,False,,,1,trial_number,3,board_data_3,fixed_B0_sensor_3,235,295,60,harmonized_hand_active_board10,train
2,0,1,3,0,1,3,[3.0],False,B0_trial1_rep3_attempt0.csv,/Users/arthu/Desktop/CTM_Res-Pro/data/reach_to_grasp_dataset/data/participant_2/motion/B0_trial1_rep3_attempt0.csv,3,3,False,,,1,trial_number,3,board_data_3,fixed_B0_sensor_3,233,317,84,harmonized_hand_active_board10,train
2,0,1,4,0,1,3,[3.0],False,B0_trial1_rep4_attempt0.csv,/Users/arthu/Desktop/CTM_Res-Pro/data/reach_to_grasp_dataset/data/participant_2/motion/B0_trial1_rep4_attempt0.csv,3,3,False,,,1,trial_number,3,board_data_3,fixed_B0_sensor_3,233,289,56,harmonized_hand_active_board10,train
2,0,1,5,0,1,3,[3.0],False,B0_trial1_rep5_attempt0.csv,/Users/arthu/Desktop/CTM_Res-Pro/data/reach_to_grasp_dataset/data/participant_2/motion/B0_trial1_rep5_attempt0.csv,3,3,False,,,1,trial_number,3,board_data_3,fixed_B0_sensor_3,236,306,70,harmonized_hand_active_board10,train
2,0,1,6,0,1,3,[3.0],False,B0_trial1_rep6_attempt0.csv,/Users/arthu/Desktop/CTM_Res-Pro/data/reach_to_grasp_dataset/data/participant_2/motion/B0_trial1_rep6_attempt0.csv,3,3,False,,,1,trial_number,3,board_data_3,fixed_B0_sensor_3,236,305,69,harmonized_hand_active_board10,train
2,0,1,7,0,1,3,[3.0],False,B0_trial1_rep7_attempt0.csv,/Users/arthu/Desktop/CTM_Res-Pro/data/reach_to_grasp_dataset/data/participant_2/motion/B0_trial1_rep7_attempt0.csv,3,3,False,,,1,trial_number,3,board_data_3,fixed_B0_sensor_3,107,305,198,harmonized_hand_active_board10,train
2,0,2,0,0,1,3,[3.0],False,B0_trial2_rep0_attempt0.csv,/Users/arthu/Desktop/CTM_Res-Pro/data/reach_to_grasp_dataset/data/participant_2/motion/B0_trial2_rep0_attempt0.csv,3,3,False,,,2,trial_number,3,board_data_3,fixed_B0_sensor_3,227,277,50,harmonized_hand_active_board10,train
2,0,2,1,0,1,3,[3.0],False,B0_trial2_rep1_attempt0.csv,/Users/arthu/Desktop/CTM_Res-Pro/data/reach_to_grasp_dataset/data/participant_2/motion/B0_trial2_rep1_attempt0.csv,3,3,False,,,2,trial_number,3,board_data_3,fixed_B0_sensor_3,266,319,53,harmonized_hand_active_board10,train
2,0,2,2,0,1,3,[3.0],False,B0_trial2_rep2_attempt0.csv,/Users/arthu/Desktop/CTM_Res-Pro/data/reach_to_grasp_dataset/data/participant_2/motion/B0_trial2_rep2_attempt0.csv,3,3,False,,,2,trial_number,3,board_data_3,fixed_B0_sensor_3,274,333,59,harmonized_hand_active_board10,train
2,0,2,3,0,1,3,[3.0],False,B0_trial2_rep3_attempt0.csv,/Users/arthu/Desktop/CTM_Res-Pro/data/reach_to_grasp_dataset/data/participant_2/motion/B0_trial2_rep3_attempt0.csv,3,3,False,,,2,trial_number,3,board_data_3,fixed_B0_sensor_3,233,312,79,harmonized_hand_active_board10,train
2,0,2,4,0,1,3,[3.0],False,B0_trial2_rep4_attempt0.csv,/Users/arthu/Desktop/CTM_Res-Pro/data/reach_to_grasp_dataset/data/participant_2/motion/B0_trial2_rep4_attempt0.csv,3,3,False,,,2,trial_number,3,board_data_3,fixed_B0_sensor_3,231,294,63,harmonized_hand_active_board10,train
2,0,2,5,0,1,3,[3.0],False,B0_trial2_rep5_attempt0.csv,/Users/arthu/Desktop/CTM_Res-Pro/data/reach_to_grasp_dataset/data/participant_2/motion/B0_trial2_rep5_attempt0.csv,3,3,False,,,2,trial_number,3,board_data_3,fixed_B0_sensor_3,228,285,57,harmonized_hand_active_board10,train
2,0,2,6,0,1,3,[3.0],False,B0_trial2_rep6_attempt0.csv,/Users/arthu/Desktop/CTM_Res-Pro/data/reach_to_grasp_dataset/data/participant_2/motion/B0_trial2_rep6_attempt0.csv,3,3,False,,,2,trial_number,3,board_data_3,fixed_B0_sensor_3,237,297,60,harmonized_hand_active_board10,train
2,0,2,7,0,1,3,[3.0],False,B0_trial2_rep7_attempt0.csv,/Users/arthu/Desktop/CTM_Res-Pro/data/reach_to_grasp_dataset/data/participant_2/motion/B0_trial2_rep7_attempt0.csv,3,3,False,,,2,trial_number,3,board_data_3,fixed_B0_sensor_3,266,330,64,harmonized_hand_active_board10,train
2,0,3,0,0,1,3,[3.0],False,B0_trial3_rep0_attempt0.csv,/Users/arthu/Desktop/CTM_Res-Pro/data/reach_to_grasp_dataset/data/participant_2/motion/B0_trial3_rep0_attempt0.csv,3,3,False,,,3,trial_number,3,board_data_3,fixed_B0_sensor_3,227,280,53,harmonized_hand_active_board10,train
2,0,3,1,0,1,3,[3.0],False,B0_trial3_rep1_attempt0.csv,/Users/arthu/Desktop/CTM_Res-Pro/data/reach_to_grasp_dataset/data/participant_2/motion/B0_trial3_rep1_attempt0.csv,3,3,False,,,3,trial_number,3,board_data_3,fixed_B0_sensor_3,309,376,67,harmonized_hand_active_board10,train
2,0,3,2,0,1,3,[3.0],False,B0_trial3_rep2_attempt0.csv,/Users/arthu/Desktop/CTM_Res-Pro/data/reach_to_grasp_dataset/data/participant_2/motion/B0_trial3_rep2_attempt0.csv,3,3,False,,,3,trial_number,3,board_data_3,fixed_B0_sensor_3,224,278,54,harmonized_hand_active_board10,train
2,0,3,3,0,1,3,[3.0],False,B0_trial3_rep3_attempt0.csv,/Users/arthu/Desktop/CTM_Res-Pro/data/reach_to_grasp_dataset/data/participant_2/motion/B0_trial3_rep3_attempt0.csv,3,3,False,,,3,trial_number,3,board_data_3,fixed_B0_sensor_3,384,386,2,harmonized_hand_active_board10,train
2,0,3,4,0,1,3,[3.0],False,B0_trial3_rep4_attempt0.csv,/Users/arthu/Desktop/CTM_Res-Pro/data/reach_to_grasp_dataset/data/participant_2/motion/B0_trial3_rep4_attempt0.csv,3,3,False,,,3,trial_number,3,board_data_3,fixed_B0_sensor_3,233,283,50,harmonized_hand_active_board10,train
2,0,3,5,0,1,3,[3.0],False,B0_trial3_rep5_attempt0.csv,/Users/arthu/Desktop/CTM_Res-Pro/data/reach_to_grasp_dataset/data/participant_2/motion/B0_trial3_rep5_attempt0.csv,3,3,False,,,3,trial_number,3,board_data_3,fixed_B0_sensor_3,311,314,3,harmonized_hand_active_board10,train
2,0,3,6,0,1,3,[3.0],False,B0_trial3_rep6_attempt0.csv,/Users/arthu/Desktop/CTM_Res-Pro/data/reach_to_grasp_dataset/data/participant_2/motion/B0_trial3_rep6_attempt0.csv,3,3,False,,,3,trial_number,3,board_data_3,fixed_B0_sensor_3,252,300,48,harmonized_hand_active_board10,train
2,0,3,7,0,1,3,[3.0],False,B0_trial3_rep7_attempt0.csv,/Users/arthu/Desktop/CTM_Res-Pro/data/reach_to_grasp_dataset/data/participant_2/motion/B0_trial3_rep7_attempt0.csv,3,3,False,,,3,trial_number,3,board_data_3,fixed_B0_sensor_3,7,74,67,harmonized_hand_active_board10,train
2,0,4,1,0,1,3,[3.0],False,B0_trial4_rep1_attempt0.csv,/Users/arthu/Desktop/CTM_Res-Pro/data/reach_to_grasp_dataset/data/participant_2/motion/B0_trial4_rep1_attempt0.csv,3,3,False,,,4,trial_number,3,board_data_3,fixed_B0_sensor_3,230,283,53,harmonized_hand_active_board10,train
2,0,4,2,0,1,3,[3.0],False,B0_trial4_rep2_attempt0.csv,/Users/arthu/Desktop/CTM_Res-Pro/data/reach_to_grasp_dataset/data/participant_2/motion/B0_trial4_rep2_attempt0.csv,3,3,False,,,4,trial_number,3,board_data_3,fixed_B0_sensor_3,298,300,2,harmonized_hand_active_board10,train
2,0,4,3,0,1,3,[3.0],False,B0_trial4_rep3_attempt0.csv,/Users/arthu/Desktop/CTM_Res-Pro/data/reach_to_grasp_dataset/data/participant_2/motion/B0_trial4_rep3_attempt0.csv,3,3,False,,,4,trial_number,3,board_data_3,fixed_B0_sensor_3,263,312,49,harmonized_hand_active_board10,train
2,0,4,4,0,1,3,[3.0],False,B0_trial4_rep4_attempt0.csv,/Users/arthu/Desktop/CTM_Res-Pro/data/reach_to_grasp_dataset/data/participant_2/motion/B0_trial4_rep4_attempt0.csv,3,3,False,,,4,trial_number,3,board_data_3,fixed_B0_sensor_3,78,117,39,harmonized_hand_active_board10,train
2,0,4,5,0,1,3,[3.0],False,B0_trial4_rep5_attempt0.csv,/Users/arthu/Desktop/CTM_Res-Pro/data/reach_to_grasp_dataset/data/participant_2/motion/B0_trial4_rep5_attempt0.csv,3,3,False,,,4,trial_number,3,board_data_3,fixed_B0_sensor_3,220,262,42,harmonized_hand_active_board10,train
2,0,4,6,0,1,3,[3.0],False,B0_trial4_rep6_attempt0.csv,/Users/arthu/Desktop/CTM_Res-Pro/data/reach_to_grasp_dataset/data/participant_2/motion/B0_trial4_rep6_attempt0.csv,3,3,False,,,4,trial_number,3,board_data_3,fixed_B0_sensor_3,222,262,40,harmonized_hand_active_board10,train
2,0,4,7,0,1,3,[3.0],False,B0_trial4_rep7_attempt0.csv,/Users/arthu/Desktop/CTM_Res-Pro/data/reach_to_grasp_dataset/data/participant_2/motion/B0_trial4_rep7_attempt0.csv,3,3,False,,,4,trial_number,3,board_data_3,fixed_B0_sensor_3,288,296,8,harmonized_hand_active_board10,train
2,0,5,0,0,1,3,[3.0],False,B0_trial5_rep0_attempt0.csv,/Users/arthu/Desktop/CTM_Res-Pro/data/reach_to_grasp_dataset/data/participant_2/motion/B0_trial5_rep0_attempt0.csv,3,3,False,,,5,trial_number,3,board_data_3,fixed_B0_sensor_3,334,391,57,harmonized_hand_active_board10,train
2,0,5,1,0,1,3,[3.0],False,B0_trial5_rep1_attempt0.csv,/Users/arthu/Desktop/CTM_Res-Pro/data/reach_to_grasp_dataset/data/participant_2/motion/B0_trial5_rep1_attempt0.csv,3,3,False,,,5,trial_number,3,board_data_3,fixed_B0_sensor_3,234,275,41,harmonized_hand_active_board10,train
2,0,5,2,0,1,3,[3.0],False,B0_trial5_rep2_attempt0.csv,/Users/arthu/Desktop/CTM_Res-Pro/data/reach_to_grasp_dataset/data/participant_2/motion/B0_trial5_rep2_attempt0.csv,3,3,False,,,5,trial_number,3,board_data_3,fixed_B0_sensor_3,220,274,54,harmonized_hand_active_board10,train
2,0,5,3,0,1,3,[3.0],False,B0_trial5_rep3_attempt0.csv,/Users/arthu/Desktop/CTM_Res-Pro/data/reach_to_grasp_dataset/data/participant_2/motion/B0_trial5_rep3_attempt0.csv,3,3,False,,,5,trial_number,3,board_data_3,fixed_B0_sensor_3,222,269,47,harmonized_hand_active_board10,train
2,0,5,4,0,1,3,[3.0],False,B0_trial5_rep4_attempt0.csv,/Users/arthu/Desktop/CTM_Res-Pro/data/reach_to_grasp_dataset/data/participant_2/motion/B0_trial5_rep4_attempt0.csv,3,3,False,,,5,trial_number,3,board_data_3,fixed_B0_sensor_3,240,288,48,harmonized_hand_active_board10,train
2,0,5,5,0,1,3,[3.0],False,B0_trial5_rep5_attempt0.csv,/Users/arthu/Desktop/CTM_Res-Pro/data/reach_to_grasp_dataset/data/participant_2/motion/B0_trial5_rep5_attempt0.csv,3,3,False,,,5,trial_number,3,board_data_3,fixed_B0_sensor_3,276,332,56,harmonized_hand_active_board10,train
2,0,5,6,0,1,3,[3.0],False,B0_trial5_rep6_attempt0.csv,/Users/arthu/Desktop/CTM_Res-Pro/data/reach_to_grasp_dataset/data/participant_2/motion/B0_trial5_rep6_attempt0.csv,3,3,False,,,5,trial_number,3,board_data_3,fixed_B0_sensor_3,237,290,53,harmonized_hand_active_board10,train
2,0,5,7,0,1,3,[3.0],False,B0_trial5_rep7_attempt0.csv,/Users/arthu/Desktop/CTM_Res-Pro/data/reach_to_grasp_dataset/data/participant_2/motion/B0_trial5_rep7_attempt0.csv,3,3,False,,,5,trial_number,3,board_data_3,fixed_B0_sensor_3,254,303,49,harmonized_hand_active_board10,train
2,0,6,0,0,1,3,[3.0],False,B0_trial6_rep0_attempt0.csv,/Users/arthu/Desktop/CTM_Res-Pro/data/reach_to_grasp_dataset/data/participant_2/motion/B0_trial6_rep0_attempt0.csv,3,3,False,,,6,trial_number,3,board_data_3,fixed_B0_sensor_3,280,289,9,harmonized_hand_active_board10,train
2,0,6,1,0,1,3,[3.0],False,B0_trial6_rep1_attempt0.csv,/Users/arthu/Desktop/CTM_Res-Pro/data/reach_to_grasp_dataset/data/participant_2/motion/B0_trial6_rep1_attempt0.csv,3,3,False,,,6,trial_number,3,board_data_3,fixed_B0_sensor_3,287,344,57,harmonized_hand_active_board10,train
2,0,6,2,0,1,3,[3.0],False,B0_trial6_rep2_attempt0.csv,/Users/arthu/Desktop/CTM_Res-Pro/data/reach_to_grasp_dataset/data/participant_2/motion/B0_trial6_rep2_attempt0.csv,3,3,False,,,6,trial_number,3,board_data_3,fixed_B0_sensor_3,247,295,48,harmonized_hand_active_board10,train
2,0,6,3,0,1,3,[3.0],False,B0_trial6_rep3_attempt0.csv,/Users/arthu/Desktop/CTM_Res-Pro/data/reach_to_grasp_dataset/data/participant_2/motion/B0_trial6_rep3_attempt0.csv,3,3,False,,,6,trial_number,3,board_data_3,fixed_B0_sensor_3,229,265,36,harmonized_hand_active_board10,train
2,0,6,4,0,1,3,[3.0],False,B0_trial6_rep4_attempt0.csv,/Users/arthu/Desktop/CTM_Res-Pro/data/reach_to_grasp_dataset/data/participant_2/motion/B0_trial6_rep4_attempt0.csv,3,3,False,,,6,trial_number,3,board_data_3,fixed_B0_sensor_3,248,297,49,harmonized_hand_active_board10,train
2,0,6,5,0,1,3,[3.0],False,B0_trial6_rep5_attempt0.csv,/Users/arthu/Desktop/CTM_Res-Pro/data/reach_to_grasp_dataset/data/participant_2/motion/B0_trial6_rep5_attempt0.csv,3,3,False,,,6,trial_number,3,board_data_3,fixed_B0_sensor_3,219,256,37,harmonized_hand_active_board10,train
2,0,6,6,0,1,3,[3.0],False,B0_trial6_rep6_attempt0.csv,/Users/arthu/Desktop/CTM_Res-Pro/data/reach_to_grasp_dataset/data/participant_2/motion/B0_trial6_rep6_attempt0.csv,3,3,False,,,6,trial_number,3,board_data_3,fixed_B0_sensor_3,251,304,53,harmonized_hand_active_board10,train
2,0,6,7,0,1,3,[3.0],False,B0_trial6_rep7_attempt0.csv,/Users/arthu/Desktop/CTM_Res-Pro/data/reach_to_grasp_dataset/data/participant_2/motion/B0_trial6_rep7_attempt0.csv,3,3,False,,,6,trial_number,3,board_data_3,fixed_B0_sensor_3,227,270,43,harmonized_hand_active_board10,train
2,0,7,0,0,1,3,[3.0],False,B0_trial7_rep0_attempt0.csv,/Users/arthu/Desktop/CTM_Res-Pro/data/reach_to_grasp_dataset/data/participant_2/motion/B0_trial7_rep0_attempt0.csv,3,3,False,,,7,trial_number,3,board_data_3,fixed_B0_sensor_3,222,259,37,harmonized_hand_active_board10,train
2,0,7,1,0,1,3,[3.0],False,B0_trial7_rep1_attempt0.csv,/Users/arthu/Desktop/CTM_Res-Pro/data/reach_to_grasp_dataset/data/participant_2/motion/B0_trial7_rep1_attempt0.csv,3,3,False,,,7,trial_number,3,board_data_3,fixed_B0_sensor_3,228,273,45,harmonized_hand_active_board10,train
2,0,7,2,0,1,3,[3.0],False,B0_trial7_rep2_attempt0.csv,/Users/arthu/Desktop/CTM_Res-Pro/data/reach_to_grasp_dataset/data/participant_2/motion/B0_trial7_rep2_attempt0.csv,3,3,False,,,7,trial_number,3,board_data_3,fixed_B0_sensor_3,300,356,56,harmonized_hand_active_board10,train
2,0,7,3,0,1,3,[3.0],False,B0_trial7_rep3_attempt0.csv,/Users/arthu/Desktop/CTM_Res-Pro/data/reach_to_grasp_dataset/data/participant_2/motion/B0_trial7_rep3_attempt0.csv,3,3,False,,,7,trial_number,3,board_data_3,fixed_B0_sensor_3,255,303,48,harmonized_hand_active_board10,train
2,0,7,4,0,1,3,[3.0],False,B0_trial7_rep4_attempt0.csv,/Users/arthu/Desktop/CTM_Res-Pro/data/reach_to_grasp_dataset/data/participant_2/motion/B0_trial7_rep4_attempt0.csv,3,3,False,,,7,trial_number,3,board_data_3,fixed_B0_sensor_3,274,317,43,harmonized_hand_active_board10,train
2,0,7,5,0,1,3,[3.0],False,B0_trial7_rep5_attempt0.csv,/Users/arthu/Desktop/CTM_Res-Pro/data/reach_to_grasp_dataset/data/participant_2/motion/B0_trial7_rep5_attempt0.csv,3,3,False,,,7,trial_number,3,board_data_3,fixed_B0_sensor_3,227,287,60,harmonized_hand_active_board10,train
2,0,7,6,0,1,3,[3.0],False,B0_trial7_rep6_attempt0.csv,/Users/arthu/Desktop/CTM_Res-Pro/data/reach_to_grasp_dataset/data/participant_2/motion/B0_trial7_rep6_attempt0.csv,3,3,False,,,7,trial_number,3,board_data_3,fixed_B0_sensor_3,349,363,14,harmonized_hand_active_board10,train
2,0,7,7,0,1,3,[3.0],False,B0_trial7_rep7_attempt0.csv,/Users/arthu/Desktop/CTM_Res-Pro/data/reach_to_grasp_dataset/data/participant_2/motion/B0_trial7_rep7_attempt0.csv,3,3,False,,,7,trial_number,3,board_data_3,fixed_B0_sensor_3,221,274,53,harmonized_hand_active_board10,train
2,1,0,0,0,1,0,"[3.0, 0.0]",True,B1_trial0_rep0_attempt0.csv,/Users/arthu/Desktop/CTM_Res-Pro/data/reach_to_grasp_dataset/data/participant_2/motion/B1_trial0_rep0_attempt0.csv,0,0,True,1.0,B1_trial0_rep1_attempt0.csv,0,target_object_corrected,0,board_data_0,trial_number,214,270,56,harmonized_hand_active_board10,test
2,1,0,1,0,1,0,[0.0],False,B1_trial0_rep1_attempt0.csv,/Users/arthu/Desktop/CTM_Res-Pro/data/reach_to_grasp_dataset/data/participant_2/motion/B1_trial0_rep1_attempt0.csv,0,0,False,,,0,target_object_corrected,0,board_data_0,trial_number,207,253,46,harmonized_hand_active_board10,test
2,1,0,2,0,1,0,[0.0],False,B1_trial0_rep2_attempt0.csv,/Users/arthu/Desktop/CTM_Res-Pro/data/reach_to_grasp_dataset/data/participant_2/motion/B1_trial0_rep2_attempt0.csv,0,0,False,,,0,target_object_corrected,0,board_data_0,trial_number,214,253,39,harmonized_hand_active_board10,test
2,1,0,3,0,1,0,[0.0],False,B1_trial0_rep3_attempt0.csv,/Users/arthu/Desktop/CTM_Res-Pro/data/reach_to_grasp_dataset/data/participant_2/motion/B1_trial0_rep3_attempt0.csv,0,0,False,,,0,target_object_corrected,0,board_data_0,trial_number,217,257,40,harmonized_hand_active_board10,test
2,1,1,0,0,1,1,"[0.0, 1.0]",True,B1_trial1_rep0_attempt0.csv,/Users/arthu/Desktop/CTM_Res-Pro/data/reach_to_grasp_dataset/data/participant_2/motion/B1_trial1_rep0_attempt0.csv,1,1,True,1.0,B1_trial1_rep1_attempt0.csv,1,target_object_corrected,1,board_data_1,trial_number,392,451,59,harmonized_hand_active_board10,test
2,1,1,1,0,1,1,[1.0],False,B1_trial1_rep1_attempt0.csv,/Users/arthu/Desktop/CTM_Res-Pro/data/reach_to_grasp_dataset/data/participant_2/motion/B1_trial1_rep1_attempt0.csv,1,1,False,,,1,target_object_corrected,1,board_data_1,trial_number,222,279,57,harmonized_hand_active_board10,test
2,1,1,2,0,1,1,[1.0],False,B1_trial1_rep2_attempt0.csv,/Users/arthu/Desktop/CTM_Res-Pro/data/reach_to_grasp_dataset/data/participant_2/motion/B1_trial1_rep2_attempt0.csv,1,1,False,,,1,target_object_corrected,1,board_data_1,trial_number,208,270,62,harmonized_hand_active_board10,test
2,1,1,3,0,1,1,[1.0],False,B1_trial1_rep3_attempt0.csv,/Users/arthu/Desktop/CTM_Res-Pro/data/reach_to_grasp_dataset/data/participant_2/motion/B1_trial1_rep3_attempt0.csv,1,1,False,,,1,target_object_corrected,1,board_data_1,trial_number,223,290,67,harmonized_hand_active_board10,test
2,1,2,0,1,1,2,[2.0],False,B1_trial2_rep0_attempt1.csv,/Users/arthu/Desktop/CTM_Res-Pro/data/reach_to_grasp_dataset/data/participant_2/motion/B1_trial2_rep0_attempt1.csv,2,2,True,1.0,B1_trial2_rep1_attempt0.csv,2,target_object_corrected,2,board_data_2,trial_number,164,230,66,harmonized_hand_active_board10,test
2,1,2,1,0,1,2,[2.0],False,B1_trial2_rep1_attempt0.csv,/Users/arthu/Desktop/CTM_Res-Pro/data/reach_to_grasp_dataset/data/participant_2/motion/B1_trial2_rep1_attempt0.csv,2,2,False,,,2,target_object_corrected,2,board_data_2,trial_number,213,265,52,harmonized_hand_active_board10,test
2,1,2,2,0,1,2,[2.0],False,B1_trial2_rep2_attempt0.csv,/Users/arthu/Desktop/CTM_Res-Pro/data/reach_to_grasp_dataset/data/participant_2/motion/B1_trial2_rep2_attempt0.csv,2,2,False,,,2,target_object_corrected,2,board_data_2,trial_number,230,268,38,harmonized_hand_active_board10,test
2,1,2,3,0,1,2,[2.0],False,B1_trial2_rep3_attempt0.csv,/Users/arthu/Desktop/CTM_Res-Pro/data/reach_to_grasp_dataset/data/participant_2/motion/B1_trial2_rep3_attempt0.csv,2,2,False,,,2,target_object_corrected,2,board_data_2,trial_number,237,322,85,harmonized_hand_active_board10,test
2,1,3,0,0,1,3,"[2.0, 3.0]",True,B1_trial3_rep0_attempt0.csv,/Users/arthu/Desktop/CTM_Res-Pro/data/reach_to_grasp_dataset/data/participant_2/motion/B1_trial3_rep0_attempt0.csv,3,3,True,1.0,B1_trial3_rep1_attempt0.csv,3,target_object_corrected,3,board_data_3,trial_number,185,261,76,harmonized_hand_active_board10,test
2,1,3,1,0,1,3,[3.0],False,B1_trial3_rep1_attempt0.csv,/Users/arthu/Desktop/CTM_Res-Pro/data/reach_to_grasp_dataset/data/participant_2/motion/B1_trial3_rep1_attempt0.csv,3,3,False,,,3,target_object_corrected,3,board_data_3,trial_number,19,127,108,harmonized_hand_active_board10,test
2,1,3,2,1,1,3,[3.0],False,B1_trial3_rep2_attempt1.csv,/Users/arthu/Desktop/CTM_Res-Pro/data/reach_to_grasp_dataset/data/participant_2/motion/B1_trial3_rep2_attempt1.csv,3,3,False,,,3,target_object_corrected,3,board_data_3,trial_number,270,298,28,harmonized_hand_active_board10,test
2,1,3,3,0,1,3,[3.0],False,B1_trial3_rep3_attempt0.csv,/Users/arthu/Desktop/CTM_Res-Pro/data/reach_to_grasp_dataset/data/participant_2/motion/B1_trial3_rep3_attempt0.csv,3,3,False,,,3,target_object_corrected,3,board_data_3,trial_number,250,310,60,harmonized_hand_active_board10,test
2,1,4,0,0,1,4,"[3.0, 4.0]",True,B1_trial4_rep0_attempt0.csv,/Users/arthu/Desktop/CTM_Res-Pro/data/reach_to_grasp_dataset/data/participant_2/motion/B1_trial4_rep0_attempt0.csv,4,4,True,1.0,B1_trial4_rep1_attempt0.csv,4,target_object_corrected,4,board_data_4,trial_number,231,297,66,harmonized_hand_active_board10,test
2,1,4,1,0,1,4,[4.0],False,B1_trial4_rep1_attempt0.csv,/Users/arthu/Desktop/CTM_Res-Pro/data/reach_to_grasp_dataset/data/participant_2/motion/B1_trial4_rep1_attempt0.csv,4,4,False,,,4,target_object_corrected,4,board_data_4,trial_number,247,316,69,harmonized_hand_active_board10,test
2,1,4,2,0,1,4,[4.0],False,B1_trial4_rep2_attempt0.csv,/Users/arthu/Desktop/CTM_Res-Pro/data/reach_to_grasp_dataset/data/participant_2/motion/B1_trial4_rep2_attempt0.csv,4,4,False,,,4,target_object_corrected,4,board_data_4,trial_number,326,376,50,harmonized_hand_active_board10,test
2,1,4,3,0,1,4,[4.0],False,B1_trial4_rep3_attempt0.csv,/Users/arthu/Desktop/CTM_Res-Pro/data/reach_to_grasp_dataset/data/participant_2/motion/B1_trial4_rep3_attempt0.csv,4,4,False,,,4,target_object_corrected,4,board_data_4,trial_number,231,321,90,harmonized_hand_active_board10,test
2,1,5,0,0,1,5,"[4.0, 5.0]",True,B1_trial5_rep0_attempt0.csv,/Users/arthu/Desktop/CTM_Res-Pro/data/reach_to_grasp_dataset/data/participant_2/motion/B1_trial5_rep0_attempt0.csv,5,5,True,1.0,B1_trial5_rep1_attempt0.csv,5,target_object_corrected,5,board_data_5,trial_number,221,292,71,harmonized_hand_active_board10,test
2,1,5,1,0,1,5,[5.0],False,B1_trial5_rep1_attempt0.csv,/Users/arthu/Desktop/CTM_Res-Pro/data/reach_to_grasp_dataset/data/participant_2/motion/B1_trial5_rep1_attempt0.csv,5,5,False,,,5,target_object_corrected,5,board_data_5,trial_number,109,206,97,harmonized_hand_active_board10,test
2,1,5,2,0,1,5,[5.0],False,B1_trial5_rep2_attempt0.csv,/Users/arthu/Desktop/CTM_Res-Pro/data/reach_to_grasp_dataset/data/participant_2/motion/B1_trial5_rep2_attempt0.csv,5,5,False,,,5,target_object_corrected,5,board_data_5,trial_number,256,317,61,harmonized_hand_active_board10,test
2,1,5,3,0,1,5,[5.0],False,B1_trial5_rep3_attempt0.csv,/Users/arthu/Desktop/CTM_Res-Pro/data/reach_to_grasp_dataset/data/participant_2/motion/B1_trial5_rep3_attempt0.csv,5,5,False,,,5,target_object_corrected,5,board_data_5,trial_number,221,284,63,harmonized_hand_active_board10,test
2,1,6,0,0,1,6,"[5.0, 6.0]",True,B1_trial6_rep0_attempt0.csv,/Users/arthu/Desktop/CTM_Res-Pro/data/reach_to_grasp_dataset/data/participant_2/motion/B1_trial6_rep0_attempt0.csv,6,6,True,1.0,B1_trial6_rep1_attempt0.csv,6,target_object_corrected,6,board_data_6,trial_number,250,349,99,harmonized_hand_active_board10,test
2,1,6,1,0,1,6,[6.0],False,B1_trial6_rep1_attempt0.csv,/Users/arthu/Desktop/CTM_Res-Pro/data/reach_to_grasp_dataset/data/participant_2/motion/B1_trial6_rep1_attempt0.csv,6,6,False,,,6,target_object_corrected,6,board_data_6,trial_number,223,298,75,harmonized_hand_active_board10,test
2,1,6,2,0,1,6,[6.0],False,B1_trial6_rep2_attempt0.csv,/Users/arthu/Desktop/CTM_Res-Pro/data/reach_to_grasp_dataset/data/participant_2/motion/B1_trial6_rep2_attempt0.csv,6,6,False,,,6,target_object_corrected,6,board_data_6,trial_number,251,314,63,harmonized_hand_active_board10,test
2,1,6,3,0,1,6,[6.0],False,B1_trial6_rep3_attempt0.csv,/Users/arthu/Desktop/CTM_Res-Pro/data/reach_to_grasp_dataset/data/participant_2/motion/B1_trial6_rep3_attempt0.csv,6,6,False,,,6,target_object_corrected,6,board_data_6,trial_number,233,288,55,harmonized_hand_active_board10,test
2,1,7,0,0,1,7,"[6.0, 7.0]",True,B1_trial7_rep0_attempt0.csv,/Users/arthu/Desktop/CTM_Res-Pro/data/reach_to_grasp_dataset/data/participant_2/motion/B1_trial7_rep0_attempt0.csv,7,7,True,1.0,B1_trial7_rep1_attempt0.csv,7,target_object_corrected,7,board_data_7,trial_number,280,352,72,harmonized_hand_active_board10,test
2,1,7,1,0,1,7,[7.0],False,B1_trial7_rep1_attempt0.csv,/Users/arthu/Desktop/CTM_Res-Pro/data/reach_to_grasp_dataset/data/participant_2/motion/B1_trial7_rep1_attempt0.csv,7,7,False,,,7,target_object_corrected,7,board_data_7,trial_number,99,197,98,harmonized_hand_active_board10,test
2,1,7,2,0,1,7,[7.0],False,B1_trial7_rep2_attempt0.csv,/Users/arthu/Desktop/CTM_Res-Pro/data/reach_to_grasp_dataset/data/participant_2/motion/B1_trial7_rep2_attempt0.csv,7,7,False,,,7,target_object_corrected,7,board_data_7,trial_number,207,279,72,harmonized_hand_active_board10,test
2,1,7,3,0,1,7,[7.0],False,B1_trial7_rep3_attempt0.csv,/Users/arthu/Desktop/CTM_Res-Pro/data/reach_to_grasp_dataset/data/participant_2/motion/B1_trial7_rep3_attempt0.csv,7,7,False,,,7,target_object_corrected,7,board_data_7,trial_number,226,292,66,harmonized_hand_active_board10,test
2,2,0,0,0,1,7,[7.0],False,B2_trial0_rep0_attempt0.csv,/Users/arthu/Desktop/CTM_Res-Pro/data/reach_to_grasp_dataset/data/participant_2/motion/B2_trial0_rep0_attempt0.csv,7,7,True,1.0,B2_trial0_rep1_attempt0.csv,7,target_object_corrected,0,board_data_0,trial_number,213,276,63,harmonized_hand_active_board10,test
2,2,0,1,0,1,7,[7.0],False,B2_trial0_rep1_attempt0.csv,/Users/arthu/Desktop/CTM_Res-Pro/data/reach_to_grasp_dataset/data/participant_2/motion/B2_trial0_rep1_attempt0.csv,7,7,False,,,7,target_object_corrected,0,board_data_0,trial_number,219,277,58,harmonized_hand_active_board10,test
2,2,0,2,0,1,7,[7.0],False,B2_trial0_rep2_attempt0.csv,/Users/arthu/Desktop/CTM_Res-Pro/data/reach_to_grasp_dataset/data/participant_2/motion/B2_trial0_rep2_attempt0.csv,7,7,False,,,7,target_object_corrected,0,board_data_0,trial_number,213,272,59,harmonized_hand_active_board10,test
2,2,0,3,0,1,7,[7.0],False,B2_trial0_rep3_attempt0.csv,/Users/arthu/Desktop/CTM_Res-Pro/data/reach_to_grasp_dataset/data/participant_2/motion/B2_trial0_rep3_attempt0.csv,7,7,False,,,7,target_object_corrected,0,board_data_0,trial_number,227,297,70,harmonized_hand_active_board10,test
2,2,1,0,0,1,6,"[0.0, 6.0]",True,B2_trial1_rep0_attempt0.csv,/Users/arthu/Desktop/CTM_Res-Pro/data/reach_to_grasp_dataset/data/participant_2/motion/B2_trial1_rep0_attempt0.csv,6,6,True,1.0,B2_trial1_rep1_attempt0.csv,6,target_object_corrected,1,board_data_1,trial_number,225,297,72,harmonized_hand_active_board10,test
2,2,1,1,0,1,6,[6.0],False,B2_trial1_rep1_attempt0.csv,/Users/arthu/Desktop/CTM_Res-Pro/data/reach_to_grasp_dataset/data/participant_2/motion/B2_trial1_rep1_attempt0.csv,6,6,False,,,6,target_object_corrected,1,board_data_1,trial_number,213,272,59,harmonized_hand_active_board10,test
2,2,1,2,0,1,6,[6.0],False,B2_trial1_rep2_attempt0.csv,/Users/arthu/Desktop/CTM_Res-Pro/data/reach_to_grasp_dataset/data/participant_2/motion/B2_trial1_rep2_attempt0.csv,6,6,False,,,6,target_object_corrected,1,board_data_1,trial_number,204,258,54,harmonized_hand_active_board10,test
2,2,1,3,0,1,6,[6.0],False,B2_trial1_rep3_attempt0.csv,/Users/arthu/Desktop/CTM_Res-Pro/data/reach_to_grasp_dataset/data/participant_2/motion/B2_trial1_rep3_attempt0.csv,6,6,False,,,6,target_object_corrected,1,board_data_1,trial_number,294,348,54,harmonized_hand_active_board10,test
2,2,2,0,0,1,5,"[1.0, 5.0]",True,B2_trial2_rep0_attempt0.csv,/Users/arthu/Desktop/CTM_Res-Pro/data/reach_to_grasp_dataset/data/participant_2/motion/B2_trial2_rep0_attempt0.csv,5,5,True,1.0,B2_trial2_rep1_attempt0.csv,5,target_object_corrected,2,board_data_2,trial_number,223,284,61,harmonized_hand_active_board10,test
2,2,2,1,0,1,5,[5.0],False,B2_trial2_rep1_attempt0.csv,/Users/arthu/Desktop/CTM_Res-Pro/data/reach_to_grasp_dataset/data/participant_2/motion/B2_trial2_rep1_attempt0.csv,5,5,False,,,5,target_object_corrected,2,board_data_2,trial_number,246,302,56,harmonized_hand_active_board10,test
2,2,2,2,0,1,5,[5.0],False,B2_trial2_rep2_attempt0.csv,/Users/arthu/Desktop/CTM_Res-Pro/data/reach_to_grasp_dataset/data/participant_2/motion/B2_trial2_rep2_attempt0.csv,5,5,False,,,5,target_object_corrected,2,board_data_2,trial_number,220,278,58,harmonized_hand_active_board10,test
2,2,2,3,0,1,5,[5.0],False,B2_trial2_rep3_attempt0.csv,/Users/arthu/Desktop/CTM_Res-Pro/data/reach_to_grasp_dataset/data/participant_2/motion/B2_trial2_rep3_attempt0.csv,5,5,False,,,5,target_object_corrected,2,board_data_2,trial_number,227,289,62,harmonized_hand_active_board10,test
2,2,3,0,0,1,4,"[2.0, 4.0]",True,B2_trial3_rep0_attempt0.csv,/Users/arthu/Desktop/CTM_Res-Pro/data/reach_to_grasp_dataset/data/participant_2/motion/B2_trial3_rep0_attempt0.csv,4,4,True,1.0,B2_trial3_rep1_attempt0.csv,4,target_object_corrected,3,board_data_3,trial_number,177,180,3,harmonized_hand_active_board10,test
2,2,3,1,0,1,4,[4.0],False,B2_trial3_rep1_attempt0.csv,/Users/arthu/Desktop/CTM_Res-Pro/data/reach_to_grasp_dataset/data/participant_2/motion/B2_trial3_rep1_attempt0.csv,4,4,False,,,4,target_object_corrected,3,board_data_3,trial_number,321,324,3,harmonized_hand_active_board10,test
2,2,3,2,0,1,4,[4.0],False,B2_trial3_rep2_attempt0.csv,/Users/arthu/Desktop/CTM_Res-Pro/data/reach_to_grasp_dataset/data/participant_2/motion/B2_trial3_rep2_attempt0.csv,4,4,False,,,4,target_object_corrected,3,board_data_3,trial_number,417,420,3,harmonized_hand_active_board10,test
2,2,3,3,0,1,4,[4.0],False,B2_trial3_rep3_attempt0.csv,/Users/arthu/Desktop/CTM_Res-Pro/data/reach_to_grasp_dataset/data/participant_2/motion/B2_trial3_rep3_attempt0.csv,4,4,False,,,4,target_object_corrected,3,board_data_3,trial_number,361,363,2,harmonized_hand_active_board10,test
2,2,4,0,1,1,3,[3.0],False,B2_trial4_rep0_attempt1.csv,/Users/arthu/Desktop/CTM_Res-Pro/data/reach_to_grasp_dataset/data/participant_2/motion/B2_trial4_rep0_attempt1.csv,3,3,True,1.0,B2_trial4_rep1_attempt0.csv,3,target_object_corrected,4,board_data_4,trial_number,107,229,122,harmonized_hand_active_board10,test
2,2,4,1,0,1,3,[3.0],False,B2_trial4_rep1_attempt0.csv,/Users/arthu/Desktop/CTM_Res-Pro/data/reach_to_grasp_dataset/data/participant_2/motion/B2_trial4_rep1_attempt0.csv,3,3,False,,,3,target_object_corrected,4,board_data_4,trial_number,235,296,61,harmonized_hand_active_board10,test
2,2,4,2,0,1,3,[3.0],False,B2_trial4_rep2_attempt0.csv,/Users/arthu/Desktop/CTM_Res-Pro/data/reach_to_grasp_dataset/data/participant_2/motion/B2_trial4_rep2_attempt0.csv,3,3,False,,,3,target_object_corrected,4,board_data_4,trial_number,260,333,73,harmonized_hand_active_board10,test
2,2,4,3,0,1,3,[3.0],False,B2_trial4_rep3_attempt0.csv,/Users/arthu/Desktop/CTM_Res-Pro/data/reach_to_grasp_dataset/data/participant_2/motion/B2_trial4_rep3_attempt0.csv,3,3,False,,,3,target_object_corrected,4,board_data_4,trial_number,247,351,104,harmonized_hand_active_board10,test
2,2,5,0,0,1,2,"[4.0, 2.0]",True,B2_trial5_rep0_attempt0.csv,/Users/arthu/Desktop/CTM_Res-Pro/data/reach_to_grasp_dataset/data/participant_2/motion/B2_trial5_rep0_attempt0.csv,2,2,True,1.0,B2_trial5_rep1_attempt0.csv,2,target_object_corrected,5,board_data_5,trial_number,241,315,74,harmonized_hand_active_board10,test
2,2,5,1,0,1,2,[2.0],False,B2_trial5_rep1_attempt0.csv,/Users/arthu/Desktop/CTM_Res-Pro/data/reach_to_grasp_dataset/data/participant_2/motion/B2_trial5_rep1_attempt0.csv,2,2,False,,,2,target_object_corrected,5,board_data_5,trial_number,794,842,48,harmonized_hand_active_board10,test
2,2,5,2,0,1,2,[2.0],False,B2_trial5_rep2_attempt0.csv,/Users/arthu/Desktop/CTM_Res-Pro/data/reach_to_grasp_dataset/data/participant_2/motion/B2_trial5_rep2_attempt0.csv,2,2,False,,,2,target_object_corrected,5,board_data_5,trial_number,333,405,72,harmonized_hand_active_board10,test
2,2,5,3,0,1,2,[2.0],False,B2_trial5_rep3_attempt0.csv,/Users/arthu/Desktop/CTM_Res-Pro/data/reach_to_grasp_dataset/data/participant_2/motion/B2_trial5_rep3_attempt0.csv,2,2,False,,,2,target_object_corrected,5,board_data_5,trial_number,205,272,67,harmonized_hand_active_board10,test
2,2,6,0,0,1,1,"[5.0, 1.0]",True,B2_trial6_rep0_attempt0.csv,/Users/arthu/Desktop/CTM_Res-Pro/data/reach_to_grasp_dataset/data/participant_2/motion/B2_trial6_rep0_attempt0.csv,1,1,True,1.0,B2_trial6_rep1_attempt0.csv,1,target_object_corrected,6,board_data_6,trial_number,219,281,62,harmonized_hand_active_board10,test
2,2,6,1,0,1,1,[1.0],False,B2_trial6_rep1_attempt0.csv,/Users/arthu/Desktop/CTM_Res-Pro/data/reach_to_grasp_dataset/data/participant_2/motion/B2_trial6_rep1_attempt0.csv,1,1,False,,,1,target_object_corrected,6,board_data_6,trial_number,219,275,56,harmonized_hand_active_board10,test
2,2,6,2,0,1,1,[1.0],False,B2_trial6_rep2_attempt0.csv,/Users/arthu/Desktop/CTM_Res-Pro/data/reach_to_grasp_dataset/data/participant_2/motion/B2_trial6_rep2_attempt0.csv,1,1,False,,,1,target_object_corrected,6,board_data_6,trial_number,294,350,56,harmonized_hand_active_board10,test
2,2,6,3,0,1,1,[1.0],False,B2_trial6_rep3_attempt0.csv,/Users/arthu/Desktop/CTM_Res-Pro/data/reach_to_grasp_dataset/data/participant_2/motion/B2_trial6_rep3_attempt0.csv,1,1,False,,,1,target_object_corrected,6,board_data_6,trial_number,227,306,79,harmonized_hand_active_board10,test
2,2,7,0,0,1,0,"[6.0, 0.0]",True,B2_trial7_rep0_attempt0.csv,/Users/arthu/Desktop/CTM_Res-Pro/data/reach_to_grasp_dataset/data/participant_2/motion/B2_trial7_rep0_attempt0.csv,0,0,True,1.0,B2_trial7_rep1_attempt0.csv,0,target_object_corrected,7,board_data_7,trial_number,264,329,65,harmonized_hand_active_board10,test
2,2,7,1,0,1,0,[0.0],False,B2_trial7_rep1_attempt0.csv,/Users/arthu/Desktop/CTM_Res-Pro/data/reach_to_grasp_dataset/data/participant_2/motion/B2_trial7_rep1_attempt0.csv,0,0,False,,,0,target_object_corrected,7,board_data_7,trial_number,211,269,58,harmonized_hand_active_board10,test
2,2,7,2,0,1,0,[0.0],False,B2_trial7_rep2_attempt0.csv,/Users/arthu/Desktop/CTM_Res-Pro/data/reach_to_grasp_dataset/data/participant_2/motion/B2_trial7_rep2_attempt0.csv,0,0,False,,,0,target_object_corrected,7,board_data_7,trial_number,218,275,57,harmonized_hand_active_board10,test
2,2,7,3,0,1,0,[0.0],False,B2_trial7_rep3_attempt0.csv,/Users/arthu/Desktop/CTM_Res-Pro/data/reach_to_grasp_dataset/data/participant_2/motion/B2_trial7_rep3_attempt0.csv,0,0,False,,,0,target_object_corrected,7,board_data_7,trial_number,238,297,59,harmonized_hand_active_board10,test
2,3,0,0,0,1,3,"[7.0, 3.0]",True,B3_trial0_rep0_attempt0.csv,/Users/arthu/Desktop/CTM_Res-Pro/data/reach_to_grasp_dataset/data/participant_2/motion/B3_trial0_rep0_attempt0.csv,3,3,True,1.0,B3_trial0_rep1_attempt0.csv,3,target_object_corrected,0,board_data_0,trial_number,207,258,51,harmonized_hand_active_board10,test
2,3,0,1,0,1,3,[3.0],False,B3_trial0_rep1_attempt0.csv,/Users/arthu/Desktop/CTM_Res-Pro/data/reach_to_grasp_dataset/data/participant_2/motion/B3_trial0_rep1_attempt0.csv,3,3,False,,,3,target_object_corrected,0,board_data_0,trial_number,228,291,63,harmonized_hand_active_board10,test
2,3,0,2,0,1,3,[3.0],False,B3_trial0_rep2_attempt0.csv,/Users/arthu/Desktop/CTM_Res-Pro/data/reach_to_grasp_dataset/data/participant_2/motion/B3_trial0_rep2_attempt0.csv,3,3,False,,,3,target_object_corrected,0,board_data_0,trial_number,228,284,56,harmonized_hand_active_board10,test
2,3,0,3,0,1,3,[3.0],False,B3_trial0_rep3_attempt0.csv,/Users/arthu/Desktop/CTM_Res-Pro/data/reach_to_grasp_dataset/data/participant_2/motion/B3_trial0_rep3_attempt0.csv,3,3,False,,,3,target_object_corrected,0,board_data_0,trial_number,245,294,49,harmonized_hand_active_board10,test
2,3,1,0,1,1,2,[2.0],False,B3_trial1_rep0_attempt1.csv,/Users/arthu/Desktop/CTM_Res-Pro/data/reach_to_grasp_dataset/data/participant_2/motion/B3_trial1_rep0_attempt1.csv,2,2,True,1.0,B3_trial1_rep1_attempt0.csv,2,target_object_corrected,1,board_data_1,trial_number,74,122,48,harmonized_hand_active_board10,test
2,3,1,1,0,1,2,[2.0],False,B3_trial1_rep1_attempt0.csv,/Users/arthu/Desktop/CTM_Res-Pro/data/reach_to_grasp_dataset/data/participant_2/motion/B3_trial1_rep1_attempt0.csv,2,2,False,,,2,target_object_corrected,1,board_data_1,trial_number,73,207,134,harmonized_hand_active_board10,test
2,3,1,2,0,1,2,[2.0],False,B3_trial1_rep2_attempt0.csv,/Users/arthu/Desktop/CTM_Res-Pro/data/reach_to_grasp_dataset/data/participant_2/motion/B3_trial1_rep2_attempt0.csv,2,2,False,,,2,target_object_corrected,1,board_data_1,trial_number,270,317,47,harmonized_hand_active_board10,test
2,3,1,3,0,1,2,[2.0],False,B3_trial1_rep3_attempt0.csv,/Users/arthu/Desktop/CTM_Res-Pro/data/reach_to_grasp_dataset/data/participant_2/motion/B3_trial1_rep3_attempt0.csv,2,2,False,,,2,target_object_corrected,1,board_data_1,trial_number,224,273,49,harmonized_hand_active_board10,test
2,3,2,0,1,1,1,[1.0],False,B3_trial2_rep0_attempt1.csv,/Users/arthu/Desktop/CTM_Res-Pro/data/reach_to_grasp_dataset/data/participant_2/motion/B3_trial2_rep0_attempt1.csv,1,1,True,1.0,B3_trial2_rep1_attempt0.csv,1,target_object_corrected,2,board_data_2,trial_number,64,273,209,harmonized_hand_active_board10,test
2,3,2,1,0,1,1,[1.0],False,B3_trial2_rep1_attempt0.csv,/Users/arthu/Desktop/CTM_Res-Pro/data/reach_to_grasp_dataset/data/participant_2/motion/B3_trial2_rep1_attempt0.csv,1,1,False,,,1,target_object_corrected,2,board_data_2,trial_number,226,275,49,harmonized_hand_active_board10,test
2,3,2,2,0,1,1,[1.0],False,B3_trial2_rep2_attempt0.csv,/Users/arthu/Desktop/CTM_Res-Pro/data/reach_to_grasp_dataset/data/participant_2/motion/B3_trial2_rep2_attempt0.csv,1,1,False,,,1,target_object_corrected,2,board_data_2,trial_number,227,280,53,harmonized_hand_active_board10,test
2,3,2,3,0,1,1,[1.0],False,B3_trial2_rep3_attempt0.csv,/Users/arthu/Desktop/CTM_Res-Pro/data/reach_to_grasp_dataset/data/participant_2/motion/B3_trial2_rep3_attempt0.csv,1,1,False,,,1,target_object_corrected,2,board_data_2,trial_number,291,349,58,harmonized_hand_active_board10,test
2,3,3,0,0,1,0,"[2.0, 0.0]",True,B3_trial3_rep0_attempt0.csv,/Users/arthu/Desktop/CTM_Res-Pro/data/reach_to_grasp_dataset/data/participant_2/motion/B3_trial3_rep0_attempt0.csv,0,0,True,1.0,B3_trial3_rep1_attempt0.csv,0,target_object_corrected,3,board_data_3,trial_number,245,334,89,harmonized_hand_active_board10,test
2,3,3,1,0,1,0,[0.0],False,B3_trial3_rep1_attempt0.csv,/Users/arthu/Desktop/CTM_Res-Pro/data/reach_to_grasp_dataset/data/participant_2/motion/B3_trial3_rep1_attempt0.csv,0,0,False,,,0,target_object_corrected,3,board_data_3,trial_number,246,284,38,harmonized_hand_active_board10,test
2,3,3,2,0,1,0,[0.0],False,B3_trial3_rep2_attempt0.csv,/Users/arthu/Desktop/CTM_Res-Pro/data/reach_to_grasp_dataset/data/participant_2/motion/B3_trial3_rep2_attempt0.csv,0,0,False,,,0,target_object_corrected,3,board_data_3,trial_number,229,266,37,harmonized_hand_active_board10,test
2,3,3,3,0,1,0,[0.0],False,B3_trial3_rep3_attempt0.csv,/Users/arthu/Desktop/CTM_Res-Pro/data/reach_to_grasp_dataset/data/participant_2/motion/B3_trial3_rep3_attempt0.csv,0,0,False,,,0,target_object_corrected,3,board_data_3,trial_number,245,294,49,harmonized_hand_active_board10,test
2,3,4,0,0,1,7,"[3.0, 7.0]",True,B3_trial4_rep0_attempt0.csv,/Users/arthu/Desktop/CTM_Res-Pro/data/reach_to_grasp_dataset/data/participant_2/motion/B3_trial4_rep0_attempt0.csv,7,7,True,1.0,B3_trial4_rep1_attempt0.csv,7,target_object_corrected,4,board_data_4,trial_number,213,269,56,harmonized_hand_active_board10,test
2,3,4,1,0,1,7,[7.0],False,B3_trial4_rep1_attempt0.csv,/Users/arthu/Desktop/CTM_Res-Pro/data/reach_to_grasp_dataset/data/participant_2/motion/B3_trial4_rep1_attempt0.csv,7,7,False,,,7,target_object_corrected,4,board_data_4,trial_number,213,258,45,harmonized_hand_active_board10,test
2,3,4,2,0,1,7,[7.0],False,B3_trial4_rep2_attempt0.csv,/Users/arthu/Desktop/CTM_Res-Pro/data/reach_to_grasp_dataset/data/participant_2/motion/B3_trial4_rep2_attempt0.csv,7,7,False,,,7,target_object_corrected,4,board_data_4,trial_number,208,264,56,harmonized_hand_active_board10,test
2,3,4,3,0,1,7,[7.0],False,B3_trial4_rep3_attempt0.csv,/Users/arthu/Desktop/CTM_Res-Pro/data/reach_to_grasp_dataset/data/participant_2/motion/B3_trial4_rep3_attempt0.csv,7,7,False,,,7,target_object_corrected,4,board_data_4,trial_number,462,535,73,harmonized_hand_active_board10,test
2,3,5,0,0,1,6,"[4.0, 6.0]",True,B3_trial5_rep0_attempt0.csv,/Users/arthu/Desktop/CTM_Res-Pro/data/reach_to_grasp_dataset/data/participant_2/motion/B3_trial5_rep0_attempt0.csv,6,6,True,1.0,B3_trial5_rep1_attempt0.csv,6,target_object_corrected,5,board_data_5,trial_number,238,319,81,harmonized_hand_active_board10,test
2,3,5,1,0,1,6,[6.0],False,B3_trial5_rep1_attempt0.csv,/Users/arthu/Desktop/CTM_Res-Pro/data/reach_to_grasp_dataset/data/participant_2/motion/B3_trial5_rep1_attempt0.csv,6,6,False,,,6,target_object_corrected,5,board_data_5,trial_number,138,235,97,harmonized_hand_active_board10,test
2,3,5,2,0,1,6,[6.0],False,B3_trial5_rep2_attempt0.csv,/Users/arthu/Desktop/CTM_Res-Pro/data/reach_to_grasp_dataset/data/participant_2/motion/B3_trial5_rep2_attempt0.csv,6,6,False,,,6,target_object_corrected,5,board_data_5,trial_number,256,310,54,harmonized_hand_active_board10,test
2,3,5,3,0,1,6,[6.0],False,B3_trial5_rep3_attempt0.csv,/Users/arthu/Desktop/CTM_Res-Pro/data/reach_to_grasp_dataset/data/participant_2/motion/B3_trial5_rep3_attempt0.csv,6,6,False,,,6,target_object_corrected,5,board_data_5,trial_number,246,307,61,harmonized_hand_active_board10,test
2,3,6,0,1,1,5,[5.0],False,B3_trial6_rep0_attempt1.csv,/Users/arthu/Desktop/CTM_Res-Pro/data/reach_to_grasp_dataset/data/participant_2/motion/B3_trial6_rep0_attempt1.csv,5,5,True,1.0,B3_trial6_rep1_attempt0.csv,5,target_object_corrected,6,board_data_6,trial_number,207,288,81,harmonized_hand_active_board10,test
2,3,6,1,0,1,5,[5.0],False,B3_trial6_rep1_attempt0.csv,/Users/arthu/Desktop/CTM_Res-Pro/data/reach_to_grasp_dataset/data/participant_2/motion/B3_trial6_rep1_attempt0.csv,5,5,False,,,5,target_object_corrected,6,board_data_6,trial_number,208,284,76,harmonized_hand_active_board10,test
2,3,6,2,0,1,5,[5.0],False,B3_trial6_rep2_attempt0.csv,/Users/arthu/Desktop/CTM_Res-Pro/data/reach_to_grasp_dataset/data/participant_2/motion/B3_trial6_rep2_attempt0.csv,5,5,False,,,5,target_object_corrected,6,board_data_6,trial_number,251,322,71,harmonized_hand_active_board10,test
2,3,6,3,0,1,5,[5.0],False,B3_trial6_rep3_attempt0.csv,/Users/arthu/Desktop/CTM_Res-Pro/data/reach_to_grasp_dataset/data/participant_2/motion/B3_trial6_rep3_attempt0.csv,5,5,False,,,5,target_object_corrected,6,board_data_6,trial_number,226,294,68,harmonized_hand_active_board10,test
2,3,7,0,1,1,4,[4.0],False,B3_trial7_rep0_attempt1.csv,/Users/arthu/Desktop/CTM_Res-Pro/data/reach_to_grasp_dataset/data/participant_2/motion/B3_trial7_rep0_attempt1.csv,4,4,True,1.0,B3_trial7_rep1_attempt0.csv,4,target_object_corrected,7,board_data_7,trial_number,76,333,257,harmonized_hand_active_board10,test
2,3,7,1,0,1,4,[4.0],False,B3_trial7_rep1_attempt0.csv,/Users/arthu/Desktop/CTM_Res-Pro/data/reach_to_grasp_dataset/data/participant_2/motion/B3_trial7_rep1_attempt0.csv,4,4,False,,,4,target_object_corrected,7,board_data_7,trial_number,243,313,70,harmonized_hand_active_board10,test
2,3,7,2,0,1,4,[4.0],False,B3_trial7_rep2_attempt0.csv,/Users/arthu/Desktop/CTM_Res-Pro/data/reach_to_grasp_dataset/data/participant_2/motion/B3_trial7_rep2_attempt0.csv,4,4,False,,,4,target_object_corrected,7,board_data_7,trial_number,262,328,66,harmonized_hand_active_board10,test
2,3,7,3,0,1,4,[4.0],False,B3_trial7_rep3_attempt0.csv,/Users/arthu/Desktop/CTM_Res-Pro/data/reach_to_grasp_dataset/data/participant_2/motion/B3_trial7_rep3_attempt0.csv,4,4,False,,,4,target_object_corrected,7,board_data_7,trial_number,260,343,83,harmonized_hand_active_board10,test
2,4,0,0,0,1,4,"[7.0, 4.0]",True,B4_trial0_rep0_attempt0.csv,/Users/arthu/Desktop/CTM_Res-Pro/data/reach_to_grasp_dataset/data/participant_2/motion/B4_trial0_rep0_attempt0.csv,4,4,True,1.0,B4_trial0_rep1_attempt0.csv,4,target_object_corrected,0,board_data_0,trial_number,232,289,57,harmonized_hand_active_board10,test
2,4,0,1,0,1,4,[4.0],False,B4_trial0_rep1_attempt0.csv,/Users/arthu/Desktop/CTM_Res-Pro/data/reach_to_grasp_dataset/data/participant_2/motion/B4_trial0_rep1_attempt0.csv,4,4,False,,,4,target_object_corrected,0,board_data_0,trial_number,225,280,55,harmonized_hand_active_board10,test
2,4,0,2,0,1,4,[4.0],False,B4_trial0_rep2_attempt0.csv,/Users/arthu/Desktop/CTM_Res-Pro/data/reach_to_grasp_dataset/data/participant_2/motion/B4_trial0_rep2_attempt0.csv,4,4,False,,,4,target_object_corrected,0,board_data_0,trial_number,240,309,69,harmonized_hand_active_board10,test
2,4,0,3,0,1,4,[4.0],False,B4_trial0_rep3_attempt0.csv,/Users/arthu/Desktop/CTM_Res-Pro/data/reach_to_grasp_dataset/data/participant_2/motion/B4_trial0_rep3_attempt0.csv,4,4,False,,,4,target_object_corrected,0,board_data_0,trial_number,215,271,56,harmonized_hand_active_board10,test
2,4,1,0,0,1,5,"[0.0, 5.0]",True,B4_trial1_rep0_attempt0.csv,/Users/arthu/Desktop/CTM_Res-Pro/data/reach_to_grasp_dataset/data/participant_2/motion/B4_trial1_rep0_attempt0.csv,5,5,True,1.0,B4_trial1_rep1_attempt0.csv,5,target_object_corrected,1,board_data_1,trial_number,208,266,58,harmonized_hand_active_board10,test
2,4,1,1,0,1,5,[5.0],False,B4_trial1_rep1_attempt0.csv,/Users/arthu/Desktop/CTM_Res-Pro/data/reach_to_grasp_dataset/data/participant_2/motion/B4_trial1_rep1_attempt0.csv,5,5,False,,,5,target_object_corrected,1,board_data_1,trial_number,226,290,64,harmonized_hand_active_board10,test
2,4,1,2,0,1,5,[5.0],False,B4_trial1_rep2_attempt0.csv,/Users/arthu/Desktop/CTM_Res-Pro/data/reach_to_grasp_dataset/data/participant_2/motion/B4_trial1_rep2_attempt0.csv,5,5,False,,,5,target_object_corrected,1,board_data_1,trial_number,381,465,84,harmonized_hand_active_board10,test
2,4,1,3,0,1,5,[5.0],False,B4_trial1_rep3_attempt0.csv,/Users/arthu/Desktop/CTM_Res-Pro/data/reach_to_grasp_dataset/data/participant_2/motion/B4_trial1_rep3_attempt0.csv,5,5,False,,,5,target_object_corrected,1,board_data_1,trial_number,215,283,68,harmonized_hand_active_board10,test
2,4,2,0,0,1,6,"[1.0, 6.0]",True,B4_trial2_rep0_attempt0.csv,/Users/arthu/Desktop/CTM_Res-Pro/data/reach_to_grasp_dataset/data/participant_2/motion/B4_trial2_rep0_attempt0.csv,6,6,True,1.0,B4_trial2_rep1_attempt0.csv,6,target_object_corrected,2,board_data_2,trial_number,291,352,61,harmonized_hand_active_board10,test
2,4,2,1,0,1,6,[6.0],False,B4_trial2_rep1_attempt0.csv,/Users/arthu/Desktop/CTM_Res-Pro/data/reach_to_grasp_dataset/data/participant_2/motion/B4_trial2_rep1_attempt0.csv,6,6,False,,,6,target_object_corrected,2,board_data_2,trial_number,309,366,57,harmonized_hand_active_board10,test
2,4,2,2,0,1,6,[6.0],False,B4_trial2_rep2_attempt0.csv,/Users/arthu/Desktop/CTM_Res-Pro/data/reach_to_grasp_dataset/data/participant_2/motion/B4_trial2_rep2_attempt0.csv,6,6,False,,,6,target_object_corrected,2,board_data_2,trial_number,338,382,44,harmonized_hand_active_board10,test
2,4,2,3,0,1,6,[6.0],False,B4_trial2_rep3_attempt0.csv,/Users/arthu/Desktop/CTM_Res-Pro/data/reach_to_grasp_dataset/data/participant_2/motion/B4_trial2_rep3_attempt0.csv,6,6,False,,,6,target_object_corrected,2,board_data_2,trial_number,285,364,79,harmonized_hand_active_board10,test
2,4,3,0,0,1,7,"[2.0, 7.0]",True,B4_trial3_rep0_attempt0.csv,/Users/arthu/Desktop/CTM_Res-Pro/data/reach_to_grasp_dataset/data/participant_2/motion/B4_trial3_rep0_attempt0.csv,7,7,True,1.0,B4_trial3_rep1_attempt0.csv,7,target_object_corrected,3,board_data_3,trial_number,277,300,23,harmonized_hand_active_board10,test
2,4,3,1,0,1,7,[7.0],False,B4_trial3_rep1_attempt0.csv,/Users/arthu/Desktop/CTM_Res-Pro/data/reach_to_grasp_dataset/data/participant_2/motion/B4_trial3_rep1_attempt0.csv,7,7,False,,,7,target_object_corrected,3,board_data_3,trial_number,262,266,4,harmonized_hand_active_board10,test
2,4,3,2,0,1,7,[7.0],False,B4_trial3_rep2_attempt0.csv,/Users/arthu/Desktop/CTM_Res-Pro/data/reach_to_grasp_dataset/data/participant_2/motion/B4_trial3_rep2_attempt0.csv,7,7,False,,,7,target_object_corrected,3,board_data_3,trial_number,232,273,41,harmonized_hand_active_board10,test
2,4,3,3,0,1,7,[7.0],False,B4_trial3_rep3_attempt0.csv,/Users/arthu/Desktop/CTM_Res-Pro/data/reach_to_grasp_dataset/data/participant_2/motion/B4_trial3_rep3_attempt0.csv,7,7,False,,,7,target_object_corrected,3,board_data_3,trial_number,305,352,47,harmonized_hand_active_board10,test
2,4,4,0,1,1,0,[0.0],False,B4_trial4_rep0_attempt1.csv,/Users/arthu/Desktop/CTM_Res-Pro/data/reach_to_grasp_dataset/data/participant_2/motion/B4_trial4_rep0_attempt1.csv,0,0,True,1.0,B4_trial4_rep1_attempt0.csv,0,target_object_corrected,4,board_data_4,trial_number,209,260,51,harmonized_hand_active_board10,test
2,4,4,1,0,1,0,[0.0],False,B4_trial4_rep1_attempt0.csv,/Users/arthu/Desktop/CTM_Res-Pro/data/reach_to_grasp_dataset/data/participant_2/motion/B4_trial4_rep1_attempt0.csv,0,0,False,,,0,target_object_corrected,4,board_data_4,trial_number,275,322,47,harmonized_hand_active_board10,test
2,4,4,2,0,1,0,[0.0],False,B4_trial4_rep2_attempt0.csv,/Users/arthu/Desktop/CTM_Res-Pro/data/reach_to_grasp_dataset/data/participant_2/motion/B4_trial4_rep2_attempt0.csv,0,0,False,,,0,target_object_corrected,4,board_data_4,trial_number,224,271,47,harmonized_hand_active_board10,test
2,4,4,3,0,1,0,[0.0],False,B4_trial4_rep3_attempt0.csv,/Users/arthu/Desktop/CTM_Res-Pro/data/reach_to_grasp_dataset/data/participant_2/motion/B4_trial4_rep3_attempt0.csv,0,0,False,,,0,target_object_corrected,4,board_data_4,trial_number,308,358,50,harmonized_hand_active_board10,test
2,4,5,0,0,1,1,"[4.0, 1.0]",True,B4_trial5_rep0_attempt0.csv,/Users/arthu/Desktop/CTM_Res-Pro/data/reach_to_grasp_dataset/data/participant_2/motion/B4_trial5_rep0_attempt0.csv,1,1,True,1.0,B4_trial5_rep1_attempt0.csv,1,target_object_corrected,5,board_data_5,trial_number,228,289,61,harmonized_hand_active_board10,test
2,4,5,1,0,1,1,[1.0],False,B4_trial5_rep1_attempt0.csv,/Users/arthu/Desktop/CTM_Res-Pro/data/reach_to_grasp_dataset/data/participant_2/motion/B4_trial5_rep1_attempt0.csv,1,1,False,,,1,target_object_corrected,5,board_data_5,trial_number,245,300,55,harmonized_hand_active_board10,test
2,4,5,2,0,1,1,[1.0],False,B4_trial5_rep2_attempt0.csv,/Users/arthu/Desktop/CTM_Res-Pro/data/reach_to_grasp_dataset/data/participant_2/motion/B4_trial5_rep2_attempt0.csv,1,1,False,,,1,target_object_corrected,5,board_data_5,trial_number,241,314,73,harmonized_hand_active_board10,test
2,4,5,3,0,1,1,[1.0],False,B4_trial5_rep3_attempt0.csv,/Users/arthu/Desktop/CTM_Res-Pro/data/reach_to_grasp_dataset/data/participant_2/motion/B4_trial5_rep3_attempt0.csv,1,1,False,,,1,target_object_corrected,5,board_data_5,trial_number,76,209,133,harmonized_hand_active_board10,test
2,4,6,0,0,1,2,"[5.0, 2.0]",True,B4_trial6_rep0_attempt0.csv,/Users/arthu/Desktop/CTM_Res-Pro/data/reach_to_grasp_dataset/data/participant_2/motion/B4_trial6_rep0_attempt0.csv,2,2,True,1.0,B4_trial6_rep1_attempt0.csv,2,target_object_corrected,6,board_data_6,trial_number,222,285,63,harmonized_hand_active_board10,test
2,4,6,1,0,1,2,[2.0],False,B4_trial6_rep1_attempt0.csv,/Users/arthu/Desktop/CTM_Res-Pro/data/reach_to_grasp_dataset/data/participant_2/motion/B4_trial6_rep1_attempt0.csv,2,2,False,,,2,target_object_corrected,6,board_data_6,trial_number,262,336,74,harmonized_hand_active_board10,test
2,4,6,2,0,1,2,[2.0],False,B4_trial6_rep2_attempt0.csv,/Users/arthu/Desktop/CTM_Res-Pro/data/reach_to_grasp_dataset/data/participant_2/motion/B4_trial6_rep2_attempt0.csv,2,2,False,,,2,target_object_corrected,6,board_data_6,trial_number,409,459,50,harmonized_hand_active_board10,test
2,4,6,3,0,1,2,[2.0],False,B4_trial6_rep3_attempt0.csv,/Users/arthu/Desktop/CTM_Res-Pro/data/reach_to_grasp_dataset/data/participant_2/motion/B4_trial6_rep3_attempt0.csv,2,2,False,,,2,target_object_corrected,6,board_data_6,trial_number,416,465,49,harmonized_hand_active_board10,test
2,4,7,0,0,1,3,"[6.0, 3.0]",True,B4_trial7_rep0_attempt0.csv,/Users/arthu/Desktop/CTM_Res-Pro/data/reach_to_grasp_dataset/data/participant_2/motion/B4_trial7_rep0_attempt0.csv,3,3,True,1.0,B4_trial7_rep1_attempt0.csv,3,target_object_corrected,7,board_data_7,trial_number,204,255,51,harmonized_hand_active_board10,test
2,4,7,1,0,1,3,[3.0],False,B4_trial7_rep1_attempt0.csv,/Users/arthu/Desktop/CTM_Res-Pro/data/reach_to_grasp_dataset/data/participant_2/motion/B4_trial7_rep1_attempt0.csv,3,3,False,,,3,target_object_corrected,7,board_data_7,trial_number,213,260,47,harmonized_hand_active_board10,test
2,4,7,2,0,1,3,[3.0],False,B4_trial7_rep2_attempt0.csv,/Users/arthu/Desktop/CTM_Res-Pro/data/reach_to_grasp_dataset/data/participant_2/motion/B4_trial7_rep2_attempt0.csv,3,3,False,,,3,target_object_corrected,7,board_data_7,trial_number,217,272,55,harmonized_hand_active_board10,test
2,4,7,3,0,1,3,[3.0],False,B4_trial7_rep3_attempt0.csv,/Users/arthu/Desktop/CTM_Res-Pro/data/reach_to_grasp_dataset/data/participant_2/motion/B4_trial7_rep3_attempt0.csv,3,3,False,,,3,target_object_corrected,7,board_data_7,trial_number,217,291,74,harmonized_hand_active_board10,test
