path,participant,block,class_label,target_resampled,prediction_mc_resampled,prediction_final_resampled,prediction_most_certain,prediction_final_tick,correct_most_certain,correct_final_tick,input_length,actual_lead_ms,resampled_correct_mc,resampled_correct_final,mc_prediction_disagreement,final_prediction_disagreement,lead_time_ms
/Users/arthu/Desktop/CTM_Res-Pro/data/reach_to_grasp_dataset/data/participant_1/motion/B1_trial0_rep0_attempt0.csv,1,1,0,0,0,0,0,0,True,True,42,0.0,True,True,False,False,0
/Users/arthu/Desktop/CTM_Res-Pro/data/reach_to_grasp_dataset/data/participant_1/motion/B1_trial0_rep1_attempt0.csv,1,1,0,0,0,0,0,0,True,True,41,0.0,True,True,False,False,0
/Users/arthu/Desktop/CTM_Res-Pro/data/reach_to_grasp_dataset/data/participant_1/motion/B1_trial0_rep2_attempt0.csv,1,1,0,0,0,0,0,0,True,True,49,0.0,True,True,False,False,0
/Users/arthu/Desktop/CTM_Res-Pro/data/reach_to_grasp_dataset/data/participant_1/motion/B1_trial0_rep3_attempt0.csv,1,1,0,0,0,0,0,0,True,True,36,0.0,True,True,False,False,0
/Users/arthu/Desktop/CTM_Res-Pro/data/reach_to_grasp_dataset/data/participant_1/motion/B1_trial1_rep0_attempt0.csv,1,1,1,1,0,0,0,0,False,False,51,0.0,False,False,False,False,0
/Users/arthu/Desktop/CTM_Res-Pro/data/reach_to_grasp_dataset/data/participant_1/motion/B1_trial1_rep1_attempt0.csv,1,1,1,1,0,0,0,0,False,False,42,0.0,False,False,False,False,0
/Users/arthu/Desktop/CTM_Res-Pro/data/reach_to_grasp_dataset/data/participant_1/motion/B1_trial1_rep2_attempt0.csv,1,1,1,1,1,1,1,1,True,True,45,0.0,True,True,False,False,0
/Users/arthu/Desktop/CTM_Res-Pro/data/reach_to_grasp_dataset/data/participant_1/motion/B1_trial1_rep3_attempt0.csv,1,1,1,1,1,1,1,1,True,True,46,0.0,True,True,False,False,0
/Users/arthu/Desktop/CTM_Res-Pro/data/reach_to_grasp_dataset/data/participant_1/motion/B1_trial2_rep0_attempt0.csv,1,1,2,2,2,2,2,2,True,True,67,0.0,True,True,False,False,0
/Users/arthu/Desktop/CTM_Res-Pro/data/reach_to_grasp_dataset/data/participant_1/motion/B1_trial2_rep1_attempt0.csv,1,1,2,2,2,2,2,2,True,True,38,0.0,True,True,False,False,0
/Users/arthu/Desktop/CTM_Res-Pro/data/reach_to_grasp_dataset/data/participant_1/motion/B1_trial2_rep2_attempt0.csv,1,1,2,2,6,6,6,6,False,False,33,0.0,False,False,False,False,0
/Users/arthu/Desktop/CTM_Res-Pro/data/reach_to_grasp_dataset/data/participant_1/motion/B1_trial2_rep3_attempt0.csv,1,1,2,2,6,6,6,6,False,False,21,0.0,False,False,False,False,0
/Users/arthu/Desktop/CTM_Res-Pro/data/reach_to_grasp_dataset/data/participant_1/motion/B1_trial3_rep0_attempt0.csv,1,1,3,3,3,3,3,3,True,True,25,0.0,True,True,False,False,0
/Users/arthu/Desktop/CTM_Res-Pro/data/reach_to_grasp_dataset/data/participant_1/motion/B1_trial3_rep1_attempt0.csv,1,1,3,3,3,3,3,3,True,True,27,0.0,True,True,False,False,0
/Users/arthu/Desktop/CTM_Res-Pro/data/reach_to_grasp_dataset/data/participant_1/motion/B1_trial3_rep2_attempt0.csv,1,1,3,3,3,3,3,3,True,True,23,0.0,True,True,False,False,0
/Users/arthu/Desktop/CTM_Res-Pro/data/reach_to_grasp_dataset/data/participant_1/motion/B1_trial3_rep3_attempt0.csv,1,1,3,3,3,3,3,3,True,True,19,0.0,True,True,False,False,0
/Users/arthu/Desktop/CTM_Res-Pro/data/reach_to_grasp_dataset/data/participant_1/motion/B1_trial4_rep0_attempt0.csv,1,1,4,4,4,4,4,4,True,True,32,0.0,True,True,False,False,0
/Users/arthu/Desktop/CTM_Res-Pro/data/reach_to_grasp_dataset/data/participant_1/motion/B1_trial4_rep1_attempt0.csv,1,1,4,4,4,4,4,4,True,True,36,0.0,True,True,False,False,0
/Users/arthu/Desktop/CTM_Res-Pro/data/reach_to_grasp_dataset/data/participant_1/motion/B1_trial4_rep2_attempt0.csv,1,1,4,4,4,4,4,4,True,True,42,0.0,True,True,False,False,0
/Users/arthu/Desktop/CTM_Res-Pro/data/reach_to_grasp_dataset/data/participant_1/motion/B1_trial4_rep3_attempt0.csv,1,1,4,4,4,4,4,4,True,True,43,0.0,True,True,False,False,0
/Users/arthu/Desktop/CTM_Res-Pro/data/reach_to_grasp_dataset/data/participant_1/motion/B1_trial5_rep0_attempt0.csv,1,1,5,5,5,5,5,5,True,True,65,0.0,True,True,False,False,0
/Users/arthu/Desktop/CTM_Res-Pro/data/reach_to_grasp_dataset/data/participant_1/motion/B1_trial5_rep1_attempt0.csv,1,1,5,5,5,5,5,5,True,True,59,0.0,True,True,False,False,0
/Users/arthu/Desktop/CTM_Res-Pro/data/reach_to_grasp_dataset/data/participant_1/motion/B1_trial5_rep2_attempt0.csv,1,1,5,5,5,5,5,5,True,True,47,0.0,True,True,False,False,0
/Users/arthu/Desktop/CTM_Res-Pro/data/reach_to_grasp_dataset/data/participant_1/motion/B1_trial5_rep3_attempt0.csv,1,1,5,5,5,5,5,5,True,True,57,0.0,True,True,False,False,0
/Users/arthu/Desktop/CTM_Res-Pro/data/reach_to_grasp_dataset/data/participant_1/motion/B1_trial6_rep0_attempt0.csv,1,1,6,6,7,7,7,7,False,False,102,0.0,False,False,False,False,0
/Users/arthu/Desktop/CTM_Res-Pro/data/reach_to_grasp_dataset/data/participant_1/motion/B1_trial6_rep1_attempt0.csv,1,1,6,6,7,7,7,7,False,False,81,0.0,False,False,False,False,0
/Users/arthu/Desktop/CTM_Res-Pro/data/reach_to_grasp_dataset/data/participant_1/motion/B1_trial6_rep2_attempt0.csv,1,1,6,6,7,7,7,7,False,False,94,0.0,False,False,False,False,0
/Users/arthu/Desktop/CTM_Res-Pro/data/reach_to_grasp_dataset/data/participant_1/motion/B1_trial6_rep3_attempt0.csv,1,1,6,6,7,7,7,7,False,False,65,0.0,False,False,False,False,0
/Users/arthu/Desktop/CTM_Res-Pro/data/reach_to_grasp_dataset/data/participant_1/motion/B1_trial7_rep0_attempt0.csv,1,1,7,7,7,7,7,7,True,True,46,0.0,True,True,False,False,0
/Users/arthu/Desktop/CTM_Res-Pro/data/reach_to_grasp_dataset/data/participant_1/motion/B1_trial7_rep1_attempt0.csv,1,1,7,7,7,7,7,7,True,True,45,0.0,True,True,False,False,0
/Users/arthu/Desktop/CTM_Res-Pro/data/reach_to_grasp_dataset/data/participant_1/motion/B1_trial7_rep2_attempt0.csv,1,1,7,7,7,7,7,7,True,True,53,0.0,True,True,False,False,0
/Users/arthu/Desktop/CTM_Res-Pro/data/reach_to_grasp_dataset/data/participant_1/motion/B1_trial7_rep3_attempt0.csv,1,1,7,7,7,7,7,7,True,True,57,0.0,True,True,False,False,0
/Users/arthu/Desktop/CTM_Res-Pro/data/reach_to_grasp_dataset/data/participant_1/motion/B2_trial0_rep0_attempt0.csv,1,2,7,7,7,7,7,7,True,True,53,0.0,True,True,False,False,0
/Users/arthu/Desktop/CTM_Res-Pro/data/reach_to_grasp_dataset/data/participant_1/motion/B2_trial0_rep1_attempt0.csv,1,2,7,7,7,7,7,7,True,True,43,0.0,True,True,False,False,0
/Users/arthu/Desktop/CTM_Res-Pro/data/reach_to_grasp_dataset/data/participant_1/motion/B2_trial0_rep2_attempt0.csv,1,2,7,7,7,7,7,7,True,True,52,0.0,True,True,False,False,0
/Users/arthu/Desktop/CTM_Res-Pro/data/reach_to_grasp_dataset/data/participant_1/motion/B2_trial0_rep3_attempt0.csv,1,2,7,7,7,7,7,7,True,True,51,0.0,True,True,False,False,0
/Users/arthu/Desktop/CTM_Res-Pro/data/reach_to_grasp_dataset/data/participant_1/motion/B2_trial1_rep0_attempt0.csv,1,2,6,6,7,7,7,7,False,False,69,0.0,False,False,False,False,0
/Users/arthu/Desktop/CTM_Res-Pro/data/reach_to_grasp_dataset/data/participant_1/motion/B2_trial1_rep1_attempt0.csv,1,2,6,6,6,6,6,6,True,True,47,0.0,True,True,False,False,0
/Users/arthu/Desktop/CTM_Res-Pro/data/reach_to_grasp_dataset/data/participant_1/motion/B2_trial1_rep2_attempt0.csv,1,2,6,6,7,7,7,7,False,False,52,0.0,False,False,False,False,0
/Users/arthu/Desktop/CTM_Res-Pro/data/reach_to_grasp_dataset/data/participant_1/motion/B2_trial1_rep3_attempt0.csv,1,2,6,6,7,7,7,7,False,False,51,0.0,False,False,False,False,0
/Users/arthu/Desktop/CTM_Res-Pro/data/reach_to_grasp_dataset/data/participant_1/motion/B2_trial2_rep0_attempt0.csv,1,2,5,5,5,5,5,5,True,True,53,0.0,True,True,False,False,0
/Users/arthu/Desktop/CTM_Res-Pro/data/reach_to_grasp_dataset/data/participant_1/motion/B2_trial2_rep1_attempt0.csv,1,2,5,5,5,5,5,5,True,True,67,0.0,True,True,False,False,0
/Users/arthu/Desktop/CTM_Res-Pro/data/reach_to_grasp_dataset/data/participant_1/motion/B2_trial2_rep2_attempt0.csv,1,2,5,5,5,5,5,5,True,True,56,0.0,True,True,False,False,0
/Users/arthu/Desktop/CTM_Res-Pro/data/reach_to_grasp_dataset/data/participant_1/motion/B2_trial2_rep3_attempt0.csv,1,2,5,5,5,5,5,5,True,True,65,0.0,True,True,False,False,0
/Users/arthu/Desktop/CTM_Res-Pro/data/reach_to_grasp_dataset/data/participant_1/motion/B2_trial3_rep0_attempt0.csv,1,2,4,4,4,4,4,4,True,True,21,0.0,True,True,False,False,0
/Users/arthu/Desktop/CTM_Res-Pro/data/reach_to_grasp_dataset/data/participant_1/motion/B2_trial3_rep1_attempt0.csv,1,2,4,4,4,4,4,4,True,True,3,0.0,True,True,False,False,0
/Users/arthu/Desktop/CTM_Res-Pro/data/reach_to_grasp_dataset/data/participant_1/motion/B2_trial3_rep2_attempt0.csv,1,2,4,4,4,4,4,4,True,True,5,0.0,True,True,False,False,0
/Users/arthu/Desktop/CTM_Res-Pro/data/reach_to_grasp_dataset/data/participant_1/motion/B2_trial3_rep3_attempt0.csv,1,2,4,4,4,4,4,4,True,True,5,0.0,True,True,False,False,0
/Users/arthu/Desktop/CTM_Res-Pro/data/reach_to_grasp_dataset/data/participant_1/motion/B2_trial4_rep0_attempt0.csv,1,2,3,3,3,3,3,3,True,True,56,0.0,True,True,False,False,0
/Users/arthu/Desktop/CTM_Res-Pro/data/reach_to_grasp_dataset/data/participant_1/motion/B2_trial4_rep1_attempt0.csv,1,2,3,3,3,3,3,3,True,True,40,0.0,True,True,False,False,0
/Users/arthu/Desktop/CTM_Res-Pro/data/reach_to_grasp_dataset/data/participant_1/motion/B2_trial4_rep2_attempt0.csv,1,2,3,3,3,3,3,3,True,True,53,0.0,True,True,False,False,0
/Users/arthu/Desktop/CTM_Res-Pro/data/reach_to_grasp_dataset/data/participant_1/motion/B2_trial4_rep3_attempt0.csv,1,2,3,3,3,3,3,3,True,True,62,0.0,True,True,False,False,0
/Users/arthu/Desktop/CTM_Res-Pro/data/reach_to_grasp_dataset/data/participant_1/motion/B2_trial5_rep0_attempt0.csv,1,2,2,2,6,6,6,6,False,False,60,0.0,False,False,False,False,0
/Users/arthu/Desktop/CTM_Res-Pro/data/reach_to_grasp_dataset/data/participant_1/motion/B2_trial5_rep1_attempt0.csv,1,2,2,2,6,6,6,6,False,False,54,0.0,False,False,False,False,0
/Users/arthu/Desktop/CTM_Res-Pro/data/reach_to_grasp_dataset/data/participant_1/motion/B2_trial5_rep2_attempt0.csv,1,2,2,2,2,2,2,2,True,True,57,0.0,True,True,False,False,0
/Users/arthu/Desktop/CTM_Res-Pro/data/reach_to_grasp_dataset/data/participant_1/motion/B2_trial5_rep3_attempt0.csv,1,2,2,2,2,2,2,2,True,True,51,0.0,True,True,False,False,0
/Users/arthu/Desktop/CTM_Res-Pro/data/reach_to_grasp_dataset/data/participant_1/motion/B2_trial6_rep0_attempt0.csv,1,2,1,1,1,1,1,1,True,True,62,0.0,True,True,False,False,0
/Users/arthu/Desktop/CTM_Res-Pro/data/reach_to_grasp_dataset/data/participant_1/motion/B2_trial6_rep1_attempt0.csv,1,2,1,1,1,1,1,1,True,True,50,0.0,True,True,False,False,0
/Users/arthu/Desktop/CTM_Res-Pro/data/reach_to_grasp_dataset/data/participant_1/motion/B2_trial6_rep2_attempt0.csv,1,2,1,1,1,1,1,1,True,True,51,0.0,True,True,False,False,0
/Users/arthu/Desktop/CTM_Res-Pro/data/reach_to_grasp_dataset/data/participant_1/motion/B2_trial6_rep3_attempt0.csv,1,2,1,1,1,1,1,1,True,True,47,0.0,True,True,False,False,0
/Users/arthu/Desktop/CTM_Res-Pro/data/reach_to_grasp_dataset/data/participant_1/motion/B2_trial7_rep0_attempt0.csv,1,2,0,0,0,0,0,0,True,True,50,0.0,True,True,False,False,0
/Users/arthu/Desktop/CTM_Res-Pro/data/reach_to_grasp_dataset/data/participant_1/motion/B2_trial7_rep1_attempt0.csv,1,2,0,0,0,0,0,0,True,True,62,0.0,True,True,False,False,0
/Users/arthu/Desktop/CTM_Res-Pro/data/reach_to_grasp_dataset/data/participant_1/motion/B2_trial7_rep2_attempt0.csv,1,2,0,0,0,0,0,0,True,True,55,0.0,True,True,False,False,0
/Users/arthu/Desktop/CTM_Res-Pro/data/reach_to_grasp_dataset/data/participant_1/motion/B2_trial7_rep3_attempt0.csv,1,2,0,0,0,0,0,0,True,True,52,0.0,True,True,False,False,0
/Users/arthu/Desktop/CTM_Res-Pro/data/reach_to_grasp_dataset/data/participant_1/motion/B3_trial0_rep0_attempt0.csv,1,3,3,3,7,7,7,7,False,False,80,0.0,False,False,False,False,0
/Users/arthu/Desktop/CTM_Res-Pro/data/reach_to_grasp_dataset/data/participant_1/motion/B3_trial0_rep1_attempt0.csv,1,3,3,3,7,7,7,7,False,False,63,0.0,False,False,False,False,0
/Users/arthu/Desktop/CTM_Res-Pro/data/reach_to_grasp_dataset/data/participant_1/motion/B3_trial0_rep2_attempt0.csv,1,3,3,3,7,7,7,7,False,False,59,0.0,False,False,False,False,0
/Users/arthu/Desktop/CTM_Res-Pro/data/reach_to_grasp_dataset/data/participant_1/motion/B3_trial0_rep3_attempt0.csv,1,3,3,3,3,3,3,3,True,True,60,0.0,True,True,False,False,0
/Users/arthu/Desktop/CTM_Res-Pro/data/reach_to_grasp_dataset/data/participant_1/motion/B3_trial1_rep0_attempt0.csv,1,3,2,2,2,2,2,2,True,True,54,0.0,True,True,False,False,0
/Users/arthu/Desktop/CTM_Res-Pro/data/reach_to_grasp_dataset/data/participant_1/motion/B3_trial1_rep1_attempt0.csv,1,3,2,2,2,2,2,2,True,True,62,0.0,True,True,False,False,0
/Users/arthu/Desktop/CTM_Res-Pro/data/reach_to_grasp_dataset/data/participant_1/motion/B3_trial1_rep2_attempt0.csv,1,3,2,2,2,2,2,2,True,True,54,0.0,True,True,False,False,0
/Users/arthu/Desktop/CTM_Res-Pro/data/reach_to_grasp_dataset/data/participant_1/motion/B3_trial1_rep3_attempt0.csv,1,3,2,2,2,2,2,2,True,True,56,0.0,True,True,False,False,0
/Users/arthu/Desktop/CTM_Res-Pro/data/reach_to_grasp_dataset/data/participant_1/motion/B3_trial2_rep0_attempt0.csv,1,3,1,1,1,1,1,1,True,True,43,0.0,True,True,False,False,0
/Users/arthu/Desktop/CTM_Res-Pro/data/reach_to_grasp_dataset/data/participant_1/motion/B3_trial2_rep1_attempt0.csv,1,3,1,1,1,1,1,1,True,True,40,0.0,True,True,False,False,0
/Users/arthu/Desktop/CTM_Res-Pro/data/reach_to_grasp_dataset/data/participant_1/motion/B3_trial2_rep2_attempt0.csv,1,3,1,1,1,1,1,1,True,True,40,0.0,True,True,False,False,0
/Users/arthu/Desktop/CTM_Res-Pro/data/reach_to_grasp_dataset/data/participant_1/motion/B3_trial2_rep3_attempt0.csv,1,3,1,1,1,1,1,1,True,True,46,0.0,True,True,False,False,0
/Users/arthu/Desktop/CTM_Res-Pro/data/reach_to_grasp_dataset/data/participant_1/motion/B3_trial3_rep0_attempt0.csv,1,3,0,0,0,0,0,0,True,True,43,0.0,True,True,False,False,0
/Users/arthu/Desktop/CTM_Res-Pro/data/reach_to_grasp_dataset/data/participant_1/motion/B3_trial3_rep1_attempt0.csv,1,3,0,0,0,0,0,0,True,True,35,0.0,True,True,False,False,0
/Users/arthu/Desktop/CTM_Res-Pro/data/reach_to_grasp_dataset/data/participant_1/motion/B3_trial3_rep2_attempt0.csv,1,3,0,0,0,0,0,0,True,True,39,0.0,True,True,False,False,0
/Users/arthu/Desktop/CTM_Res-Pro/data/reach_to_grasp_dataset/data/participant_1/motion/B3_trial3_rep3_attempt0.csv,1,3,0,0,0,0,0,0,True,True,44,0.0,True,True,False,False,0
/Users/arthu/Desktop/CTM_Res-Pro/data/reach_to_grasp_dataset/data/participant_1/motion/B3_trial4_rep0_attempt0.csv,1,3,7,7,7,7,7,7,True,True,51,0.0,True,True,False,False,0
/Users/arthu/Desktop/CTM_Res-Pro/data/reach_to_grasp_dataset/data/participant_1/motion/B3_trial4_rep1_attempt0.csv,1,3,7,7,7,7,7,7,True,True,64,0.0,True,True,False,False,0
/Users/arthu/Desktop/CTM_Res-Pro/data/reach_to_grasp_dataset/data/participant_1/motion/B3_trial4_rep2_attempt0.csv,1,3,7,7,7,7,7,7,True,True,47,0.0,True,True,False,False,0
/Users/arthu/Desktop/CTM_Res-Pro/data/reach_to_grasp_dataset/data/participant_1/motion/B3_trial4_rep3_attempt0.csv,1,3,7,7,7,7,7,7,True,True,58,0.0,True,True,False,False,0
/Users/arthu/Desktop/CTM_Res-Pro/data/reach_to_grasp_dataset/data/participant_1/motion/B3_trial5_rep0_attempt0.csv,1,3,6,6,7,7,7,7,False,False,79,0.0,False,False,False,False,0
/Users/arthu/Desktop/CTM_Res-Pro/data/reach_to_grasp_dataset/data/participant_1/motion/B3_trial5_rep1_attempt0.csv,1,3,6,6,7,7,7,7,False,False,54,0.0,False,False,False,False,0
/Users/arthu/Desktop/CTM_Res-Pro/data/reach_to_grasp_dataset/data/participant_1/motion/B3_trial5_rep2_attempt0.csv,1,3,6,6,7,7,7,7,False,False,61,0.0,False,False,False,False,0
/Users/arthu/Desktop/CTM_Res-Pro/data/reach_to_grasp_dataset/data/participant_1/motion/B3_trial5_rep3_attempt0.csv,1,3,6,6,7,7,7,7,False,False,56,0.0,False,False,False,False,0
/Users/arthu/Desktop/CTM_Res-Pro/data/reach_to_grasp_dataset/data/participant_1/motion/B3_trial6_rep0_attempt0.csv,1,3,5,5,5,5,5,5,True,True,53,0.0,True,True,False,False,0
/Users/arthu/Desktop/CTM_Res-Pro/data/reach_to_grasp_dataset/data/participant_1/motion/B3_trial6_rep1_attempt0.csv,1,3,5,5,5,5,5,5,True,True,68,0.0,True,True,False,False,0
/Users/arthu/Desktop/CTM_Res-Pro/data/reach_to_grasp_dataset/data/participant_1/motion/B3_trial6_rep2_attempt0.csv,1,3,5,5,5,5,5,5,True,True,61,0.0,True,True,False,False,0
/Users/arthu/Desktop/CTM_Res-Pro/data/reach_to_grasp_dataset/data/participant_1/motion/B3_trial6_rep3_attempt0.csv,1,3,5,5,5,5,5,5,True,True,63,0.0,True,True,False,False,0
/Users/arthu/Desktop/CTM_Res-Pro/data/reach_to_grasp_dataset/data/participant_1/motion/B3_trial7_rep0_attempt1.csv,1,3,4,4,1,1,1,1,False,False,46,0.0,False,False,False,False,0
/Users/arthu/Desktop/CTM_Res-Pro/data/reach_to_grasp_dataset/data/participant_1/motion/B3_trial7_rep1_attempt0.csv,1,3,4,4,1,1,1,1,False,False,39,0.0,False,False,False,False,0
/Users/arthu/Desktop/CTM_Res-Pro/data/reach_to_grasp_dataset/data/participant_1/motion/B3_trial7_rep2_attempt0.csv,1,3,4,4,1,1,1,1,False,False,44,0.0,False,False,False,False,0
/Users/arthu/Desktop/CTM_Res-Pro/data/reach_to_grasp_dataset/data/participant_1/motion/B3_trial7_rep3_attempt0.csv,1,3,4,4,1,1,1,1,False,False,42,0.0,False,False,False,False,0
/Users/arthu/Desktop/CTM_Res-Pro/data/reach_to_grasp_dataset/data/participant_1/motion/B4_trial0_rep0_attempt0.csv,1,4,4,4,1,1,1,1,False,False,49,0.0,False,False,False,False,0
/Users/arthu/Desktop/CTM_Res-Pro/data/reach_to_grasp_dataset/data/participant_1/motion/B4_trial0_rep1_attempt0.csv,1,4,4,4,1,1,1,1,False,False,38,0.0,False,False,False,False,0
/Users/arthu/Desktop/CTM_Res-Pro/data/reach_to_grasp_dataset/data/participant_1/motion/B4_trial0_rep2_attempt0.csv,1,4,4,4,0,0,0,0,False,False,46,0.0,False,False,False,False,0
/Users/arthu/Desktop/CTM_Res-Pro/data/reach_to_grasp_dataset/data/participant_1/motion/B4_trial0_rep3_attempt0.csv,1,4,4,4,0,0,0,0,False,False,45,0.0,False,False,False,False,0
/Users/arthu/Desktop/CTM_Res-Pro/data/reach_to_grasp_dataset/data/participant_1/motion/B4_trial1_rep0_attempt0.csv,1,4,5,5,5,5,5,5,True,True,58,0.0,True,True,False,False,0
/Users/arthu/Desktop/CTM_Res-Pro/data/reach_to_grasp_dataset/data/participant_1/motion/B4_trial1_rep1_attempt0.csv,1,4,5,5,5,5,5,5,True,True,63,0.0,True,True,False,False,0
/Users/arthu/Desktop/CTM_Res-Pro/data/reach_to_grasp_dataset/data/participant_1/motion/B4_trial1_rep2_attempt0.csv,1,4,5,5,5,5,5,5,True,True,62,0.0,True,True,False,False,0
/Users/arthu/Desktop/CTM_Res-Pro/data/reach_to_grasp_dataset/data/participant_1/motion/B4_trial1_rep3_attempt0.csv,1,4,5,5,5,5,5,5,True,True,69,0.0,True,True,False,False,0
/Users/arthu/Desktop/CTM_Res-Pro/data/reach_to_grasp_dataset/data/participant_1/motion/B4_trial2_rep0_attempt0.csv,1,4,6,6,7,7,7,7,False,False,49,0.0,False,False,False,False,0
/Users/arthu/Desktop/CTM_Res-Pro/data/reach_to_grasp_dataset/data/participant_1/motion/B4_trial2_rep1_attempt0.csv,1,4,6,6,7,7,7,7,False,False,46,0.0,False,False,False,False,0
/Users/arthu/Desktop/CTM_Res-Pro/data/reach_to_grasp_dataset/data/participant_1/motion/B4_trial2_rep2_attempt0.csv,1,4,6,6,7,7,7,7,False,False,37,0.0,False,False,False,False,0
/Users/arthu/Desktop/CTM_Res-Pro/data/reach_to_grasp_dataset/data/participant_1/motion/B4_trial2_rep3_attempt0.csv,1,4,6,6,7,7,7,7,False,False,46,0.0,False,False,False,False,0
/Users/arthu/Desktop/CTM_Res-Pro/data/reach_to_grasp_dataset/data/participant_1/motion/B4_trial3_rep0_attempt0.csv,1,4,7,7,7,7,7,7,True,True,23,0.0,True,True,False,False,0
/Users/arthu/Desktop/CTM_Res-Pro/data/reach_to_grasp_dataset/data/participant_1/motion/B4_trial3_rep1_attempt0.csv,1,4,7,7,7,7,7,7,True,True,23,0.0,True,True,False,False,0
/Users/arthu/Desktop/CTM_Res-Pro/data/reach_to_grasp_dataset/data/participant_1/motion/B4_trial3_rep2_attempt0.csv,1,4,7,7,7,7,7,7,True,True,23,0.0,True,True,False,False,0
/Users/arthu/Desktop/CTM_Res-Pro/data/reach_to_grasp_dataset/data/participant_1/motion/B4_trial3_rep3_attempt0.csv,1,4,7,7,7,7,7,7,True,True,25,0.0,True,True,False,False,0
/Users/arthu/Desktop/CTM_Res-Pro/data/reach_to_grasp_dataset/data/participant_1/motion/B4_trial4_rep0_attempt0.csv,1,4,0,0,0,0,0,0,True,True,42,0.0,True,True,False,False,0
/Users/arthu/Desktop/CTM_Res-Pro/data/reach_to_grasp_dataset/data/participant_1/motion/B4_trial4_rep1_attempt0.csv,1,4,0,0,0,0,0,0,True,True,41,0.0,True,True,False,False,0
/Users/arthu/Desktop/CTM_Res-Pro/data/reach_to_grasp_dataset/data/participant_1/motion/B4_trial4_rep2_attempt0.csv,1,4,0,0,0,0,0,0,True,True,43,0.0,True,True,False,False,0
/Users/arthu/Desktop/CTM_Res-Pro/data/reach_to_grasp_dataset/data/participant_1/motion/B4_trial4_rep3_attempt0.csv,1,4,0,0,0,0,0,0,True,True,50,0.0,True,True,False,False,0
/Users/arthu/Desktop/CTM_Res-Pro/data/reach_to_grasp_dataset/data/participant_1/motion/B4_trial5_rep0_attempt0.csv,1,4,1,1,1,1,1,1,True,True,47,0.0,True,True,False,False,0
/Users/arthu/Desktop/CTM_Res-Pro/data/reach_to_grasp_dataset/data/participant_1/motion/B4_trial5_rep1_attempt0.csv,1,4,1,1,1,1,1,1,True,True,47,0.0,True,True,False,False,0
/Users/arthu/Desktop/CTM_Res-Pro/data/reach_to_grasp_dataset/data/participant_1/motion/B4_trial5_rep2_attempt0.csv,1,4,1,1,1,1,1,1,True,True,50,0.0,True,True,False,False,0
/Users/arthu/Desktop/CTM_Res-Pro/data/reach_to_grasp_dataset/data/participant_1/motion/B4_trial5_rep3_attempt0.csv,1,4,1,1,1,1,1,1,True,True,62,0.0,True,True,False,False,0
/Users/arthu/Desktop/CTM_Res-Pro/data/reach_to_grasp_dataset/data/participant_1/motion/B4_trial6_rep0_attempt0.csv,1,4,2,2,3,3,3,3,False,False,66,0.0,False,False,False,False,0
/Users/arthu/Desktop/CTM_Res-Pro/data/reach_to_grasp_dataset/data/participant_1/motion/B4_trial6_rep1_attempt0.csv,1,4,2,2,2,2,2,2,True,True,69,0.0,True,True,False,False,0
/Users/arthu/Desktop/CTM_Res-Pro/data/reach_to_grasp_dataset/data/participant_1/motion/B4_trial6_rep2_attempt0.csv,1,4,2,2,3,3,3,3,False,False,63,0.0,False,False,False,False,0
/Users/arthu/Desktop/CTM_Res-Pro/data/reach_to_grasp_dataset/data/participant_1/motion/B4_trial6_rep3_attempt0.csv,1,4,2,2,2,2,2,2,True,True,71,0.0,True,True,False,False,0
/Users/arthu/Desktop/CTM_Res-Pro/data/reach_to_grasp_dataset/data/participant_1/motion/B4_trial7_rep0_attempt0.csv,1,4,3,3,3,3,3,3,True,True,60,0.0,True,True,False,False,0
/Users/arthu/Desktop/CTM_Res-Pro/data/reach_to_grasp_dataset/data/participant_1/motion/B4_trial7_rep1_attempt0.csv,1,4,3,3,3,3,3,3,True,True,63,0.0,True,True,False,False,0
/Users/arthu/Desktop/CTM_Res-Pro/data/reach_to_grasp_dataset/data/participant_1/motion/B4_trial7_rep2_attempt0.csv,1,4,3,3,3,3,3,3,True,True,59,0.0,True,True,False,False,0
/Users/arthu/Desktop/CTM_Res-Pro/data/reach_to_grasp_dataset/data/participant_1/motion/B4_trial7_rep3_attempt0.csv,1,4,3,3,3,3,3,3,True,True,58,0.0,True,True,False,False,0
