object,tick,n_recordings,r_activity_certainty
3,1,16,-0.49294949694389484
3,2,16,0.42452852778204786
3,3,16,0.036993755192747564
3,4,16,0.014770482249419183
3,5,16,-0.16529382652072955
3,6,16,-0.06701471599741513
3,7,16,-0.027481227663391377
3,8,16,-0.020993524699058012
3,9,16,0.37278007489567294
3,10,16,0.6457621930524976
3,11,16,0.7920757749911286
3,12,16,0.821336512665412
3,13,16,0.7469285110829177
3,14,16,0.7333835976709
3,15,16,0.7225995749273821
3,16,16,0.7177545381166079
3,17,16,0.726439092766803
3,18,16,0.7212162406325556
3,19,16,0.7159816227476529
3,20,16,0.7045009754125559
3,21,16,0.6783333301951178
3,22,16,0.6490735821793462
3,23,16,0.6281856191202974
3,24,16,0.612535015062106
3,25,16,0.6039123339560548
4,1,16,0.4084233033893716
4,2,16,0.5258818775856601
4,3,16,0.8607261523869315
4,4,16,0.9529254556254632
4,5,16,0.965101244300009
4,6,16,0.9601318569162768
4,7,16,0.9549609303494068
4,8,16,0.9523956781807122
4,9,16,0.9486916279621566
4,10,16,0.948890765625828
4,11,16,0.9461301698132631
4,12,16,0.9427304673999531
4,13,16,0.9404103249295266
4,14,16,0.9340814631981164
4,15,16,0.9190395017461506
4,16,16,0.8963479007696061
4,17,16,0.8654295904748295
4,18,16,0.8303544432061507
4,19,16,0.7928339980531279
4,20,16,0.7589103896386897
4,21,16,0.7270669194471138
4,22,16,0.6949266847746952
4,23,16,0.6667205351838141
4,24,16,0.6395556095554517
4,25,16,0.61154663944398
