domain,cluster_id,median_eta_squared,maximum_eta_squared
B0,45,0.9544013566248047,0.9785365247569477
B0,87,0.9250988693737552,0.9571368774140722
B0,114,0.9804600640758043,0.9837797904430577
B0,131,0.9969397483598446,0.9977105945766473
B0,169,0.9791262334725777,0.9834212972779914
B0,175,0.9497162591065378,0.9827596042100868
B0,181,0.9718095372687631,0.9819511557554528
B1-B4,45,0.7521753522256623,0.837347577928396
B1-B4,87,0.8009786722704206,0.8491954492264413
B1-B4,114,0.8526183584953414,0.8624152356674271
B1-B4,131,0.838846794480656,0.8762791102970732
B1-B4,169,0.9329405950421148,0.9393963963964608
B1-B4,175,0.836896650502911,0.8842313653090259
B1-B4,181,0.8637946811644304,0.9268539520235543
