domain,cluster_id,recording,correct,r_activity_certainty
B0,45,0,True,0.8603377183657823
B0,45,1,True,0.33990396030477144
B0,45,2,True,0.640147141527483
B0,45,3,True,0.905170802581272
B0,45,4,True,0.6451359069033575
B0,45,5,True,-0.8059606697007251
B0,45,6,True,0.8573219519746039
B0,45,7,True,0.0741323590504904
B0,45,8,True,-0.5101450273311411
B0,45,9,True,0.9218928589482318
B0,45,10,True,0.9287299283385335
B0,45,11,True,0.9344688615043709
B0,45,12,True,0.919067325564892
B0,45,13,True,0.7991772163003421
B0,45,14,True,0.8424939278956703
B0,45,15,True,0.8553931987073708
B0,45,16,True,0.9343935984553019
B0,45,17,True,0.8604232617952544
B0,45,18,True,0.9320021603914972
B0,45,19,True,0.9496018303557109
B0,45,20,True,0.6759658070742884
B0,45,21,True,0.8715909067670382
B0,45,22,True,0.939975859539633
B0,45,23,True,0.8982824720263292
B0,45,24,True,-0.8069306841009569
B0,45,25,True,-0.8167045256376856
B0,45,26,True,-0.8603590644399973
B0,45,27,True,-0.8481256553073041
B0,45,28,True,-0.8271192154245413
B0,45,29,True,-0.8461669188404123
B0,45,30,True,-0.8266174169005657
B0,45,31,True,-0.823217936608431
B0,45,32,True,-0.9778686589220466
B0,45,33,True,-0.9730916815963069
B0,45,34,True,-0.9701954827105871
B0,45,35,True,-0.9743532697611036
B0,45,36,True,-0.9751297055464232
B0,45,37,True,-0.9706870151953064
B0,45,38,True,-0.9749461023269789
B0,45,39,True,-0.9735890805256847
B0,45,40,True,0.9303757511825552
B0,45,41,True,0.939008594077654
B0,45,42,True,0.9096513109465691
B0,45,43,True,0.9238431730308417
B0,45,44,True,0.9291533782709598
B0,45,45,True,0.9266719044828786
B0,45,46,True,0.9362287265084678
B0,45,47,True,0.9242626489101514
B0,45,48,True,-0.6835684154281281
B0,45,49,True,-0.9224315810339834
B0,45,50,True,-0.9143882283735396
B0,45,51,True,-0.8738782836594176
B0,45,52,True,-0.921858354074251
B0,45,53,True,-0.8191910737806443
B0,45,54,True,-0.13561548293054523
B0,45,55,True,-0.8282604699506637
B0,45,56,True,-0.9822929814843944
B0,45,57,True,-0.9825689809365252
B0,45,58,True,-0.9802487989541337
B0,45,59,True,-0.9821443543141725
B0,45,60,True,-0.9829875401787889
B0,45,61,True,-0.982810900392502
B0,45,62,True,-0.982884723997482
B0,45,63,True,-0.9822555746692889
B0,87,0,True,0.5905784798602598
B0,87,1,True,0.32779046053198774
B0,87,2,True,0.8302123999747726
B0,87,3,True,0.8901281743859252
B0,87,4,True,0.9547841186138026
B0,87,5,True,0.9572964696017713
B0,87,6,True,0.9794555404154247
B0,87,7,True,0.9412773817302491
B0,87,8,True,0.9802024048681771
B0,87,9,True,0.9798695563062225
B0,87,10,True,0.973070860986866
B0,87,11,True,0.9796477283094979
B0,87,12,True,0.9674923080094693
B0,87,13,True,0.9759944750395492
B0,87,14,True,0.9732981758560908
B0,87,15,True,0.9680660965123377
B0,87,16,True,0.9730392114972433
B0,87,17,True,0.9720004606037524
B0,87,18,True,0.9739415240924386
B0,87,19,True,0.9733621480335443
B0,87,20,True,0.9635980775076617
B0,87,21,True,0.9716642559515493
B0,87,22,True,0.9755450627893072
B0,87,23,True,0.9739142696213086
B0,87,24,True,0.912871016385473
B0,87,25,True,0.9359798543100144
B0,87,26,True,0.9425384178205404
B0,87,27,True,0.9443556947672666
B0,87,28,True,0.9425539629916124
B0,87,29,True,0.9380400801124394
B0,87,30,True,0.9449449558081969
B0,87,31,True,0.9429282298233528
B0,87,32,True,0.9788036219614404
B0,87,33,True,0.9464213361874424
B0,87,34,True,0.9588303773098176
B0,87,35,True,0.9640658524920207
B0,87,36,True,0.9754718750820046
B0,87,37,True,0.956612915617375
B0,87,38,True,0.9721669213103514
B0,87,39,True,0.9714109714491067
B0,87,40,True,-0.7966104432667791
B0,87,41,True,-0.9119151772054037
B0,87,42,True,-0.9454724134649799
B0,87,43,True,-0.8816905284868519
B0,87,44,True,-0.8932485694538895
B0,87,45,True,-0.9146996645206038
B0,87,46,True,-0.9120743364834704
B0,87,47,True,-0.91762672338463
B0,87,48,True,0.08638816764693656
B0,87,49,True,0.9294097583558634
B0,87,50,True,0.8975828394342715
B0,87,51,True,0.8144050971063589
B0,87,52,True,0.8696180788077101
B0,87,53,True,0.8770380141066251
B0,87,54,True,0.7086398044397938
B0,87,55,True,0.7900012673839286
B0,87,56,True,0.9151999125005136
B0,87,57,True,0.9117584054795069
B0,87,58,True,0.7613576881457228
B0,87,59,True,0.7958500532780384
B0,87,60,True,0.7980678394217325
B0,87,61,True,0.7343966892118965
B0,87,62,True,0.8113000677326264
B0,87,63,True,0.7431859675898285
B0,114,0,True,0.887596851662265
B0,114,1,True,0.5697768700909934
B0,114,2,True,0.8140584001902103
B0,114,3,True,0.8671169021340124
B0,114,4,True,0.7921089811678645
B0,114,5,True,0.9228267449137976
B0,114,6,True,0.9179226798230998
B0,114,7,True,0.776927529595165
B0,114,8,True,0.940809581030748
B0,114,9,True,0.9548838767977975
B0,114,10,True,0.9500085713268953
B0,114,11,True,0.9496792619845411
B0,114,12,True,0.9529496010076092
B0,114,13,True,0.9399883081423873
B0,114,14,True,0.949328522161265
B0,114,15,True,0.9380640622625447
B0,114,16,True,0.9655262729761612
B0,114,17,True,0.8775105246366525
B0,114,18,True,0.9293030436607352
B0,114,19,True,0.9122556730014759
B0,114,20,True,0.8034648602911864
B0,114,21,True,0.8290042889906729
B0,114,22,True,0.9343970451637449
B0,114,23,True,0.8632330413462931
B0,114,24,True,0.9302972509015188
B0,114,25,True,0.9354610462999164
B0,114,26,True,0.9330134859005912
B0,114,27,True,0.9280627553014357
B0,114,28,True,0.9312887641143558
B0,114,29,True,0.9309591259223405
B0,114,30,True,0.9351820030666858
B0,114,31,True,0.9327908433063687
B0,114,32,True,-0.895481474820076
B0,114,33,True,-0.7745740111033842
B0,114,34,True,-0.7498162095922978
B0,114,35,True,-0.8294908695568791
B0,114,36,True,-0.9737489300590645
B0,114,37,True,-0.8174797577246807
B0,114,38,True,-0.9758871273554486
B0,114,39,True,-0.9294980790178233
B0,114,40,True,0.9620000088432333
B0,114,41,True,0.9667460345485762
B0,114,42,True,0.883318865683369
B0,114,43,True,0.9620188398021216
B0,114,44,True,0.9658454799092783
B0,114,45,True,0.9504023479292592
B0,114,46,True,0.9613302983406872
B0,114,47,True,0.9416260971768002
B0,114,48,True,0.7262013977965686
B0,114,49,True,0.1309493247638736
B0,114,50,True,0.17514188653624727
B0,114,51,True,0.5904365798969694
B0,114,52,True,0.5795709274347866
B0,114,53,True,0.4653012072830524
B0,114,54,True,0.7894133309419705
B0,114,55,True,0.5893066391417405
B0,114,56,True,0.002831890379729005
B0,114,57,True,-0.07184856441997067
B0,114,58,True,0.5616322096096783
B0,114,59,True,0.3673443722536046
B0,114,60,True,0.8035372883555487
B0,114,61,True,0.2591259216553608
B0,114,62,True,0.06348291331589777
B0,114,63,True,0.41766403072140856
B0,131,0,True,-0.7965953063215552
B0,131,1,True,-0.4529001341117145
B0,131,2,True,-0.8752630648554296
B0,131,3,True,-0.7991241890127253
B0,131,4,True,-0.5428323029296145
B0,131,5,True,-0.8678867426992369
B0,131,6,True,-0.49089645109863095
B0,131,7,True,-0.24676861181279064
B0,131,8,True,0.21295985160767142
B0,131,9,True,0.2916551663214577
B0,131,10,True,0.36662198832358345
B0,131,11,True,0.34246809716291743
B0,131,12,True,0.09419488202029958
B0,131,13,True,0.4403322608681593
B0,131,14,True,0.22525370264538133
B0,131,15,True,0.4108062288110105
B0,131,16,True,-0.9546146469511245
B0,131,17,True,-0.9321673720035671
B0,131,18,True,-0.9477388427841901
B0,131,19,True,-0.9396337435907157
B0,131,20,True,-0.9441722475211684
B0,131,21,True,-0.9364378893379828
B0,131,22,True,-0.9429573977846912
B0,131,23,True,-0.9281246785820267
B0,131,24,True,-0.8031955983011246
B0,131,25,True,-0.8044136111535061
B0,131,26,True,-0.85334786052832
B0,131,27,True,-0.8570347686176749
B0,131,28,True,-0.8402172689758187
B0,131,29,True,-0.8410599211468439
B0,131,30,True,-0.8237807453182168
B0,131,31,True,-0.852785313825654
B0,131,32,True,0.9123095436031144
B0,131,33,True,0.9152576996071699
B0,131,34,True,0.9156710259029467
B0,131,35,True,0.9177956528676435
B0,131,36,True,0.9131705402045137
B0,131,37,True,0.9162899129008268
B0,131,38,True,0.9058332469974929
B0,131,39,True,0.9187058015690774
B0,131,40,True,-0.9382983033415544
B0,131,41,True,0.46464887170901836
B0,131,42,True,-0.8378975533378614
B0,131,43,True,-0.81784221611334
B0,131,44,True,-0.8415319435178815
B0,131,45,True,-0.7211267894570786
B0,131,46,True,-0.8363064436140435
B0,131,47,True,-0.7956320108273701
B0,131,48,True,0.4503764322753905
B0,131,49,True,-0.15548631692869327
B0,131,50,True,-0.2964614737805895
B0,131,51,True,-0.5554779139801214
B0,131,52,True,-0.5625375018716693
B0,131,53,True,-0.08133788002670542
B0,131,54,True,-0.11366256257046203
B0,131,55,True,-0.42027656854894024
B0,131,56,True,-0.101363628068442
B0,131,57,True,-0.08367285922323373
B0,131,58,True,0.09472759028103468
B0,131,59,True,0.1702776728128047
B0,131,60,True,0.1925584526213545
B0,131,61,True,0.35780338156455616
B0,131,62,True,0.25547488100944943
B0,131,63,True,0.30362181633577195
B0,169,0,True,-0.9328449435923728
B0,169,1,True,-0.9425161327456817
B0,169,2,True,-0.9374431282373216
B0,169,3,True,-0.9440471089617778
B0,169,4,True,-0.9086651584429692
B0,169,5,True,-0.7322102081073919
B0,169,6,True,-0.9343444780575746
B0,169,7,True,-0.8825185073490435
B0,169,8,True,-0.8028418783206608
B0,169,9,True,-0.8556894103518887
B0,169,10,True,-0.9216256783755483
B0,169,11,True,-0.9284651263165823
B0,169,12,True,-0.9192284740195411
B0,169,13,True,-0.9108734182719934
B0,169,14,True,-0.9321667880776282
B0,169,15,True,-0.88754345188169
B0,169,16,True,0.7867418795500369
B0,169,17,True,0.9680596109527353
B0,169,18,True,0.9592297597535651
B0,169,19,True,0.9470097030140491
B0,169,20,True,0.9793687012303746
B0,169,21,True,0.9780177640128299
B0,169,22,True,0.959298838713386
B0,169,23,True,0.9688433631502511
B0,169,24,True,-0.918641656787906
B0,169,25,True,-0.9188355103481091
B0,169,26,True,-0.9224088265924322
B0,169,27,True,-0.9208629740551622
B0,169,28,True,-0.9197225894470947
B0,169,29,True,-0.9222929855628764
B0,169,30,True,-0.9219195825024498
B0,169,31,True,-0.9232996480381939
B0,169,32,True,0.7119916960167477
B0,169,33,True,0.6283705971467376
B0,169,34,True,0.6407428243319138
B0,169,35,True,0.6781330085127691
B0,169,36,True,0.5197979925232142
B0,169,37,True,0.623936216789003
B0,169,38,True,0.6371221515876242
B0,169,39,True,0.6395611420407007
B0,169,40,True,-0.9483870745146991
B0,169,41,True,-0.9533669619607815
B0,169,42,True,-0.9589782837541916
B0,169,43,True,-0.9516396213868537
B0,169,44,True,-0.9526591041472331
B0,169,45,True,-0.9564090523699035
B0,169,46,True,-0.9552448033475426
B0,169,47,True,-0.9552353389206274
B0,169,48,True,-0.826951355806008
B0,169,49,True,0.5566168498046445
B0,169,50,True,-0.009786818580830296
B0,169,51,True,-0.3214818495969302
B0,169,52,True,-0.13692156686890494
B0,169,53,True,-0.20159109571673214
B0,169,54,True,-0.6332861635702812
B0,169,55,True,-0.4631065471718005
B0,169,56,True,0.9303156014562516
B0,169,57,True,0.9296136352379377
B0,169,58,True,0.9375948368409389
B0,169,59,True,0.9378577170438835
B0,169,60,True,0.9359230736397812
B0,169,61,True,0.934298766985794
B0,169,62,True,0.9309154567646161
B0,169,63,True,0.9376168863867886
B0,175,0,True,0.9572855882985559
B0,175,1,True,0.9637833771327924
B0,175,2,True,0.9608369053622974
B0,175,3,True,0.95177755582352
B0,175,4,True,0.9528678533811313
B0,175,5,True,0.9566410778582086
B0,175,6,True,0.9435793966779625
B0,175,7,True,0.9566203432675973
B0,175,8,True,-0.9415465824192281
B0,175,9,True,-0.9459230367435563
B0,175,10,True,-0.928621229056093
B0,175,11,True,-0.9289328112062786
B0,175,12,True,-0.9250949262213752
B0,175,13,True,-0.9156653958609097
B0,175,14,True,-0.913753223508194
B0,175,15,True,-0.9174027524899592
B0,175,16,True,-0.7961471489190808
B0,175,17,True,-0.29312199474175554
B0,175,18,True,-0.5530039860430328
B0,175,19,True,-0.7565946013957221
B0,175,20,True,0.11796959101011859
B0,175,21,True,0.0015890569412555931
B0,175,22,True,-0.430574381073866
B0,175,23,True,0.14375993313441743
B0,175,24,True,-0.9019734237807687
B0,175,25,True,-0.901722097177144
B0,175,26,True,-0.8886039984315185
B0,175,27,True,-0.9007778217106471
B0,175,28,True,-0.9059759072298734
B0,175,29,True,-0.8793188637246895
B0,175,30,True,-0.8807388819437026
B0,175,31,True,-0.886581133967884
B0,175,32,True,0.012627128967505695
B0,175,33,True,0.6928793367685312
B0,175,34,True,0.2472588634316853
B0,175,35,True,0.21313211381924904
B0,175,36,True,0.029503333813434125
B0,175,37,True,0.2890647450167675
B0,175,38,True,0.5371848988069402
B0,175,39,True,-0.008661980985250612
B0,175,40,True,-0.8606306853637312
B0,175,41,True,-0.8282085238527066
B0,175,42,True,-0.3922871772563355
B0,175,43,True,-0.6511069627314705
B0,175,44,True,-0.7887570175263487
B0,175,45,True,-0.6976992812445107
B0,175,46,True,-0.7339777701822837
B0,175,47,True,-0.5437454470991496
B0,175,48,True,0.9475481280251685
B0,175,49,True,0.917327011151917
B0,175,50,True,0.9338370982442824
B0,175,51,True,0.9290031914336575
B0,175,52,True,0.9207607523535061
B0,175,53,True,0.9251211899087401
B0,175,54,True,0.9271232850251032
B0,175,55,True,0.9194366185745106
B0,175,56,True,0.9240433451024986
B0,175,57,True,0.9478753482757541
B0,175,58,True,0.927262265115901
B0,175,59,True,0.92638744728478
B0,175,60,True,0.9225646812239435
B0,175,61,True,0.9505681409056633
B0,175,62,True,0.9556998611510809
B0,175,63,True,0.9473600916443339
B0,181,0,True,0.9187204078081284
B0,181,1,True,0.9292132647761697
B0,181,2,True,0.9053551947139656
B0,181,3,True,0.915222665648396
B0,181,4,True,0.9256550144411512
B0,181,5,True,0.9192560646894598
B0,181,6,True,0.935963597001055
B0,181,7,True,0.915606143522373
B0,181,8,True,0.829121004772673
B0,181,9,True,0.3459886779217837
B0,181,10,True,0.22140723612254565
B0,181,11,True,0.8262677644884787
B0,181,12,True,0.2781784896939468
B0,181,13,True,0.7857987265472175
B0,181,14,True,0.8770328326196654
B0,181,15,True,-0.47945255633315054
B0,181,16,True,0.18491234529319503
B0,181,17,True,0.6978483275398348
B0,181,18,True,0.5865332128340873
B0,181,19,True,0.563634494953399
B0,181,20,True,0.7661856557843443
B0,181,21,True,0.7324364145221764
B0,181,22,True,0.5285056278634058
B0,181,23,True,0.7321542782497227
B0,181,24,True,-0.8072529144387083
B0,181,25,True,-0.7288768143610821
B0,181,26,True,-0.831707323199007
B0,181,27,True,-0.86747866370449
B0,181,28,True,-0.8281679786797531
B0,181,29,True,-0.8360046870642565
B0,181,30,True,-0.7892303125749062
B0,181,31,True,-0.8588697942159076
B0,181,32,True,-0.7362993618227668
B0,181,33,True,-0.8507273713764208
B0,181,34,True,-0.8947803262092063
B0,181,35,True,-0.8273812277903051
B0,181,36,True,-0.5137312441142002
B0,181,37,True,-0.8936183287369291
B0,181,38,True,-0.6828741000159937
B0,181,39,True,-0.761455336804215
B0,181,40,True,0.923083747705411
B0,181,41,True,0.8622269957577331
B0,181,42,True,0.9107693588500989
B0,181,43,True,0.8938934830656748
B0,181,44,True,0.860715254969907
B0,181,45,True,0.8731127468232419
B0,181,46,True,0.8706026661453846
B0,181,47,True,0.889329951869487
B0,181,48,True,0.9216071599897695
B0,181,49,True,0.9231190697823136
B0,181,50,True,0.914526151329736
B0,181,51,True,0.9045269528542033
B0,181,52,True,0.8812946865330599
B0,181,53,True,0.8981831277388772
B0,181,54,True,0.8819832067311457
B0,181,55,True,0.8768251546670275
B0,181,56,True,0.9048694225020896
B0,181,57,True,0.9167296637887755
B0,181,58,True,0.8914633855693783
B0,181,59,True,0.8911730047673524
B0,181,60,True,0.8778380066943722
B0,181,61,True,0.9039533337971427
B0,181,62,True,0.9110376170453104
B0,181,63,True,0.8933678993972284
B1-B4,45,0,True,-0.9164512002280352
B1-B4,45,1,True,-0.8274068248207308
B1-B4,45,2,True,-0.6990512297834922
B1-B4,45,3,True,0.35646909869696364
B1-B4,45,4,False,0.8320991764128718
B1-B4,45,5,False,0.7271339088238787
B1-B4,45,6,True,0.7777621720269845
B1-B4,45,7,True,0.8603234063730129
B1-B4,45,8,True,-0.9212067563540822
B1-B4,45,9,True,0.8101168088555695
B1-B4,45,10,False,-0.9604982788532715
B1-B4,45,11,False,-0.9719093335624046
B1-B4,45,12,True,-0.8568059354861975
B1-B4,45,13,True,-0.8529620595587145
B1-B4,45,14,True,-0.8419778550001632
B1-B4,45,15,True,-0.8298487685705306
B1-B4,45,16,True,-0.9833655426592651
B1-B4,45,17,True,-0.9767999771759637
B1-B4,45,18,True,-0.9786495213543283
B1-B4,45,19,True,-0.9380320545732111
B1-B4,45,20,True,0.9036595322812015
B1-B4,45,21,True,0.9074716982558891
B1-B4,45,22,True,0.9132279181161959
B1-B4,45,23,True,0.8741414739466791
B1-B4,45,24,False,-0.972187203562184
B1-B4,45,25,False,-0.907669139741017
B1-B4,45,26,False,-0.9779334602745757
B1-B4,45,27,False,-0.979388573981405
B1-B4,45,28,True,-0.9834867668442835
B1-B4,45,29,True,-0.9875451679113215
B1-B4,45,30,True,-0.9839750331606164
B1-B4,45,31,True,-0.9851700404643972
B1-B4,45,32,True,-0.9859166535094843
B1-B4,45,33,True,-0.9846518830568302
B1-B4,45,34,True,-0.9850138004417552
B1-B4,45,35,True,-0.9834081707170516
B1-B4,45,36,False,-0.9764933808769671
B1-B4,45,37,True,-0.9481529042250416
B1-B4,45,38,False,-0.9264883443852027
B1-B4,45,39,False,-0.9136380022881352
B1-B4,45,40,True,0.913634491771593
B1-B4,45,41,True,0.9167098863839023
B1-B4,45,42,True,0.9164577728500815
B1-B4,45,43,True,0.9393648924571493
B1-B4,45,44,True,-0.9825694260555663
B1-B4,45,45,True,-0.9798531695393232
B1-B4,45,46,True,-0.9809036966065933
B1-B4,45,47,True,-0.9806428296537859
B1-B4,45,48,True,-0.9247839639878129
B1-B4,45,49,True,-0.9122386485497206
B1-B4,45,50,True,-0.9105898943842851
B1-B4,45,51,True,-0.9091333647440887
B1-B4,45,52,False,-0.9208357199045224
B1-B4,45,53,False,-0.9304869421961636
B1-B4,45,54,True,0.9089859166871804
B1-B4,45,55,True,0.7183963778431932
B1-B4,45,56,True,0.9399971608108056
B1-B4,45,57,True,0.9422104644879123
B1-B4,45,58,True,0.9515108161985392
B1-B4,45,59,True,0.9064244311138768
B1-B4,45,60,True,-0.7601831974551128
B1-B4,45,61,True,0.8743561791388091
B1-B4,45,62,True,0.8631700551286824
B1-B4,45,63,True,0.02556521809442102
B1-B4,45,64,False,-0.9019509177854241
B1-B4,45,65,False,-0.8080308858122435
B1-B4,45,66,False,-0.7953093942948593
B1-B4,45,67,True,-0.9414304575066761
B1-B4,45,68,True,0.8718870443270779
B1-B4,45,69,True,0.8110224391255452
B1-B4,45,70,True,0.8267391939619377
B1-B4,45,71,True,0.8005742189702634
B1-B4,45,72,True,0.9690671640547268
B1-B4,45,73,True,0.9382225082882543
B1-B4,45,74,True,0.9046238228635078
B1-B4,45,75,True,0.9352490969659891
B1-B4,45,76,True,0.7201018434395017
B1-B4,45,77,True,0.7929553695608256
B1-B4,45,78,True,-0.6248226747600477
B1-B4,45,79,True,0.7619397350223266
B1-B4,45,80,True,-0.9830367490614916
B1-B4,45,81,True,-0.9786069171859157
B1-B4,45,82,True,-0.98340120108469
B1-B4,45,83,True,-0.983050797860075
B1-B4,45,84,False,-0.9619349353164152
B1-B4,45,85,False,-0.9428940979814338
B1-B4,45,86,False,-0.9259995519038591
B1-B4,45,87,False,-0.9441533440362258
B1-B4,45,88,True,0.9146543476675828
B1-B4,45,89,True,0.9449283597461737
B1-B4,45,90,True,0.9365256401262932
B1-B4,45,91,True,0.9403296837518575
B1-B4,45,92,False,-0.7049263151305308
B1-B4,45,93,False,-0.7187833787877019
B1-B4,45,94,False,-0.7608006796283152
B1-B4,45,95,False,-0.8001088540287051
B1-B4,45,96,False,-0.8108417606019482
B1-B4,45,97,False,-0.8733465229592634
B1-B4,45,98,False,-0.8343011144713284
B1-B4,45,99,False,-0.8376920556175259
B1-B4,45,100,True,0.958384288565113
B1-B4,45,101,True,0.9343534497466028
B1-B4,45,102,True,0.9212318254846249
B1-B4,45,103,True,0.9622571159980471
B1-B4,45,104,False,-0.9810962050435893
B1-B4,45,105,False,-0.9749280841948247
B1-B4,45,106,False,-0.9742047195140473
B1-B4,45,107,False,-0.979742315230439
B1-B4,45,108,True,-0.984555641011329
B1-B4,45,109,True,-0.985291691498967
B1-B4,45,110,True,-0.9831726588601896
B1-B4,45,111,True,-0.9877882264437473
B1-B4,45,112,True,0.9179037322756823
B1-B4,45,113,True,-0.0847965422008911
B1-B4,45,114,True,-0.8624385415693041
B1-B4,45,115,True,-0.6931489441814297
B1-B4,45,116,True,0.8778240833637607
B1-B4,45,117,True,0.8562662529874486
B1-B4,45,118,True,0.8682918965213168
B1-B4,45,119,True,0.888378690510903
B1-B4,45,120,False,0.5485448876367863
B1-B4,45,121,True,0.3382466754499015
B1-B4,45,122,False,0.27051622073804366
B1-B4,45,123,True,0.4342548171597434
B1-B4,45,124,True,-0.878990965792369
B1-B4,45,125,True,-0.891313828269757
B1-B4,45,126,True,-0.8845010052981837
B1-B4,45,127,True,-0.8976150527410811
B1-B4,87,0,True,0.9644916115215251
B1-B4,87,1,True,0.8922805743947091
B1-B4,87,2,True,0.7889137869849486
B1-B4,87,3,True,0.750989400845359
B1-B4,87,4,False,0.916611095963675
B1-B4,87,5,False,0.938565579839211
B1-B4,87,6,True,0.9571519973936392
B1-B4,87,7,True,0.953881405526251
B1-B4,87,8,True,0.9730952973521174
B1-B4,87,9,True,0.9716561930543867
B1-B4,87,10,False,0.8983701656306664
B1-B4,87,11,False,0.964997445804989
B1-B4,87,12,True,0.9279688523812313
B1-B4,87,13,True,0.937194251416508
B1-B4,87,14,True,0.9364931179102051
B1-B4,87,15,True,0.9525119930963843
B1-B4,87,16,True,0.970952875797695
B1-B4,87,17,True,0.9796403221467257
B1-B4,87,18,True,0.9823708872191927
B1-B4,87,19,True,0.9395393835320008
B1-B4,87,20,True,-0.8289618034596203
B1-B4,87,21,True,-0.8420749038799114
B1-B4,87,22,True,-0.830597921714332
B1-B4,87,23,True,-0.846348081991699
B1-B4,87,24,False,0.908885936882644
B1-B4,87,25,False,0.8888464051522371
B1-B4,87,26,False,0.9253424788204025
B1-B4,87,27,False,0.7969019202867335
B1-B4,87,28,True,0.6468116472688479
B1-B4,87,29,True,0.6117557280129027
B1-B4,87,30,True,0.5846629543670899
B1-B4,87,31,True,0.738238245074309
B1-B4,87,32,True,0.857555086105242
B1-B4,87,33,True,0.854296161758952
B1-B4,87,34,True,0.8663098974420602
B1-B4,87,35,True,0.8632576099679842
B1-B4,87,36,False,0.9262148209470255
B1-B4,87,37,True,0.9507073078649514
B1-B4,87,38,False,0.922777834118431
B1-B4,87,39,False,0.919719719616077
B1-B4,87,40,True,-0.6327125998648144
B1-B4,87,41,True,-0.6870429626855037
B1-B4,87,42,True,-0.8199736698874672
B1-B4,87,43,True,-0.7305686917965385
B1-B4,87,44,True,0.9790360181780661
B1-B4,87,45,True,0.939789362995068
B1-B4,87,46,True,0.9384632167931016
B1-B4,87,47,True,0.9226326029272418
B1-B4,87,48,True,0.9583301265082356
B1-B4,87,49,True,0.9561370186893795
B1-B4,87,50,True,0.9577832104426536
B1-B4,87,51,True,0.9590401617188921
B1-B4,87,52,False,0.948850005783705
B1-B4,87,53,False,0.898820016284313
B1-B4,87,54,True,0.9708758476016219
B1-B4,87,55,True,0.9733439259341737
B1-B4,87,56,True,0.9718384388683784
B1-B4,87,57,True,0.9733639408672594
B1-B4,87,58,True,0.9736747230010244
B1-B4,87,59,True,0.9768734542525793
B1-B4,87,60,True,0.7488564964438734
B1-B4,87,61,True,0.58740240652256
B1-B4,87,62,True,0.9527888166731691
B1-B4,87,63,True,0.8812987977978609
B1-B4,87,64,False,0.8809030384814365
B1-B4,87,65,False,0.7744054769888843
B1-B4,87,66,False,0.7379472671877353
B1-B4,87,67,True,0.9053851440258237
B1-B4,87,68,True,0.9753960457306526
B1-B4,87,69,True,0.9728362343533018
B1-B4,87,70,True,0.9728211109003361
B1-B4,87,71,True,0.9735880141277059
B1-B4,87,72,True,0.9619061127402465
B1-B4,87,73,True,0.967790968221424
B1-B4,87,74,True,0.9770000611759904
B1-B4,87,75,True,0.9548445692304033
B1-B4,87,76,True,0.23373362508634907
B1-B4,87,77,True,0.7082921472150561
B1-B4,87,78,True,0.9121351715673088
B1-B4,87,79,True,0.43021574313543487
B1-B4,87,80,True,0.8232513900015286
B1-B4,87,81,True,0.877544962791696
B1-B4,87,82,True,0.832233724325953
B1-B4,87,83,True,0.8252467212797991
B1-B4,87,84,False,0.9187068064157624
B1-B4,87,85,False,0.9395064130383355
B1-B4,87,86,False,0.8938012007851204
B1-B4,87,87,False,0.9171308988067437
B1-B4,87,88,True,-0.43840633787985706
B1-B4,87,89,True,-0.8331134938838207
B1-B4,87,90,True,-0.8826136980924322
B1-B4,87,91,True,-0.8279381343837657
B1-B4,87,92,False,0.9137991669555654
B1-B4,87,93,False,0.9121170190096534
B1-B4,87,94,False,0.914594355720877
B1-B4,87,95,False,0.911809272880672
B1-B4,87,96,False,0.8369142741912206
B1-B4,87,97,False,0.8660464251033524
B1-B4,87,98,False,0.8773126631875544
B1-B4,87,99,False,0.8552551558188518
B1-B4,87,100,True,-0.7918843853816074
B1-B4,87,101,True,-0.8810971525851031
B1-B4,87,102,True,-0.8133594731377538
B1-B4,87,103,True,-0.6537231636896266
B1-B4,87,104,False,0.9030459460062866
B1-B4,87,105,False,0.8930387851228667
B1-B4,87,106,False,0.8767958243901165
B1-B4,87,107,False,0.8736355874534857
B1-B4,87,108,True,0.523492818692245
B1-B4,87,109,True,0.5034249719485709
B1-B4,87,110,True,0.6299413429907194
B1-B4,87,111,True,0.48045562901227024
B1-B4,87,112,True,0.8921038713023148
B1-B4,87,113,True,0.33753814245661845
B1-B4,87,114,True,0.9140044696045175
B1-B4,87,115,True,0.7629167033142918
B1-B4,87,116,True,0.9768350522599298
B1-B4,87,117,True,0.9752747337664223
B1-B4,87,118,True,0.9792013370329561
B1-B4,87,119,True,0.9747260499092045
B1-B4,87,120,False,0.953066821549033
B1-B4,87,121,True,0.9766289087239535
B1-B4,87,122,False,0.9591915423050622
B1-B4,87,123,True,0.969190545439006
B1-B4,87,124,True,0.9496972662085162
B1-B4,87,125,True,0.9578509228529708
B1-B4,87,126,True,0.9629764468100652
B1-B4,87,127,True,0.9595402719493198
B1-B4,114,0,True,0.8699846296841516
B1-B4,114,1,True,0.7574428659282321
B1-B4,114,2,True,0.4309143707514828
B1-B4,114,3,True,0.36530227017867073
B1-B4,114,4,False,0.9772583358833044
B1-B4,114,5,False,0.9368266192663716
B1-B4,114,6,True,0.9417692464826813
B1-B4,114,7,True,0.9691963027936774
B1-B4,114,8,True,0.5583056912841641
B1-B4,114,9,True,0.8894184006135077
B1-B4,114,10,False,0.5821640073950891
B1-B4,114,11,False,0.829109757135487
B1-B4,114,12,True,0.9243910820479224
B1-B4,114,13,True,0.9292984151824624
B1-B4,114,14,True,0.9293551410441392
B1-B4,114,15,True,0.931630053068987
B1-B4,114,16,True,-0.8881373167947868
B1-B4,114,17,True,-0.9618041580916521
B1-B4,114,18,True,-0.9733919512107579
B1-B4,114,19,True,-0.9702810784640756
B1-B4,114,20,True,0.9551611753282666
B1-B4,114,21,True,0.9515153380197433
B1-B4,114,22,True,0.954747867723148
B1-B4,114,23,True,0.9238488426282202
B1-B4,114,24,False,0.19409945834960318
B1-B4,114,25,False,0.6032333094843065
B1-B4,114,26,False,0.6364691743752796
B1-B4,114,27,False,0.401870870991457
B1-B4,114,28,True,0.635362087884428
B1-B4,114,29,True,0.8600079964130648
B1-B4,114,30,True,0.8889035111554063
B1-B4,114,31,True,-0.15983465052190104
B1-B4,114,32,True,0.34513533931406765
B1-B4,114,33,True,0.13348532929106288
B1-B4,114,34,True,0.02746104532880481
B1-B4,114,35,True,-0.06591384199694283
B1-B4,114,36,False,0.2776676984999462
B1-B4,114,37,True,0.36258478825115276
B1-B4,114,38,False,0.8272231223825111
B1-B4,114,39,False,0.7915396953495956
B1-B4,114,40,True,0.9617913770291272
B1-B4,114,41,True,0.9609557908828645
B1-B4,114,42,True,0.952849070981266
B1-B4,114,43,True,0.9598297204880987
B1-B4,114,44,True,-0.974878647244956
B1-B4,114,45,True,-0.8024781279998733
B1-B4,114,46,True,-0.8675924854439974
B1-B4,114,47,True,-0.9565909160702586
B1-B4,114,48,True,0.9266375304798602
B1-B4,114,49,True,0.9134025783818818
B1-B4,114,50,True,0.9198172487743989
B1-B4,114,51,True,0.9175525930029197
B1-B4,114,52,False,0.6493925060757793
B1-B4,114,53,False,0.5346072117646108
B1-B4,114,54,True,0.9463617414969124
B1-B4,114,55,True,0.9674841225881851
B1-B4,114,56,True,0.9487575426102233
B1-B4,114,57,True,0.9409616582929679
B1-B4,114,58,True,0.9393391371898031
B1-B4,114,59,True,0.9399292412216059
B1-B4,114,60,True,-0.15132288865683755
B1-B4,114,61,True,-0.16057424811201623
B1-B4,114,62,True,0.2776992463409501
B1-B4,114,63,True,-0.34621350168743104
B1-B4,114,64,False,0.8028988046777026
B1-B4,114,65,False,0.7007365713067573
B1-B4,114,66,False,0.6919869883610921
B1-B4,114,67,True,0.8518057282681706
B1-B4,114,68,True,0.9646096518558416
B1-B4,114,69,True,0.9668549767660358
B1-B4,114,70,True,0.9667340528770411
B1-B4,114,71,True,0.965358585146564
B1-B4,114,72,True,0.9653234933896006
B1-B4,114,73,True,0.9601265102825502
B1-B4,114,74,True,0.9383342384098617
B1-B4,114,75,True,0.9213581017094647
B1-B4,114,76,True,-0.2967769437002344
B1-B4,114,77,True,0.5501350794795622
B1-B4,114,78,True,0.5015496072719657
B1-B4,114,79,True,-0.13176146981678247
B1-B4,114,80,True,0.32711010644987065
B1-B4,114,81,True,-0.2533823578418385
B1-B4,114,82,True,-0.258276652634498
B1-B4,114,83,True,-0.22971051624701294
B1-B4,114,84,False,0.25351237044903885
B1-B4,114,85,False,0.6043412539349975
B1-B4,114,86,False,0.754038832220763
B1-B4,114,87,False,0.6965204237097764
B1-B4,114,88,True,0.9628005738623954
B1-B4,114,89,True,0.9101890173583554
B1-B4,114,90,True,0.7629300117948167
B1-B4,114,91,True,0.9315794464746368
B1-B4,114,92,False,-0.8826698513785147
B1-B4,114,93,False,-0.9499077727725123
B1-B4,114,94,False,-0.9496251982806757
B1-B4,114,95,False,-0.9292820023046109
B1-B4,114,96,False,-0.8847638837570503
B1-B4,114,97,False,-0.9420885871993877
B1-B4,114,98,False,-0.6274497777024951
B1-B4,114,99,False,-0.7049772968543001
B1-B4,114,100,True,0.95938080513641
B1-B4,114,101,True,0.9445206881769187
B1-B4,114,102,True,0.9571081149626227
B1-B4,114,103,True,0.9636440015184323
B1-B4,114,104,False,0.538213420784507
B1-B4,114,105,False,0.3107953877684616
B1-B4,114,106,False,0.4165657919309938
B1-B4,114,107,False,0.5957678562355893
B1-B4,114,108,True,-0.13740920791308472
B1-B4,114,109,True,0.08686042550333892
B1-B4,114,110,True,0.21947155510507096
B1-B4,114,111,True,-0.035523473307321404
B1-B4,114,112,True,0.5554567743450723
B1-B4,114,113,True,0.2135461813672772
B1-B4,114,114,True,0.382410867749336
B1-B4,114,115,True,0.12002341775656314
B1-B4,114,116,True,0.9453863148739587
B1-B4,114,117,True,0.9437683426765102
B1-B4,114,118,True,0.9480397961703587
B1-B4,114,119,True,0.9400779793357867
B1-B4,114,120,False,0.8878615866783853
B1-B4,114,121,True,0.929742288680493
B1-B4,114,122,False,0.900953944188489
B1-B4,114,123,True,0.9228640027855907
B1-B4,114,124,True,0.9306649352861683
B1-B4,114,125,True,0.9263635452506427
B1-B4,114,126,True,0.9290682884463215
B1-B4,114,127,True,0.9249608848636405
B1-B4,131,0,True,-0.8694113166869027
B1-B4,131,1,True,-0.9695192098298236
B1-B4,131,2,True,-0.9477796830536789
B1-B4,131,3,True,-0.5601667040025085
B1-B4,131,4,False,-0.9895351086805031
B1-B4,131,5,False,-0.9231419919453727
B1-B4,131,6,True,-0.8269134400945175
B1-B4,131,7,True,-0.9497494261837193
B1-B4,131,8,True,-0.49381129951561087
B1-B4,131,9,True,-0.8294956641961367
B1-B4,131,10,False,-0.807010499106146
B1-B4,131,11,False,-0.7534023199437
B1-B4,131,12,True,-0.7466481024040541
B1-B4,131,13,True,-0.8134679755064086
B1-B4,131,14,True,-0.6864260087700971
B1-B4,131,15,True,-0.8114487789479984
B1-B4,131,16,True,0.7815750808550957
B1-B4,131,17,True,0.7937323008129419
B1-B4,131,18,True,0.8026608842162026
B1-B4,131,19,True,0.6470963668646998
B1-B4,131,20,True,-0.9680645620850347
B1-B4,131,21,True,-0.957169496433079
B1-B4,131,22,True,-0.9331148503025649
B1-B4,131,23,True,-0.9454756242802729
B1-B4,131,24,False,0.0742210444433076
B1-B4,131,25,False,-0.022147616738734593
B1-B4,131,26,False,0.03199778937329071
B1-B4,131,27,False,0.08194020889324836
B1-B4,131,28,True,0.37071808342435336
B1-B4,131,29,True,0.46989082534226323
B1-B4,131,30,True,0.47994200967066913
B1-B4,131,31,True,0.46665786607769416
B1-B4,131,32,True,0.10986838823435208
B1-B4,131,33,True,0.14939913972255978
B1-B4,131,34,True,0.10855553197687208
B1-B4,131,35,True,0.08664490412858057
B1-B4,131,36,False,-0.3291481021077868
B1-B4,131,37,True,-0.9122723722577764
B1-B4,131,38,False,-0.9779934632456043
B1-B4,131,39,False,-0.9785172812436475
B1-B4,131,40,True,-0.8998715171357465
B1-B4,131,41,True,-0.9419836153015951
B1-B4,131,42,True,-0.9053427785089819
B1-B4,131,43,True,-0.953112448248395
B1-B4,131,44,True,0.896020272469316
B1-B4,131,45,True,0.9059979017702938
B1-B4,131,46,True,0.9007890450032332
B1-B4,131,47,True,0.9101137027414249
B1-B4,131,48,True,-0.7942695111090017
B1-B4,131,49,True,-0.8741096770841408
B1-B4,131,50,True,-0.8258956513252419
B1-B4,131,51,True,-0.8389943459253799
B1-B4,131,52,False,-0.6032779159902724
B1-B4,131,53,False,-0.39597531684140264
B1-B4,131,54,True,-0.9166624057922357
B1-B4,131,55,True,-0.8795405941266019
B1-B4,131,56,True,0.35984117438492497
B1-B4,131,57,True,0.4968518707753963
B1-B4,131,58,True,0.43681471583581666
B1-B4,131,59,True,0.35364107683916685
B1-B4,131,60,True,0.29755076647324236
B1-B4,131,61,True,0.5253224349707362
B1-B4,131,62,True,0.5419165632053653
B1-B4,131,63,True,0.5433894643223408
B1-B4,131,64,False,-0.8226455773650032
B1-B4,131,65,False,-0.6481670689289922
B1-B4,131,66,False,-0.6314072322471378
B1-B4,131,67,True,-0.8208654487820837
B1-B4,131,68,True,-0.9226348788034582
B1-B4,131,69,True,-0.8882045341627743
B1-B4,131,70,True,-0.9056597476480773
B1-B4,131,71,True,-0.8594802370111784
B1-B4,131,72,True,-0.28308336021151687
B1-B4,131,73,True,-0.2489148757850025
B1-B4,131,74,True,-0.06188992910523844
B1-B4,131,75,True,-0.41779151206026555
B1-B4,131,76,True,0.5620968374402738
B1-B4,131,77,True,-0.5597161142812151
B1-B4,131,78,True,0.05774290370147008
B1-B4,131,79,True,0.5771884355417817
B1-B4,131,80,True,0.15396115770034519
B1-B4,131,81,True,0.2384859102110235
B1-B4,131,82,True,0.291996563174771
B1-B4,131,83,True,0.35823137408539224
B1-B4,131,84,False,-0.018112153481666077
B1-B4,131,85,False,-0.6514327204857504
B1-B4,131,86,False,-0.7695113482932948
B1-B4,131,87,False,-0.4631777240892688
B1-B4,131,88,True,-0.9408339255608802
B1-B4,131,89,True,-0.9725315277680048
B1-B4,131,90,True,-0.9736724038877661
B1-B4,131,91,True,-0.9630780800470996
B1-B4,131,92,False,0.4612502060193199
B1-B4,131,93,False,0.5341452509470282
B1-B4,131,94,False,0.5234303926426882
B1-B4,131,95,False,0.5172745299295137
B1-B4,131,96,False,0.4212092199244902
B1-B4,131,97,False,0.4162451792132801
B1-B4,131,98,False,0.3765159003344094
B1-B4,131,99,False,0.36580246448214737
B1-B4,131,100,True,-0.9569453528902654
B1-B4,131,101,True,-0.9540068267308671
B1-B4,131,102,True,-0.9598014201724304
B1-B4,131,103,True,-0.941371077515034
B1-B4,131,104,False,-0.6245235077468874
B1-B4,131,105,False,-0.6588669275927985
B1-B4,131,106,False,-0.8795404189621102
B1-B4,131,107,False,-0.6204660894601844
B1-B4,131,108,True,0.4920479199496366
B1-B4,131,109,True,0.5709988267473083
B1-B4,131,110,True,0.49732956596382616
B1-B4,131,111,True,0.5924181570682651
B1-B4,131,112,True,0.09137189951180456
B1-B4,131,113,True,0.2406034345503718
B1-B4,131,114,True,0.13830925531008367
B1-B4,131,115,True,0.3599514270421225
B1-B4,131,116,True,0.08147753645433316
B1-B4,131,117,True,0.28231324837736166
B1-B4,131,118,True,0.015736431549783
B1-B4,131,119,True,0.42615270414639866
B1-B4,131,120,False,-0.9103020455605647
B1-B4,131,121,True,-0.9120676711899719
B1-B4,131,122,False,-0.9154179204362309
B1-B4,131,123,True,-0.87926227696714
B1-B4,131,124,True,-0.8241653773834791
B1-B4,131,125,True,-0.8458367475005977
B1-B4,131,126,True,-0.8306458640306043
B1-B4,131,127,True,-0.8504156017295486
B1-B4,169,0,True,-0.8455714591724904
B1-B4,169,1,True,-0.8997958211239303
B1-B4,169,2,True,-0.9189630211176132
B1-B4,169,3,True,-0.9499463558048902
B1-B4,169,4,False,-0.970992151203341
B1-B4,169,5,False,-0.964405903076828
B1-B4,169,6,True,-0.9681200494425296
B1-B4,169,7,True,-0.9685068887009802
B1-B4,169,8,True,0.9773425641251772
B1-B4,169,9,True,0.9696588558529609
B1-B4,169,10,False,0.9400396353781543
B1-B4,169,11,False,0.9713797838852793
B1-B4,169,12,True,-0.9137040380477384
B1-B4,169,13,True,-0.9212204779178578
B1-B4,169,14,True,-0.9165812050346869
B1-B4,169,15,True,-0.9213887817275842
B1-B4,169,16,True,0.7062268144192685
B1-B4,169,17,True,0.6065981314263607
B1-B4,169,18,True,0.5555562422908363
B1-B4,169,19,True,0.44219436047012406
B1-B4,169,20,True,-0.9540028801950888
B1-B4,169,21,True,-0.9541024121381928
B1-B4,169,22,True,-0.9528116031949219
B1-B4,169,23,True,-0.9545284812292184
B1-B4,169,24,False,0.9127854957927404
B1-B4,169,25,False,0.8036208028339812
B1-B4,169,26,False,0.9369629836401326
B1-B4,169,27,False,0.88350836134232
B1-B4,169,28,True,0.9310364174367147
B1-B4,169,29,True,0.9093063272027166
B1-B4,169,30,True,0.9344301318545694
B1-B4,169,31,True,0.921755590098974
B1-B4,169,32,True,0.9146753501002886
B1-B4,169,33,True,0.9253273294540495
B1-B4,169,34,True,0.9159364925448515
B1-B4,169,35,True,0.9299005240501714
B1-B4,169,36,False,0.9197571804637266
B1-B4,169,37,True,0.7634232663220394
B1-B4,169,38,False,0.9445051515405313
B1-B4,169,39,False,0.951587796370283
B1-B4,169,40,True,-0.9450958232833451
B1-B4,169,41,True,-0.9492303624487658
B1-B4,169,42,True,-0.9531376363996908
B1-B4,169,43,True,-0.9526350077110466
B1-B4,169,44,True,0.7000812680086884
B1-B4,169,45,True,0.5907457641669381
B1-B4,169,46,True,0.5822380883123519
B1-B4,169,47,True,0.19177855306611877
B1-B4,169,48,True,-0.9175443330683614
B1-B4,169,49,True,-0.8991424676614239
B1-B4,169,50,True,-0.9107753142096516
B1-B4,169,51,True,-0.9066131734080414
B1-B4,169,52,False,0.7162988587484439
B1-B4,169,53,False,0.944435000152942
B1-B4,169,54,True,0.6356367178626643
B1-B4,169,55,True,-0.33568029551523837
B1-B4,169,56,True,-0.9305840299175605
B1-B4,169,57,True,-0.9272509307325999
B1-B4,169,58,True,-0.942203158676451
B1-B4,169,59,True,-0.9540241425478128
B1-B4,169,60,True,-0.9605521298134484
B1-B4,169,61,True,-0.9662008674214021
B1-B4,169,62,True,-0.9678761693568685
B1-B4,169,63,True,-0.9622572991897177
B1-B4,169,64,False,-0.4264427533261404
B1-B4,169,65,False,-0.8218640785300398
B1-B4,169,66,False,-0.8269014337790782
B1-B4,169,67,True,-0.9345868598008231
B1-B4,169,68,True,-0.5258989988488876
B1-B4,169,69,True,-0.2790854933984647
B1-B4,169,70,True,-0.46225537163378294
B1-B4,169,71,True,0.18063885296861554
B1-B4,169,72,True,-0.9726609823317882
B1-B4,169,73,True,-0.9629891564647902
B1-B4,169,74,True,-0.9652541644441122
B1-B4,169,75,True,-0.975340269740103
B1-B4,169,76,True,-0.9578962894732213
B1-B4,169,77,True,-0.9593009090922131
B1-B4,169,78,True,-0.8687284806140675
B1-B4,169,79,True,-0.9359797554531603
B1-B4,169,80,True,0.9320826741078387
B1-B4,169,81,True,0.9225401752023409
B1-B4,169,82,True,0.9282543945155421
B1-B4,169,83,True,0.9261009509479515
B1-B4,169,84,False,0.9167323926304363
B1-B4,169,85,False,0.9194936854163729
B1-B4,169,86,False,0.905806016684217
B1-B4,169,87,False,0.9098992557936952
B1-B4,169,88,True,-0.9447726101700396
B1-B4,169,89,True,-0.9593830746004276
B1-B4,169,90,True,-0.9615807822476452
B1-B4,169,91,True,-0.9556354684880302
B1-B4,169,92,False,-0.9121261140772225
B1-B4,169,93,False,-0.8280406134890811
B1-B4,169,94,False,-0.7416056114336848
B1-B4,169,95,False,-0.5635978805193915
B1-B4,169,96,False,0.07560800888551106
B1-B4,169,97,False,0.3610032865072994
B1-B4,169,98,False,0.15635157467727315
B1-B4,169,99,False,0.24067335350038813
B1-B4,169,100,True,-0.953922017656176
B1-B4,169,101,True,-0.9570148046232512
B1-B4,169,102,True,-0.9545130082901871
B1-B4,169,103,True,-0.948288172616355
B1-B4,169,104,False,0.8667791900693633
B1-B4,169,105,False,0.8216292023886564
B1-B4,169,106,False,0.8275586916267594
B1-B4,169,107,False,0.8724695892253884
B1-B4,169,108,True,0.8824683883698075
B1-B4,169,109,True,0.9221608656760406
B1-B4,169,110,True,0.9351348618437986
B1-B4,169,111,True,0.902598437596228
B1-B4,169,112,True,-0.9533363482615179
B1-B4,169,113,True,-0.9566963485408446
B1-B4,169,114,True,-0.8491327112989225
B1-B4,169,115,True,-0.9302009629505539
B1-B4,169,116,True,-0.9558162870311164
B1-B4,169,117,True,-0.933133443489264
B1-B4,169,118,True,-0.9435896492650612
B1-B4,169,119,True,-0.9254479315446925
B1-B4,169,120,False,-0.8146242513497336
B1-B4,169,121,True,-0.7411770977602117
B1-B4,169,122,False,-0.8003123893767341
B1-B4,169,123,True,-0.651766776394215
B1-B4,169,124,True,-0.9221266255143017
B1-B4,169,125,True,-0.9210281961527037
B1-B4,169,126,True,-0.9282568006357219
B1-B4,169,127,True,-0.9162697244762414
B1-B4,175,0,True,0.9630090873024277
B1-B4,175,1,True,0.964989784215306
B1-B4,175,2,True,0.9665504152349452
B1-B4,175,3,True,0.9611974177479266
B1-B4,175,4,False,0.19327510685993768
B1-B4,175,5,False,-0.1988201550365992
B1-B4,175,6,True,-0.8724624191983986
B1-B4,175,7,True,-0.8985500987129901
B1-B4,175,8,True,0.7956809666624697
B1-B4,175,9,True,0.4731308532815813
B1-B4,175,10,False,0.8420592435591783
B1-B4,175,11,False,0.9357732873549702
B1-B4,175,12,True,-0.8712829632899622
B1-B4,175,13,True,-0.8808824717613405
B1-B4,175,14,True,-0.8151431127804881
B1-B4,175,15,True,-0.891416695024219
B1-B4,175,16,True,0.9512721004753671
B1-B4,175,17,True,0.6961903748380139
B1-B4,175,18,True,0.06919242425744537
B1-B4,175,19,True,-0.5178165785164792
B1-B4,175,20,True,-0.6075619280726959
B1-B4,175,21,True,-0.5653544596783091
B1-B4,175,22,True,-0.5291457695835514
B1-B4,175,23,True,-0.11052455721811077
B1-B4,175,24,False,0.9521393099289669
B1-B4,175,25,False,0.9638167924580676
B1-B4,175,26,False,0.9204662265403358
B1-B4,175,27,False,0.880316990438598
B1-B4,175,28,True,0.9495745765544561
B1-B4,175,29,True,0.9643941212335787
B1-B4,175,30,True,0.963626692453673
B1-B4,175,31,True,0.9710173176649531
B1-B4,175,32,True,0.9549029808266148
B1-B4,175,33,True,0.9577234047794099
B1-B4,175,34,True,0.9600822719238276
B1-B4,175,35,True,0.9572885587442882
B1-B4,175,36,False,0.9476885133786475
B1-B4,175,37,True,0.9682412759119435
B1-B4,175,38,False,0.9721573232380568
B1-B4,175,39,False,0.9794397950371126
B1-B4,175,40,True,-0.6118008514339929
B1-B4,175,41,True,-0.6573935725466544
B1-B4,175,42,True,-0.438691306280563
B1-B4,175,43,True,-0.5805291560012016
B1-B4,175,44,True,0.13121524557633196
B1-B4,175,45,True,0.8841759024194763
B1-B4,175,46,True,0.8725598606902251
B1-B4,175,47,True,0.8284842164847986
B1-B4,175,48,True,-0.8873252230560115
B1-B4,175,49,True,-0.8955718475440952
B1-B4,175,50,True,-0.8835454980729958
B1-B4,175,51,True,-0.8855272416133803
B1-B4,175,52,False,0.9230563778209939
B1-B4,175,53,False,0.9205504376853085
B1-B4,175,54,True,-0.09100298686220139
B1-B4,175,55,True,-0.5080426798242762
B1-B4,175,56,True,-0.8811984721277738
B1-B4,175,57,True,-0.8617077634273408
B1-B4,175,58,True,-0.8498978618631283
B1-B4,175,59,True,-0.814177583323622
B1-B4,175,60,True,0.9602642657938932
B1-B4,175,61,True,0.902095405634392
B1-B4,175,62,True,0.8760644808028746
B1-B4,175,63,True,0.8679770242739988
B1-B4,175,64,False,0.9422471110223737
B1-B4,175,65,False,0.8440310665076797
B1-B4,175,66,False,0.8179275003036904
B1-B4,175,67,True,0.48548720472544554
B1-B4,175,68,True,-0.9051481868847869
B1-B4,175,69,True,-0.688447429677626
B1-B4,175,70,True,-0.8180734459472091
B1-B4,175,71,True,0.2492427175799814
B1-B4,175,72,True,-0.9705616366766958
B1-B4,175,73,True,-0.9429327282219309
B1-B4,175,74,True,-0.9043551788254176
B1-B4,175,75,True,-0.9079477564892316
B1-B4,175,76,True,0.9496800211591274
B1-B4,175,77,True,0.9536738972175721
B1-B4,175,78,True,0.9654758659258396
B1-B4,175,79,True,0.9495330608320772
B1-B4,175,80,True,0.9423481773788976
B1-B4,175,81,True,0.9645727245540939
B1-B4,175,82,True,0.962370072456393
B1-B4,175,83,True,0.9661123217624402
B1-B4,175,84,False,0.9621518684611433
B1-B4,175,85,False,0.9631944646927175
B1-B4,175,86,False,0.9677696622591859
B1-B4,175,87,False,0.9626019696598838
B1-B4,175,88,True,-0.48950510383255896
B1-B4,175,89,True,0.3025867051304068
B1-B4,175,90,True,0.28898506192187323
B1-B4,175,91,True,0.25596241728273994
B1-B4,175,92,False,-0.8118709973252151
B1-B4,175,93,False,-0.8655291311255947
B1-B4,175,94,False,-0.8605053708443646
B1-B4,175,95,False,-0.8262873443726577
B1-B4,175,96,False,-0.8382709614056534
B1-B4,175,97,False,-0.803364942248787
B1-B4,175,98,False,-0.3415668546901871
B1-B4,175,99,False,-0.7225569333376959
B1-B4,175,100,True,-0.7221471184716729
B1-B4,175,101,True,-0.5929239378756866
B1-B4,175,102,True,-0.7485077774898046
B1-B4,175,103,True,-0.7290404796412835
B1-B4,175,104,False,0.908405750025094
B1-B4,175,105,False,0.9246586793839668
B1-B4,175,106,False,0.914471029389592
B1-B4,175,107,False,0.8819530735359692
B1-B4,175,108,True,0.9727020209264752
B1-B4,175,109,True,0.9716597658682926
B1-B4,175,110,True,0.9679002982052624
B1-B4,175,111,True,0.9742947939229286
B1-B4,175,112,True,0.9487680714275812
B1-B4,175,113,True,0.9564506580569797
B1-B4,175,114,True,0.9652249874766505
B1-B4,175,115,True,0.9535290643862755
B1-B4,175,116,True,-0.8417623654546007
B1-B4,175,117,True,-0.8986834197677286
B1-B4,175,118,True,-0.836337026405764
B1-B4,175,119,True,-0.8784901298712346
B1-B4,175,120,False,-0.8136470069718309
B1-B4,175,121,True,-0.8221853814004532
B1-B4,175,122,False,-0.822769951972603
B1-B4,175,123,True,-0.7573013595237746
B1-B4,175,124,True,-0.8746075562242638
B1-B4,175,125,True,-0.8820300912358987
B1-B4,175,126,True,-0.8647957059330917
B1-B4,175,127,True,-0.859125219533033
B1-B4,181,0,True,0.9352231920063748
B1-B4,181,1,True,0.9137850184179883
B1-B4,181,2,True,0.9192598045052517
B1-B4,181,3,True,0.9298725735752509
B1-B4,181,4,False,0.9500292456672175
B1-B4,181,5,False,0.9277491989371012
B1-B4,181,6,True,0.9213871557250686
B1-B4,181,7,True,0.9409132744474277
B1-B4,181,8,True,0.8386037148801333
B1-B4,181,9,True,0.7247107625135711
B1-B4,181,10,False,0.9297576782720338
B1-B4,181,11,False,0.9543356525196199
B1-B4,181,12,True,-0.7252388000259202
B1-B4,181,13,True,-0.8266028797514156
B1-B4,181,14,True,-0.45402489611692987
B1-B4,181,15,True,-0.810436235635132
B1-B4,181,16,True,0.43986477679702457
B1-B4,181,17,True,0.5354134799896035
B1-B4,181,18,True,0.3538215003060231
B1-B4,181,19,True,0.8794831358838838
B1-B4,181,20,True,0.9500978065945951
B1-B4,181,21,True,0.9417182764027426
B1-B4,181,22,True,0.9364789222110392
B1-B4,181,23,True,0.9440703682628324
B1-B4,181,24,False,0.9388285017386042
B1-B4,181,25,False,0.9883635317007464
B1-B4,181,26,False,0.9247401547845786
B1-B4,181,27,False,0.9014005027543107
B1-B4,181,28,True,0.9074364690363486
B1-B4,181,29,True,0.907532248331106
B1-B4,181,30,True,0.9258714606091107
B1-B4,181,31,True,0.9426421660211549
B1-B4,181,32,True,0.9084083431128682
B1-B4,181,33,True,0.9152833159049881
B1-B4,181,34,True,0.9214107116390221
B1-B4,181,35,True,0.9224269619500499
B1-B4,181,36,False,0.9347543068593163
B1-B4,181,37,True,0.9629569842716892
B1-B4,181,38,False,0.9886460964254161
B1-B4,181,39,False,0.9875495720755969
B1-B4,181,40,True,0.9630535451859698
B1-B4,181,41,True,0.9508310021519981
B1-B4,181,42,True,0.9268977056016302
B1-B4,181,43,True,0.9555280962130117
B1-B4,181,44,True,-0.5975904705014168
B1-B4,181,45,True,-0.5987099906469597
B1-B4,181,46,True,-0.6036123046259801
B1-B4,181,47,True,-0.33419585088155407
B1-B4,181,48,True,-0.738746882134183
B1-B4,181,49,True,-0.8865208940655419
B1-B4,181,50,True,-0.8513594596122885
B1-B4,181,51,True,-0.860459859584563
B1-B4,181,52,False,0.922836993588976
B1-B4,181,53,False,0.9507836766937565
B1-B4,181,54,True,0.7428840723679481
B1-B4,181,55,True,0.6483413549475611
B1-B4,181,56,True,0.42108110410343885
B1-B4,181,57,True,0.6998248867487485
B1-B4,181,58,True,0.8639418006094174
B1-B4,181,59,True,0.9439695086114789
B1-B4,181,60,True,0.9574361760825512
B1-B4,181,61,True,0.9685409746996928
B1-B4,181,62,True,0.9784672854252057
B1-B4,181,63,True,0.9803519662651761
B1-B4,181,64,False,0.9378370774318633
B1-B4,181,65,False,0.8233307575424735
B1-B4,181,66,False,0.8301596387127509
B1-B4,181,67,True,0.3348443356324212
B1-B4,181,68,True,0.26257037792490995
B1-B4,181,69,True,0.5674249095647322
B1-B4,181,70,True,0.6008451827190467
B1-B4,181,71,True,0.6916670073242253
B1-B4,181,72,True,0.9292546557176936
B1-B4,181,73,True,0.860415369528908
B1-B4,181,74,True,0.9525573795733565
B1-B4,181,75,True,0.97891990555336
B1-B4,181,76,True,0.9569835015365694
B1-B4,181,77,True,0.9276645124469033
B1-B4,181,78,True,0.9348475455500318
B1-B4,181,79,True,0.9495621191513128
B1-B4,181,80,True,0.9098944279621957
B1-B4,181,81,True,0.9518188287209151
B1-B4,181,82,True,0.9331963510393808
B1-B4,181,83,True,0.9366942800953215
B1-B4,181,84,False,0.9565234645975021
B1-B4,181,85,False,0.963548321132236
B1-B4,181,86,False,0.9794788827218379
B1-B4,181,87,False,0.9636719061390284
B1-B4,181,88,True,0.9830112840834214
B1-B4,181,89,True,0.9752787687294955
B1-B4,181,90,True,0.9735235145385187
B1-B4,181,91,True,0.9737418332545641
B1-B4,181,92,False,0.9070637153890193
B1-B4,181,93,False,0.8122425293583522
B1-B4,181,94,False,0.8308974600381068
B1-B4,181,95,False,0.8934074863590455
B1-B4,181,96,False,-0.5102258600324925
B1-B4,181,97,False,0.22036027462922728
B1-B4,181,98,False,0.9785835645754075
B1-B4,181,99,False,0.9658622215975305
B1-B4,181,100,True,0.9346290971079975
B1-B4,181,101,True,0.9264750439895039
B1-B4,181,102,True,0.9255467628246391
B1-B4,181,103,True,0.9578865203666477
B1-B4,181,104,False,0.8984669089126966
B1-B4,181,105,False,0.9092542738199135
B1-B4,181,106,False,0.8950816694569211
B1-B4,181,107,False,0.8915175221271603
B1-B4,181,108,True,0.9473124118083225
B1-B4,181,109,True,0.9513026294930869
B1-B4,181,110,True,0.9380972003616832
B1-B4,181,111,True,0.9615315924195985
B1-B4,181,112,True,0.9369829515596093
B1-B4,181,113,True,0.9545503334652783
B1-B4,181,114,True,0.9464947248544272
B1-B4,181,115,True,0.9593445516049944
B1-B4,181,116,True,0.937792915319903
B1-B4,181,117,True,0.7672998054174441
B1-B4,181,118,True,0.9265211405428917
B1-B4,181,119,True,0.7816873612678458
B1-B4,181,120,False,-0.5352504992337801
B1-B4,181,121,True,-0.322320251447342
B1-B4,181,122,False,-0.4764027264022975
B1-B4,181,123,True,-0.18337645686312448
B1-B4,181,124,True,-0.8158871426279156
B1-B4,181,125,True,-0.7988771470629364
B1-B4,181,126,True,-0.7693303063532472
B1-B4,181,127,True,-0.8153197387449828
