domain,cluster_id,tick,subset,n_recordings,r_activity_certainty
B0,45,1,all,64,0.6677815802821474
B0,45,1,correct,64,0.6677815802821474
B0,45,1,incorrect,0,
B0,45,2,all,64,0.7280734999350189
B0,45,2,correct,64,0.7280734999350189
B0,45,2,incorrect,0,
B0,45,3,all,64,0.600395429735545
B0,45,3,correct,64,0.600395429735545
B0,45,3,incorrect,0,
B0,45,4,all,64,0.24432961577277165
B0,45,4,correct,64,0.24432961577277165
B0,45,4,incorrect,0,
B0,45,5,all,64,0.18906921908816765
B0,45,5,correct,64,0.18906921908816765
B0,45,5,incorrect,0,
B0,45,6,all,64,-0.013395642867026101
B0,45,6,correct,64,-0.013395642867026101
B0,45,6,incorrect,0,
B0,45,7,all,64,-0.12451113231579415
B0,45,7,correct,64,-0.12451113231579415
B0,45,7,incorrect,0,
B0,45,8,all,64,-0.12344988998676969
B0,45,8,correct,64,-0.12344988998676969
B0,45,8,incorrect,0,
B0,45,9,all,64,-0.144551850456566
B0,45,9,correct,64,-0.144551850456566
B0,45,9,incorrect,0,
B0,45,10,all,64,-0.0912237750018419
B0,45,10,correct,64,-0.0912237750018419
B0,45,10,incorrect,0,
B0,45,11,all,64,0.06099083224898443
B0,45,11,correct,64,0.06099083224898443
B0,45,11,incorrect,0,
B0,45,12,all,64,0.27068129871531743
B0,45,12,correct,64,0.27068129871531743
B0,45,12,incorrect,0,
B0,45,13,all,64,0.4681412437617122
B0,45,13,correct,64,0.4681412437617122
B0,45,13,incorrect,0,
B0,45,14,all,64,0.46121515090294923
B0,45,14,correct,64,0.46121515090294923
B0,45,14,incorrect,0,
B0,45,15,all,64,0.1922104622028708
B0,45,15,correct,64,0.1922104622028708
B0,45,15,incorrect,0,
B0,45,16,all,64,-0.06662010445061776
B0,45,16,correct,64,-0.06662010445061776
B0,45,16,incorrect,0,
B0,45,17,all,64,-0.23471157558775596
B0,45,17,correct,64,-0.23471157558775596
B0,45,17,incorrect,0,
B0,45,18,all,64,-0.3308032729546463
B0,45,18,correct,64,-0.3308032729546463
B0,45,18,incorrect,0,
B0,45,19,all,64,-0.3853437228590378
B0,45,19,correct,64,-0.3853437228590378
B0,45,19,incorrect,0,
B0,45,20,all,64,-0.4159912930873024
B0,45,20,correct,64,-0.4159912930873024
B0,45,20,incorrect,0,
B0,45,21,all,64,-0.4250488397421426
B0,45,21,correct,64,-0.4250488397421426
B0,45,21,incorrect,0,
B0,45,22,all,64,-0.43220802049078544
B0,45,22,correct,64,-0.43220802049078544
B0,45,22,incorrect,0,
B0,45,23,all,64,-0.43147389847316425
B0,45,23,correct,64,-0.43147389847316425
B0,45,23,incorrect,0,
B0,45,24,all,64,-0.4360116157180414
B0,45,24,correct,64,-0.4360116157180414
B0,45,24,incorrect,0,
B0,45,25,all,64,-0.43407742448739606
B0,45,25,correct,64,-0.43407742448739606
B0,45,25,incorrect,0,
B0,87,1,all,64,0.21754227719917324
B0,87,1,correct,64,0.21754227719917324
B0,87,1,incorrect,0,
B0,87,2,all,64,0.21410843761610343
B0,87,2,correct,64,0.21410843761610343
B0,87,2,incorrect,0,
B0,87,3,all,64,0.20984382502759868
B0,87,3,correct,64,0.20984382502759868
B0,87,3,incorrect,0,
B0,87,4,all,64,0.03268449684617403
B0,87,4,correct,64,0.03268449684617403
B0,87,4,incorrect,0,
B0,87,5,all,64,-0.07363040876193386
B0,87,5,correct,64,-0.07363040876193386
B0,87,5,incorrect,0,
B0,87,6,all,64,-0.00022528707668314802
B0,87,6,correct,64,-0.00022528707668314802
B0,87,6,incorrect,0,
B0,87,7,all,64,-0.14104796706029452
B0,87,7,correct,64,-0.14104796706029452
B0,87,7,incorrect,0,
B0,87,8,all,64,0.04366598675124551
B0,87,8,correct,64,0.04366598675124551
B0,87,8,incorrect,0,
B0,87,9,all,64,0.09401547282421546
B0,87,9,correct,64,0.09401547282421546
B0,87,9,incorrect,0,
B0,87,10,all,64,-0.03630897774489802
B0,87,10,correct,64,-0.03630897774489802
B0,87,10,incorrect,0,
B0,87,11,all,64,-0.03998244224878151
B0,87,11,correct,64,-0.03998244224878151
B0,87,11,incorrect,0,
B0,87,12,all,64,-0.11792258567377822
B0,87,12,correct,64,-0.11792258567377822
B0,87,12,incorrect,0,
B0,87,13,all,64,-0.05632308116263235
B0,87,13,correct,64,-0.05632308116263235
B0,87,13,incorrect,0,
B0,87,14,all,64,-0.002283105299186797
B0,87,14,correct,64,-0.002283105299186797
B0,87,14,incorrect,0,
B0,87,15,all,64,0.02300851618409435
B0,87,15,correct,64,0.02300851618409435
B0,87,15,incorrect,0,
B0,87,16,all,64,-0.0937769357510525
B0,87,16,correct,64,-0.0937769357510525
B0,87,16,incorrect,0,
B0,87,17,all,64,-0.2386457349249472
B0,87,17,correct,64,-0.2386457349249472
B0,87,17,incorrect,0,
B0,87,18,all,64,-0.31782913589313005
B0,87,18,correct,64,-0.31782913589313005
B0,87,18,incorrect,0,
B0,87,19,all,64,-0.3599053925057961
B0,87,19,correct,64,-0.3599053925057961
B0,87,19,incorrect,0,
B0,87,20,all,64,-0.39250092672806436
B0,87,20,correct,64,-0.39250092672806436
B0,87,20,incorrect,0,
B0,87,21,all,64,-0.40932091129582615
B0,87,21,correct,64,-0.40932091129582615
B0,87,21,incorrect,0,
B0,87,22,all,64,-0.4599712208871671
B0,87,22,correct,64,-0.4599712208871671
B0,87,22,incorrect,0,
B0,87,23,all,64,-0.4656221205030377
B0,87,23,correct,64,-0.4656221205030377
B0,87,23,incorrect,0,
B0,87,24,all,64,-0.46869412609408534
B0,87,24,correct,64,-0.46869412609408534
B0,87,24,incorrect,0,
B0,87,25,all,64,-0.4586194512063503
B0,87,25,correct,64,-0.4586194512063503
B0,87,25,incorrect,0,
B0,114,1,all,64,-0.027395547604820398
B0,114,1,correct,64,-0.027395547604820398
B0,114,1,incorrect,0,
B0,114,2,all,64,0.009002756070811104
B0,114,2,correct,64,0.009002756070811104
B0,114,2,incorrect,0,
B0,114,3,all,64,0.06984402521122486
B0,114,3,correct,64,0.06984402521122486
B0,114,3,incorrect,0,
B0,114,4,all,64,0.07264800977837463
B0,114,4,correct,64,0.07264800977837463
B0,114,4,incorrect,0,
B0,114,5,all,64,0.0495708826566912
B0,114,5,correct,64,0.0495708826566912
B0,114,5,incorrect,0,
B0,114,6,all,64,-0.06390880391382232
B0,114,6,correct,64,-0.06390880391382232
B0,114,6,incorrect,0,
B0,114,7,all,64,-0.1977255458323397
B0,114,7,correct,64,-0.1977255458323397
B0,114,7,incorrect,0,
B0,114,8,all,64,-0.3237379389465965
B0,114,8,correct,64,-0.3237379389465965
B0,114,8,incorrect,0,
B0,114,9,all,64,-0.38413673330900366
B0,114,9,correct,64,-0.38413673330900366
B0,114,9,incorrect,0,
B0,114,10,all,64,-0.39748025677496074
B0,114,10,correct,64,-0.39748025677496074
B0,114,10,incorrect,0,
B0,114,11,all,64,-0.2942331864280035
B0,114,11,correct,64,-0.2942331864280035
B0,114,11,incorrect,0,
B0,114,12,all,64,-0.031298701251052566
B0,114,12,correct,64,-0.031298701251052566
B0,114,12,incorrect,0,
B0,114,13,all,64,0.3140843615907378
B0,114,13,correct,64,0.3140843615907378
B0,114,13,incorrect,0,
B0,114,14,all,64,0.47350392284945503
B0,114,14,correct,64,0.47350392284945503
B0,114,14,incorrect,0,
B0,114,15,all,64,0.4468543078513449
B0,114,15,correct,64,0.4468543078513449
B0,114,15,incorrect,0,
B0,114,16,all,64,0.3586552636520426
B0,114,16,correct,64,0.3586552636520426
B0,114,16,incorrect,0,
B0,114,17,all,64,0.2602170970947858
B0,114,17,correct,64,0.2602170970947858
B0,114,17,incorrect,0,
B0,114,18,all,64,0.18448683802077911
B0,114,18,correct,64,0.18448683802077911
B0,114,18,incorrect,0,
B0,114,19,all,64,0.13126078435239957
B0,114,19,correct,64,0.13126078435239957
B0,114,19,incorrect,0,
B0,114,20,all,64,0.0890112113677847
B0,114,20,correct,64,0.0890112113677847
B0,114,20,incorrect,0,
B0,114,21,all,64,0.056787167863437044
B0,114,21,correct,64,0.056787167863437044
B0,114,21,incorrect,0,
B0,114,22,all,64,0.03212780596683391
B0,114,22,correct,64,0.03212780596683391
B0,114,22,incorrect,0,
B0,114,23,all,64,0.011869037993094933
B0,114,23,correct,64,0.011869037993094933
B0,114,23,incorrect,0,
B0,114,24,all,64,-0.004968834765086102
B0,114,24,correct,64,-0.004968834765086102
B0,114,24,incorrect,0,
B0,114,25,all,64,-0.01990933016690277
B0,114,25,correct,64,-0.01990933016690277
B0,114,25,incorrect,0,
B0,131,1,all,64,-0.02155381049475237
B0,131,1,correct,64,-0.02155381049475237
B0,131,1,incorrect,0,
B0,131,2,all,64,0.14773565919871215
B0,131,2,correct,64,0.14773565919871215
B0,131,2,incorrect,0,
B0,131,3,all,64,0.4693629170472265
B0,131,3,correct,64,0.4693629170472265
B0,131,3,incorrect,0,
B0,131,4,all,64,0.8343463760202381
B0,131,4,correct,64,0.8343463760202381
B0,131,4,incorrect,0,
B0,131,5,all,64,0.8536632581412695
B0,131,5,correct,64,0.8536632581412695
B0,131,5,incorrect,0,
B0,131,6,all,64,0.7691747841734201
B0,131,6,correct,64,0.7691747841734201
B0,131,6,incorrect,0,
B0,131,7,all,64,0.6747067482273077
B0,131,7,correct,64,0.6747067482273077
B0,131,7,incorrect,0,
B0,131,8,all,64,0.5297843279919588
B0,131,8,correct,64,0.5297843279919588
B0,131,8,incorrect,0,
B0,131,9,all,64,0.39841638421005005
B0,131,9,correct,64,0.39841638421005005
B0,131,9,incorrect,0,
B0,131,10,all,64,0.36111386632832243
B0,131,10,correct,64,0.36111386632832243
B0,131,10,incorrect,0,
B0,131,11,all,64,0.31578811587546407
B0,131,11,correct,64,0.31578811587546407
B0,131,11,incorrect,0,
B0,131,12,all,64,0.22064107333309035
B0,131,12,correct,64,0.22064107333309035
B0,131,12,incorrect,0,
B0,131,13,all,64,0.07665908872980934
B0,131,13,correct,64,0.07665908872980934
B0,131,13,incorrect,0,
B0,131,14,all,64,0.04882473475954945
B0,131,14,correct,64,0.04882473475954945
B0,131,14,incorrect,0,
B0,131,15,all,64,0.12410704883259724
B0,131,15,correct,64,0.12410704883259724
B0,131,15,incorrect,0,
B0,131,16,all,64,0.204914316522518
B0,131,16,correct,64,0.204914316522518
B0,131,16,incorrect,0,
B0,131,17,all,64,0.255170822920636
B0,131,17,correct,64,0.255170822920636
B0,131,17,incorrect,0,
B0,131,18,all,64,0.27914249864738044
B0,131,18,correct,64,0.27914249864738044
B0,131,18,incorrect,0,
B0,131,19,all,64,0.29507459495856914
B0,131,19,correct,64,0.29507459495856914
B0,131,19,incorrect,0,
B0,131,20,all,64,0.30621016691929853
B0,131,20,correct,64,0.30621016691929853
B0,131,20,incorrect,0,
B0,131,21,all,64,0.3133959190443128
B0,131,21,correct,64,0.3133959190443128
B0,131,21,incorrect,0,
B0,131,22,all,64,0.31786242027703215
B0,131,22,correct,64,0.31786242027703215
B0,131,22,incorrect,0,
B0,131,23,all,64,0.3189434053297494
B0,131,23,correct,64,0.3189434053297494
B0,131,23,incorrect,0,
B0,131,24,all,64,0.318595228548532
B0,131,24,correct,64,0.318595228548532
B0,131,24,incorrect,0,
B0,131,25,all,64,0.3147243705614495
B0,131,25,correct,64,0.3147243705614495
B0,131,25,incorrect,0,
B0,169,1,all,64,0.19753467647628842
B0,169,1,correct,64,0.19753467647628842
B0,169,1,incorrect,0,
B0,169,2,all,64,0.35995564594821217
B0,169,2,correct,64,0.35995564594821217
B0,169,2,incorrect,0,
B0,169,3,all,64,0.4431302479449851
B0,169,3,correct,64,0.4431302479449851
B0,169,3,incorrect,0,
B0,169,4,all,64,0.46144885446077305
B0,169,4,correct,64,0.46144885446077305
B0,169,4,incorrect,0,
B0,169,5,all,64,0.5194324611519441
B0,169,5,correct,64,0.5194324611519441
B0,169,5,incorrect,0,
B0,169,6,all,64,0.5162745992928072
B0,169,6,correct,64,0.5162745992928072
B0,169,6,incorrect,0,
B0,169,7,all,64,0.33591673496031915
B0,169,7,correct,64,0.33591673496031915
B0,169,7,incorrect,0,
B0,169,8,all,64,0.2348993368004054
B0,169,8,correct,64,0.2348993368004054
B0,169,8,incorrect,0,
B0,169,9,all,64,0.175410143007359
B0,169,9,correct,64,0.175410143007359
B0,169,9,incorrect,0,
B0,169,10,all,64,0.11566605650731934
B0,169,10,correct,64,0.11566605650731934
B0,169,10,incorrect,0,
B0,169,11,all,64,-0.001311015795900628
B0,169,11,correct,64,-0.001311015795900628
B0,169,11,incorrect,0,
B0,169,12,all,64,-0.11795037187316573
B0,169,12,correct,64,-0.11795037187316573
B0,169,12,incorrect,0,
B0,169,13,all,64,-0.2116899007664485
B0,169,13,correct,64,-0.2116899007664485
B0,169,13,incorrect,0,
B0,169,14,all,64,-0.2425508361262759
B0,169,14,correct,64,-0.2425508361262759
B0,169,14,incorrect,0,
B0,169,15,all,64,-0.21847360954887915
B0,169,15,correct,64,-0.21847360954887915
B0,169,15,incorrect,0,
B0,169,16,all,64,-0.21942447641537705
B0,169,16,correct,64,-0.21942447641537705
B0,169,16,incorrect,0,
B0,169,17,all,64,-0.21587328121436408
B0,169,17,correct,64,-0.21587328121436408
B0,169,17,incorrect,0,
B0,169,18,all,64,-0.21211521818695966
B0,169,18,correct,64,-0.21211521818695966
B0,169,18,incorrect,0,
B0,169,19,all,64,-0.2108977664533213
B0,169,19,correct,64,-0.2108977664533213
B0,169,19,incorrect,0,
B0,169,20,all,64,-0.20858992018252667
B0,169,20,correct,64,-0.20858992018252667
B0,169,20,incorrect,0,
B0,169,21,all,64,-0.20961718582064978
B0,169,21,correct,64,-0.20961718582064978
B0,169,21,incorrect,0,
B0,169,22,all,64,-0.21725272765512438
B0,169,22,correct,64,-0.21725272765512438
B0,169,22,incorrect,0,
B0,169,23,all,64,-0.22788716443391088
B0,169,23,correct,64,-0.22788716443391088
B0,169,23,incorrect,0,
B0,169,24,all,64,-0.2366399689577202
B0,169,24,correct,64,-0.2366399689577202
B0,169,24,incorrect,0,
B0,169,25,all,64,-0.24453155899775655
B0,169,25,correct,64,-0.24453155899775655
B0,169,25,incorrect,0,
B0,175,1,all,64,-0.1874870024935115
B0,175,1,correct,64,-0.1874870024935115
B0,175,1,incorrect,0,
B0,175,2,all,64,-0.10099120017322825
B0,175,2,correct,64,-0.10099120017322825
B0,175,2,incorrect,0,
B0,175,3,all,64,-0.07416716263510201
B0,175,3,correct,64,-0.07416716263510201
B0,175,3,incorrect,0,
B0,175,4,all,64,0.12568123032967474
B0,175,4,correct,64,0.12568123032967474
B0,175,4,incorrect,0,
B0,175,5,all,64,0.1807975467382283
B0,175,5,correct,64,0.1807975467382283
B0,175,5,incorrect,0,
B0,175,6,all,64,0.18533305452619128
B0,175,6,correct,64,0.18533305452619128
B0,175,6,incorrect,0,
B0,175,7,all,64,0.37181256760223713
B0,175,7,correct,64,0.37181256760223713
B0,175,7,incorrect,0,
B0,175,8,all,64,0.4082954408368923
B0,175,8,correct,64,0.4082954408368923
B0,175,8,incorrect,0,
B0,175,9,all,64,0.42191715667077173
B0,175,9,correct,64,0.42191715667077173
B0,175,9,incorrect,0,
B0,175,10,all,64,0.46007677389749196
B0,175,10,correct,64,0.46007677389749196
B0,175,10,incorrect,0,
B0,175,11,all,64,0.5268054420379555
B0,175,11,correct,64,0.5268054420379555
B0,175,11,incorrect,0,
B0,175,12,all,64,0.43502221242927547
B0,175,12,correct,64,0.43502221242927547
B0,175,12,incorrect,0,
B0,175,13,all,64,0.06114451405993714
B0,175,13,correct,64,0.06114451405993714
B0,175,13,incorrect,0,
B0,175,14,all,64,-0.23997025532272726
B0,175,14,correct,64,-0.23997025532272726
B0,175,14,incorrect,0,
B0,175,15,all,64,-0.3795943508704645
B0,175,15,correct,64,-0.3795943508704645
B0,175,15,incorrect,0,
B0,175,16,all,64,-0.36828533156647614
B0,175,16,correct,64,-0.36828533156647614
B0,175,16,incorrect,0,
B0,175,17,all,64,-0.2857295358919558
B0,175,17,correct,64,-0.2857295358919558
B0,175,17,incorrect,0,
B0,175,18,all,64,-0.21661134283439804
B0,175,18,correct,64,-0.21661134283439804
B0,175,18,incorrect,0,
B0,175,19,all,64,-0.17157142347240706
B0,175,19,correct,64,-0.17157142347240706
B0,175,19,incorrect,0,
B0,175,20,all,64,-0.1445451370686919
B0,175,20,correct,64,-0.1445451370686919
B0,175,20,incorrect,0,
B0,175,21,all,64,-0.11791942164410349
B0,175,21,correct,64,-0.11791942164410349
B0,175,21,incorrect,0,
B0,175,22,all,64,-0.09945435314000373
B0,175,22,correct,64,-0.09945435314000373
B0,175,22,incorrect,0,
B0,175,23,all,64,-0.07938091538212033
B0,175,23,correct,64,-0.07938091538212033
B0,175,23,incorrect,0,
B0,175,24,all,64,-0.05935873462808119
B0,175,24,correct,64,-0.05935873462808119
B0,175,24,incorrect,0,
B0,175,25,all,64,-0.04025800689724147
B0,175,25,correct,64,-0.04025800689724147
B0,175,25,incorrect,0,
B0,181,1,all,64,-0.5073423967571579
B0,181,1,correct,64,-0.5073423967571579
B0,181,1,incorrect,0,
B0,181,2,all,64,-0.3202497647739172
B0,181,2,correct,64,-0.3202497647739172
B0,181,2,incorrect,0,
B0,181,3,all,64,0.0024985765813417844
B0,181,3,correct,64,0.0024985765813417844
B0,181,3,incorrect,0,
B0,181,4,all,64,0.4956409870807531
B0,181,4,correct,64,0.4956409870807531
B0,181,4,incorrect,0,
B0,181,5,all,64,0.6571429068661533
B0,181,5,correct,64,0.6571429068661533
B0,181,5,incorrect,0,
B0,181,6,all,64,0.7026059659122762
B0,181,6,correct,64,0.7026059659122762
B0,181,6,incorrect,0,
B0,181,7,all,64,0.7351615186795215
B0,181,7,correct,64,0.7351615186795215
B0,181,7,incorrect,0,
B0,181,8,all,64,0.7083546775702209
B0,181,8,correct,64,0.7083546775702209
B0,181,8,incorrect,0,
B0,181,9,all,64,0.6761745577753882
B0,181,9,correct,64,0.6761745577753882
B0,181,9,incorrect,0,
B0,181,10,all,64,0.7517777689970058
B0,181,10,correct,64,0.7517777689970058
B0,181,10,incorrect,0,
B0,181,11,all,64,0.6951930272685607
B0,181,11,correct,64,0.6951930272685607
B0,181,11,incorrect,0,
B0,181,12,all,64,0.4424751764642301
B0,181,12,correct,64,0.4424751764642301
B0,181,12,incorrect,0,
B0,181,13,all,64,-0.016186563019046276
B0,181,13,correct,64,-0.016186563019046276
B0,181,13,incorrect,0,
B0,181,14,all,64,-0.3139075695560693
B0,181,14,correct,64,-0.3139075695560693
B0,181,14,incorrect,0,
B0,181,15,all,64,-0.3567900660685178
B0,181,15,correct,64,-0.3567900660685178
B0,181,15,incorrect,0,
B0,181,16,all,64,-0.3598118853555958
B0,181,16,correct,64,-0.3598118853555958
B0,181,16,incorrect,0,
B0,181,17,all,64,-0.3267390743619043
B0,181,17,correct,64,-0.3267390743619043
B0,181,17,incorrect,0,
B0,181,18,all,64,-0.29695030492233937
B0,181,18,correct,64,-0.29695030492233937
B0,181,18,incorrect,0,
B0,181,19,all,64,-0.2858801105585099
B0,181,19,correct,64,-0.2858801105585099
B0,181,19,incorrect,0,
B0,181,20,all,64,-0.26415614150966005
B0,181,20,correct,64,-0.26415614150966005
B0,181,20,incorrect,0,
B0,181,21,all,64,-0.22796439992746287
B0,181,21,correct,64,-0.22796439992746287
B0,181,21,incorrect,0,
B0,181,22,all,64,-0.2026699837064554
B0,181,22,correct,64,-0.2026699837064554
B0,181,22,incorrect,0,
B0,181,23,all,64,-0.17190683021460113
B0,181,23,correct,64,-0.17190683021460113
B0,181,23,incorrect,0,
B0,181,24,all,64,-0.14419573615078307
B0,181,24,correct,64,-0.14419573615078307
B0,181,24,incorrect,0,
B0,181,25,all,64,-0.11045374709452192
B0,181,25,correct,64,-0.11045374709452192
B0,181,25,incorrect,0,
B1-B4,45,1,all,128,0.7477280788290895
B1-B4,45,1,correct,94,0.6871058481787677
B1-B4,45,1,incorrect,34,0.841336576420937
B1-B4,45,2,all,128,0.7725298816349561
B1-B4,45,2,correct,94,0.7072012064173681
B1-B4,45,2,incorrect,34,0.8752019904249819
B1-B4,45,3,all,128,0.6613117425994038
B1-B4,45,3,correct,94,0.5444756235402138
B1-B4,45,3,incorrect,34,0.836836961831575
B1-B4,45,4,all,128,0.2750477579054639
B1-B4,45,4,correct,94,0.1731085709534222
B1-B4,45,4,incorrect,34,0.39956277151494574
B1-B4,45,5,all,128,0.15945215804038967
B1-B4,45,5,correct,94,0.10683060795882848
B1-B4,45,5,incorrect,34,0.03316959228539808
B1-B4,45,6,all,128,0.0669584269919723
B1-B4,45,6,correct,94,-0.04658404755200122
B1-B4,45,6,incorrect,34,-0.17817137139423683
B1-B4,45,7,all,128,0.039863179883954845
B1-B4,45,7,correct,94,-0.16145691049683022
B1-B4,45,7,incorrect,34,-0.23732847389452943
B1-B4,45,8,all,128,-0.021903581252932187
B1-B4,45,8,correct,94,-0.27035838400798545
B1-B4,45,8,incorrect,34,-0.31383670346603426
B1-B4,45,9,all,128,-0.052339775614269814
B1-B4,45,9,correct,94,-0.2798639799393249
B1-B4,45,9,incorrect,34,-0.37923642231118143
B1-B4,45,10,all,128,0.053242769433857966
B1-B4,45,10,correct,94,-0.1333684300636465
B1-B4,45,10,incorrect,34,-0.3780557992109817
B1-B4,45,11,all,128,0.25105824305241137
B1-B4,45,11,correct,94,0.114785237626287
B1-B4,45,11,incorrect,34,-0.29048981841301597
B1-B4,45,12,all,128,0.3928318392467889
B1-B4,45,12,correct,94,0.3301050742017654
B1-B4,45,12,incorrect,34,-0.26075801853864045
B1-B4,45,13,all,128,0.466967380234449
B1-B4,45,13,correct,94,0.46260442202719343
B1-B4,45,13,incorrect,34,-0.2061779812784684
B1-B4,45,14,all,128,0.4444229193283032
B1-B4,45,14,correct,94,0.45850953564075336
B1-B4,45,14,incorrect,34,-0.20607130543204477
B1-B4,45,15,all,128,0.34910391080107944
B1-B4,45,15,correct,94,0.30635880449345204
B1-B4,45,15,incorrect,34,-0.21676243577493454
B1-B4,45,16,all,128,0.2712375054064276
B1-B4,45,16,correct,94,0.17533354793551675
B1-B4,45,16,incorrect,34,-0.24618965716591643
B1-B4,45,17,all,128,0.20574141429588386
B1-B4,45,17,correct,94,0.08679691578138615
B1-B4,45,17,incorrect,34,-0.2954251199402727
B1-B4,45,18,all,128,0.1707137606341337
B1-B4,45,18,correct,94,0.039817125061751585
B1-B4,45,18,incorrect,34,-0.3021986631516768
B1-B4,45,19,all,128,0.14933412845675348
B1-B4,45,19,correct,94,0.020332673137081328
B1-B4,45,19,incorrect,34,-0.30094871905676296
B1-B4,45,20,all,128,0.13687362149967694
B1-B4,45,20,correct,94,0.014124887495885976
B1-B4,45,20,incorrect,34,-0.2884033670532425
B1-B4,45,21,all,128,0.11825275710074713
B1-B4,45,21,correct,94,0.012400225878823338
B1-B4,45,21,incorrect,34,-0.2970123576002908
B1-B4,45,22,all,128,0.10301446880312519
B1-B4,45,22,correct,94,0.013326245615478651
B1-B4,45,22,incorrect,34,-0.29608884920997214
B1-B4,45,23,all,128,0.08787996412913959
B1-B4,45,23,correct,94,0.015603037518602382
B1-B4,45,23,incorrect,34,-0.30439745477568986
B1-B4,45,24,all,128,0.0718500653081375
B1-B4,45,24,correct,94,0.016621490761944278
B1-B4,45,24,incorrect,34,-0.31315959155521383
B1-B4,45,25,all,128,0.06004680875116975
B1-B4,45,25,correct,94,0.019207424104684498
B1-B4,45,25,incorrect,34,-0.3210140527131539
B1-B4,87,1,all,128,-0.04389198544816791
B1-B4,87,1,correct,94,0.06335501932523971
B1-B4,87,1,incorrect,34,0.009796888310411072
B1-B4,87,2,all,128,-0.016578532810935284
B1-B4,87,2,correct,94,-0.03826294380549283
B1-B4,87,2,incorrect,34,0.10305289742489478
B1-B4,87,3,all,128,0.08479021736816561
B1-B4,87,3,correct,94,-0.01027179623509928
B1-B4,87,3,incorrect,34,0.24809408481565365
B1-B4,87,4,all,128,0.11882744272777492
B1-B4,87,4,correct,94,0.03479408878867734
B1-B4,87,4,incorrect,34,0.5056250605266774
B1-B4,87,5,all,128,0.013765380647246651
B1-B4,87,5,correct,94,-0.03386942011390911
B1-B4,87,5,incorrect,34,0.33547030127460975
B1-B4,87,6,all,128,0.0010103301797263686
B1-B4,87,6,correct,94,0.04033256979988697
B1-B4,87,6,incorrect,34,0.027442639336189643
B1-B4,87,7,all,128,-0.03993337280892366
B1-B4,87,7,correct,94,0.03256466036324259
B1-B4,87,7,incorrect,34,-0.021972977165248132
B1-B4,87,8,all,128,0.06517343582945397
B1-B4,87,8,correct,94,0.24957819721205043
B1-B4,87,8,incorrect,34,-0.11171615789940618
B1-B4,87,9,all,128,-0.038747477609124614
B1-B4,87,9,correct,94,0.1964162136444412
B1-B4,87,9,incorrect,34,-0.263445407341949
B1-B4,87,10,all,128,-0.2232093365795847
B1-B4,87,10,correct,94,-0.01609182104253905
B1-B4,87,10,incorrect,34,-0.33817733635121133
B1-B4,87,11,all,128,-0.2719508862933312
B1-B4,87,11,correct,94,-0.027545514290186448
B1-B4,87,11,incorrect,34,-0.4545521466885494
B1-B4,87,12,all,128,-0.34285123542411106
B1-B4,87,12,correct,94,-0.0711486210759423
B1-B4,87,12,incorrect,34,-0.4606723695107481
B1-B4,87,13,all,128,-0.3399547148484907
B1-B4,87,13,correct,94,-0.028068573132953672
B1-B4,87,13,incorrect,34,-0.4704485730172496
B1-B4,87,14,all,128,-0.3191452798057532
B1-B4,87,14,correct,94,0.004478579196886098
B1-B4,87,14,incorrect,34,-0.4467803854753742
B1-B4,87,15,all,128,-0.39872953273557016
B1-B4,87,15,correct,94,-0.05780531430126142
B1-B4,87,15,incorrect,34,-0.5796930325062537
B1-B4,87,16,all,128,-0.44398005827189047
B1-B4,87,16,correct,94,-0.1405807960640514
B1-B4,87,16,incorrect,34,-0.6167430721701164
B1-B4,87,17,all,128,-0.47522902130300493
B1-B4,87,17,correct,94,-0.20722977804128442
B1-B4,87,17,incorrect,34,-0.6041452564250086
B1-B4,87,18,all,128,-0.4786721275952659
B1-B4,87,18,correct,94,-0.24365396118467214
B1-B4,87,18,incorrect,34,-0.5773050487656863
B1-B4,87,19,all,128,-0.4768823807404777
B1-B4,87,19,correct,94,-0.2646996149091928
B1-B4,87,19,incorrect,34,-0.5773341610751778
B1-B4,87,20,all,128,-0.4716177677969043
B1-B4,87,20,correct,94,-0.27645300306046433
B1-B4,87,20,incorrect,34,-0.5558435967900576
B1-B4,87,21,all,128,-0.46244895304986033
B1-B4,87,21,correct,94,-0.27803492906986704
B1-B4,87,21,incorrect,34,-0.5420429216569228
B1-B4,87,22,all,128,-0.4572108269085878
B1-B4,87,22,correct,94,-0.2830166652878739
B1-B4,87,22,incorrect,34,-0.5366895037891363
B1-B4,87,23,all,128,-0.4507344653063697
B1-B4,87,23,correct,94,-0.28232996477499844
B1-B4,87,23,incorrect,34,-0.5240848926173562
B1-B4,87,24,all,128,-0.44161612534940425
B1-B4,87,24,correct,94,-0.2775731098512151
B1-B4,87,24,incorrect,34,-0.528908387390619
B1-B4,87,25,all,128,-0.43552369318603834
B1-B4,87,25,correct,94,-0.27493124659902507
B1-B4,87,25,incorrect,34,-0.5307661743651639
B1-B4,114,1,all,128,0.278650501117637
B1-B4,114,1,correct,94,0.23086285496225867
B1-B4,114,1,incorrect,34,0.3318751159647656
B1-B4,114,2,all,128,0.3032100411735721
B1-B4,114,2,correct,94,0.27498244905706115
B1-B4,114,2,incorrect,34,0.2832087729864282
B1-B4,114,3,all,128,0.2932423521713605
B1-B4,114,3,correct,94,0.28806989206223055
B1-B4,114,3,incorrect,34,0.1869222566743321
B1-B4,114,4,all,128,0.08411096765110616
B1-B4,114,4,correct,94,0.11576469445933527
B1-B4,114,4,incorrect,34,-0.24792365666894647
B1-B4,114,5,all,128,0.024895571569956178
B1-B4,114,5,correct,94,0.04340381686706557
B1-B4,114,5,incorrect,34,-0.377343046853808
B1-B4,114,6,all,128,-0.08998407584659265
B1-B4,114,6,correct,94,-0.11140983850790738
B1-B4,114,6,incorrect,34,-0.4043004197457163
B1-B4,114,7,all,128,-0.2430933852114404
B1-B4,114,7,correct,94,-0.3255906246260953
B1-B4,114,7,incorrect,34,-0.4001778463692408
B1-B4,114,8,all,128,-0.38600666474186696
B1-B4,114,8,correct,94,-0.523418338421409
B1-B4,114,8,incorrect,34,-0.40007312350336827
B1-B4,114,9,all,128,-0.4272559013116118
B1-B4,114,9,correct,94,-0.5608479475921402
B1-B4,114,9,incorrect,34,-0.4251367280458167
B1-B4,114,10,all,128,-0.4058079036163485
B1-B4,114,10,correct,94,-0.536547888373705
B1-B4,114,10,incorrect,34,-0.4458641208854059
B1-B4,114,11,all,128,-0.2579064337314588
B1-B4,114,11,correct,94,-0.3799617920679815
B1-B4,114,11,incorrect,34,-0.42933390538842936
B1-B4,114,12,all,128,-0.020791820296116596
B1-B4,114,12,correct,94,-0.07033949844709948
B1-B4,114,12,incorrect,34,-0.4126951956122777
B1-B4,114,13,all,128,0.1467717468770896
B1-B4,114,13,correct,94,0.19375582734860455
B1-B4,114,13,incorrect,34,-0.4068597520058152
B1-B4,114,14,all,128,0.1618760182079794
B1-B4,114,14,correct,94,0.24450130467569126
B1-B4,114,14,incorrect,34,-0.40100727969613664
B1-B4,114,15,all,128,0.09280968905456119
B1-B4,114,15,correct,94,0.1542938562555079
B1-B4,114,15,incorrect,34,-0.40110834469005924
B1-B4,114,16,all,128,0.05163432281999439
B1-B4,114,16,correct,94,0.07921213579198891
B1-B4,114,16,incorrect,34,-0.37505045154352257
B1-B4,114,17,all,128,0.029083031091206028
B1-B4,114,17,correct,94,0.02906111446583792
B1-B4,114,17,incorrect,34,-0.33814452432053654
B1-B4,114,18,all,128,0.017904291294870582
B1-B4,114,18,correct,94,0.0011359780579617083
B1-B4,114,18,incorrect,34,-0.3066800951012166
B1-B4,114,19,all,128,0.017026264747042323
B1-B4,114,19,correct,94,-0.011282123039724935
B1-B4,114,19,incorrect,34,-0.26751652448300356
B1-B4,114,20,all,128,0.018845059181398595
B1-B4,114,20,correct,94,-0.017111968123938365
B1-B4,114,20,incorrect,34,-0.22713130272358442
B1-B4,114,21,all,128,0.023445782903581507
B1-B4,114,21,correct,94,-0.01812876368403293
B1-B4,114,21,incorrect,34,-0.1876326342167399
B1-B4,114,22,all,128,0.029074203227876613
B1-B4,114,22,correct,94,-0.01706575367936957
B1-B4,114,22,incorrect,34,-0.145261619383724
B1-B4,114,23,all,128,0.035939463229100806
B1-B4,114,23,correct,94,-0.015264581258457532
B1-B4,114,23,incorrect,34,-0.10388452340136062
B1-B4,114,24,all,128,0.043801877964356174
B1-B4,114,24,correct,94,-0.013368764052207775
B1-B4,114,24,incorrect,34,-0.05505117592549983
B1-B4,114,25,all,128,0.05164486133226426
B1-B4,114,25,correct,94,-0.01163116196012275
B1-B4,114,25,incorrect,34,-0.0077108522633991304
B1-B4,131,1,all,128,-0.20516205391119777
B1-B4,131,1,correct,94,-0.18639816801248876
B1-B4,131,1,incorrect,34,-0.09414406587427034
B1-B4,131,2,all,128,0.05965345387240895
B1-B4,131,2,correct,94,-0.008216373494870446
B1-B4,131,2,incorrect,34,0.3247951401282636
B1-B4,131,3,all,128,0.29348463078203096
B1-B4,131,3,correct,94,0.28376492776427664
B1-B4,131,3,incorrect,34,0.4629127360216694
B1-B4,131,4,all,128,0.6804444897679446
B1-B4,131,4,correct,94,0.7330331352541877
B1-B4,131,4,incorrect,34,0.6457068042341045
B1-B4,131,5,all,128,0.6510262524962835
B1-B4,131,5,correct,94,0.7248095051090085
B1-B4,131,5,incorrect,34,0.5471847638096655
B1-B4,131,6,all,128,0.4989537933357375
B1-B4,131,6,correct,94,0.6030245303422428
B1-B4,131,6,incorrect,34,0.255276124749151
B1-B4,131,7,all,128,0.36259476720255185
B1-B4,131,7,correct,94,0.49751008914642786
B1-B4,131,7,incorrect,34,0.05854418665587644
B1-B4,131,8,all,128,0.20862861091536725
B1-B4,131,8,correct,94,0.34438562062252087
B1-B4,131,8,incorrect,34,-0.10537351276789275
B1-B4,131,9,all,128,0.09214234960844926
B1-B4,131,9,correct,94,0.2063990823491744
B1-B4,131,9,incorrect,34,-0.22565411108312164
B1-B4,131,10,all,128,0.028106450857422395
B1-B4,131,10,correct,94,0.14023210631070895
B1-B4,131,10,incorrect,34,-0.28497552019845235
B1-B4,131,11,all,128,-0.061458514640804485
B1-B4,131,11,correct,94,0.03709538185441204
B1-B4,131,11,incorrect,34,-0.3345213830998327
B1-B4,131,12,all,128,-0.1669184695100137
B1-B4,131,12,correct,94,-0.10816823498387935
B1-B4,131,12,incorrect,34,-0.3787842607382696
B1-B4,131,13,all,128,-0.247329756433183
B1-B4,131,13,correct,94,-0.22864777824976087
B1-B4,131,13,incorrect,34,-0.4078028549160692
B1-B4,131,14,all,128,-0.24438627832904017
B1-B4,131,14,correct,94,-0.23229903611624353
B1-B4,131,14,incorrect,34,-0.4155895351783838
B1-B4,131,15,all,128,-0.20559084256270174
B1-B4,131,15,correct,94,-0.1686681895879725
B1-B4,131,15,incorrect,34,-0.4047774211568491
B1-B4,131,16,all,128,-0.16914979320801174
B1-B4,131,16,correct,94,-0.10709409899773617
B1-B4,131,16,incorrect,34,-0.4002714346452563
B1-B4,131,17,all,128,-0.14408615361484764
B1-B4,131,17,correct,94,-0.06511270526838017
B1-B4,131,17,incorrect,34,-0.40056095173218154
B1-B4,131,18,all,128,-0.1260575632787177
B1-B4,131,18,correct,94,-0.040537740214205246
B1-B4,131,18,incorrect,34,-0.3923521124361625
B1-B4,131,19,all,128,-0.11524905834685287
B1-B4,131,19,correct,94,-0.0268942671860735
B1-B4,131,19,incorrect,34,-0.3877009578548727
B1-B4,131,20,all,128,-0.10759783169003029
B1-B4,131,20,correct,94,-0.020232804932953985
B1-B4,131,20,incorrect,34,-0.39053241650898796
B1-B4,131,21,all,128,-0.10204403276450802
B1-B4,131,21,correct,94,-0.01718866325137435
B1-B4,131,21,incorrect,34,-0.38990857555378217
B1-B4,131,22,all,128,-0.09978398486955806
B1-B4,131,22,correct,94,-0.01653854683051426
B1-B4,131,22,incorrect,34,-0.39234715663539044
B1-B4,131,23,all,128,-0.09912187180926907
B1-B4,131,23,correct,94,-0.017883221239461147
B1-B4,131,23,incorrect,34,-0.39983945114094727
B1-B4,131,24,all,128,-0.10006353335240874
B1-B4,131,24,correct,94,-0.019523877919338316
B1-B4,131,24,incorrect,34,-0.41204017176914143
B1-B4,131,25,all,128,-0.10051399634118034
B1-B4,131,25,correct,94,-0.021230481829250136
B1-B4,131,25,incorrect,34,-0.42342222733414736
B1-B4,169,1,all,128,0.4562653696755135
B1-B4,169,1,correct,94,0.4105710538478995
B1-B4,169,1,incorrect,34,0.538207407031706
B1-B4,169,2,all,128,0.5617224687650986
B1-B4,169,2,correct,94,0.49604949374390156
B1-B4,169,2,incorrect,34,0.7016139438335307
B1-B4,169,3,all,128,0.5354847132700131
B1-B4,169,3,correct,94,0.4957376585181185
B1-B4,169,3,incorrect,34,0.7306452689451701
B1-B4,169,4,all,128,0.39471271548965875
B1-B4,169,4,correct,94,0.43672750922658565
B1-B4,169,4,incorrect,34,0.39251899386241396
B1-B4,169,5,all,128,0.3114427597717594
B1-B4,169,5,correct,94,0.4046739825637619
B1-B4,169,5,incorrect,34,0.09516077742488205
B1-B4,169,6,all,128,0.20161798291252617
B1-B4,169,6,correct,94,0.3336972455972216
B1-B4,169,6,incorrect,34,-0.19425198213313283
B1-B4,169,7,all,128,-0.021997289396500055
B1-B4,169,7,correct,94,0.1337845236655646
B1-B4,169,7,incorrect,34,-0.3812789827818899
B1-B4,169,8,all,128,-0.12181317561521152
B1-B4,169,8,correct,94,0.057555330489531965
B1-B4,169,8,incorrect,34,-0.5467949743375659
B1-B4,169,9,all,128,-0.1398525688424142
B1-B4,169,9,correct,94,0.03971434502169713
B1-B4,169,9,incorrect,34,-0.6065199315000471
B1-B4,169,10,all,128,-0.1826319086662485
B1-B4,169,10,correct,94,-0.0019558765887685314
B1-B4,169,10,incorrect,34,-0.5946960100561025
B1-B4,169,11,all,128,-0.26249382393865295
B1-B4,169,11,correct,94,-0.0817620707493099
B1-B4,169,11,incorrect,34,-0.5514087141377723
B1-B4,169,12,all,128,-0.31790818033966706
B1-B4,169,12,correct,94,-0.1346314445628906
B1-B4,169,12,incorrect,34,-0.5351650548808095
B1-B4,169,13,all,128,-0.33964489480646093
B1-B4,169,13,correct,94,-0.16237366666186823
B1-B4,169,13,incorrect,34,-0.49015206898573593
B1-B4,169,14,all,128,-0.34459073293858133
B1-B4,169,14,correct,94,-0.1809374256397726
B1-B4,169,14,incorrect,34,-0.42677001272716536
B1-B4,169,15,all,128,-0.3176480619972219
B1-B4,169,15,correct,94,-0.15128742778359414
B1-B4,169,15,incorrect,34,-0.40138151800108046
B1-B4,169,16,all,128,-0.2964462134607921
B1-B4,169,16,correct,94,-0.13641906704948964
B1-B4,169,16,incorrect,34,-0.3241660612347366
B1-B4,169,17,all,128,-0.2808910927509526
B1-B4,169,17,correct,94,-0.12752848643903458
B1-B4,169,17,incorrect,34,-0.25680097554667314
B1-B4,169,18,all,128,-0.2668205600176524
B1-B4,169,18,correct,94,-0.12146673698997919
B1-B4,169,18,incorrect,34,-0.19071738394605822
B1-B4,169,19,all,128,-0.25256124452660733
B1-B4,169,19,correct,94,-0.11867292169585122
B1-B4,169,19,incorrect,34,-0.12495593870415499
B1-B4,169,20,all,128,-0.24085829203126677
B1-B4,169,20,correct,94,-0.11912553880964113
B1-B4,169,20,incorrect,34,-0.06405773848578888
B1-B4,169,21,all,128,-0.22886184420087888
B1-B4,169,21,correct,94,-0.1196612062447988
B1-B4,169,21,incorrect,34,-0.008555045903746481
B1-B4,169,22,all,128,-0.2192895796733438
B1-B4,169,22,correct,94,-0.12286687938082774
B1-B4,169,22,incorrect,34,0.0326087326240671
B1-B4,169,23,all,128,-0.21391282477498955
B1-B4,169,23,correct,94,-0.12813122669985658
B1-B4,169,23,incorrect,34,0.05627542080234059
B1-B4,169,24,all,128,-0.20670748220110727
B1-B4,169,24,correct,94,-0.13122045430350326
B1-B4,169,24,incorrect,34,0.0810612194697101
B1-B4,169,25,all,128,-0.20011893869655561
B1-B4,169,25,correct,94,-0.13507890304241926
B1-B4,169,25,incorrect,34,0.10254516466677252
B1-B4,175,1,all,128,0.33524102061864125
B1-B4,175,1,correct,94,0.2015487917743169
B1-B4,175,1,incorrect,34,0.4326132006252132
B1-B4,175,2,all,128,0.3478793494320466
B1-B4,175,2,correct,94,0.15320603866496368
B1-B4,175,2,incorrect,34,0.5641038300542176
B1-B4,175,3,all,128,0.22088359468685917
B1-B4,175,3,correct,94,-0.0009866656294390556
B1-B4,175,3,incorrect,34,0.5009045686482031
B1-B4,175,4,all,128,0.03857255242122215
B1-B4,175,4,correct,94,-0.09374993027830204
B1-B4,175,4,incorrect,34,0.1470887030152469
B1-B4,175,5,all,128,0.0006538742096562223
B1-B4,175,5,correct,94,-0.11724994240480913
B1-B4,175,5,incorrect,34,-0.001300683509791244
B1-B4,175,6,all,128,0.07336161824540698
B1-B4,175,6,correct,94,-0.05709631285480285
B1-B4,175,6,incorrect,34,-0.04686367007396797
B1-B4,175,7,all,128,0.31312853684021397
B1-B4,175,7,correct,94,0.1934210654170519
B1-B4,175,7,incorrect,34,0.04299263689906348
B1-B4,175,8,all,128,0.4911119602480318
B1-B4,175,8,correct,94,0.40328399105672336
B1-B4,175,8,incorrect,34,0.17678205943068467
B1-B4,175,9,all,128,0.5877444094466038
B1-B4,175,9,correct,94,0.5483713244861614
B1-B4,175,9,incorrect,34,0.3576030865213681
B1-B4,175,10,all,128,0.6364030355731117
B1-B4,175,10,correct,94,0.6319668279559266
B1-B4,175,10,incorrect,34,0.4116477880861304
B1-B4,175,11,all,128,0.6440697652868046
B1-B4,175,11,correct,94,0.6435720657623796
B1-B4,175,11,incorrect,34,0.4085297681985036
B1-B4,175,12,all,128,0.5155932653574858
B1-B4,175,12,correct,94,0.47544639952431966
B1-B4,175,12,incorrect,34,0.30742824903903304
B1-B4,175,13,all,128,0.3274647688395512
B1-B4,175,13,correct,94,0.20239956730115188
B1-B4,175,13,incorrect,34,0.2507184927213871
B1-B4,175,14,all,128,0.2481734189619056
B1-B4,175,14,correct,94,0.0688875125823277
B1-B4,175,14,incorrect,34,0.2855022612410443
B1-B4,175,15,all,128,0.24970243503742598
B1-B4,175,15,correct,94,0.05184194847896297
B1-B4,175,15,incorrect,34,0.43998629625567165
B1-B4,175,16,all,128,0.26570752628983835
B1-B4,175,16,correct,94,0.0821446758474068
B1-B4,175,16,incorrect,34,0.562615143743207
B1-B4,175,17,all,128,0.2773561859829322
B1-B4,175,17,correct,94,0.11960992303558787
B1-B4,175,17,incorrect,34,0.6228396411431921
B1-B4,175,18,all,128,0.2814125090764094
B1-B4,175,18,correct,94,0.14530465444887253
B1-B4,175,18,incorrect,34,0.6499611590406935
B1-B4,175,19,all,128,0.27093917149527164
B1-B4,175,19,correct,94,0.15396339618835375
B1-B4,175,19,incorrect,34,0.6457096548927753
B1-B4,175,20,all,128,0.26239941213025875
B1-B4,175,20,correct,94,0.15313787404268264
B1-B4,175,20,incorrect,34,0.6365071287401575
B1-B4,175,21,all,128,0.24333641745788226
B1-B4,175,21,correct,94,0.14478335216197752
B1-B4,175,21,incorrect,34,0.6136457902379504
B1-B4,175,22,all,128,0.22762097259596237
B1-B4,175,22,correct,94,0.13522195139973187
B1-B4,175,22,incorrect,34,0.5877205993840424
B1-B4,175,23,all,128,0.21325866858872097
B1-B4,175,23,correct,94,0.12491469092357761
B1-B4,175,23,incorrect,34,0.5691380886253687
B1-B4,175,24,all,128,0.20118859629642402
B1-B4,175,24,correct,94,0.11540966418448739
B1-B4,175,24,incorrect,34,0.5529806727551058
B1-B4,175,25,all,128,0.1901785151736567
B1-B4,175,25,correct,94,0.1054915881487006
B1-B4,175,25,incorrect,34,0.5377237224154271
B1-B4,181,1,all,128,-0.541841249593178
B1-B4,181,1,correct,94,-0.5606305988756414
B1-B4,181,1,incorrect,34,-0.44558978854247644
B1-B4,181,2,all,128,-0.16194663955759855
B1-B4,181,2,correct,94,-0.32917906151700194
B1-B4,181,2,incorrect,34,0.13608332986595545
B1-B4,181,3,all,128,-0.04548279035337387
B1-B4,181,3,correct,94,-0.15421494922431744
B1-B4,181,3,incorrect,34,0.18258565212439518
B1-B4,181,4,all,128,0.2846847448907394
B1-B4,181,4,correct,94,0.3065843557647504
B1-B4,181,4,incorrect,34,0.20570807975899916
B1-B4,181,5,all,128,0.29000742167967175
B1-B4,181,5,correct,94,0.30827638180549816
B1-B4,181,5,incorrect,34,0.24094731688188079
B1-B4,181,6,all,128,0.29363616262513353
B1-B4,181,6,correct,94,0.30461534828595493
B1-B4,181,6,incorrect,34,0.11745318260062604
B1-B4,181,7,all,128,0.3489167176394232
B1-B4,181,7,correct,94,0.38494452241514965
B1-B4,181,7,incorrect,34,0.07127946347201358
B1-B4,181,8,all,128,0.36842135317758495
B1-B4,181,8,correct,94,0.44225118112308914
B1-B4,181,8,incorrect,34,0.023585246286303423
B1-B4,181,9,all,128,0.38274729381709893
B1-B4,181,9,correct,94,0.47512707898451595
B1-B4,181,9,incorrect,34,0.046640572517530676
B1-B4,181,10,all,128,0.4407258313847474
B1-B4,181,10,correct,94,0.5518066981054836
B1-B4,181,10,incorrect,34,0.02559997630377414
B1-B4,181,11,all,128,0.3753738548393279
B1-B4,181,11,correct,94,0.48191607787758756
B1-B4,181,11,incorrect,34,0.0672767298501536
B1-B4,181,12,all,128,0.16143635155975658
B1-B4,181,12,correct,94,0.22367501431661774
B1-B4,181,12,incorrect,34,0.10830081430873416
B1-B4,181,13,all,128,-0.02782172749022865
B1-B4,181,13,correct,94,-0.05329910202101899
B1-B4,181,13,incorrect,34,0.13416807141881432
B1-B4,181,14,all,128,-0.08152310327259978
B1-B4,181,14,correct,94,-0.14764453413776418
B1-B4,181,14,incorrect,34,0.16277577031006576
B1-B4,181,15,all,128,0.001199709684794066
B1-B4,181,15,correct,94,-0.06478436453746854
B1-B4,181,15,incorrect,34,0.21666317235083646
B1-B4,181,16,all,128,0.0416665662189066
B1-B4,181,16,correct,94,-0.0023922422977731136
B1-B4,181,16,incorrect,34,0.3593042053753184
B1-B4,181,17,all,128,0.08595815403909883
B1-B4,181,17,correct,94,0.048637690519042515
B1-B4,181,17,incorrect,34,0.4547409466982058
B1-B4,181,18,all,128,0.10434859440981158
B1-B4,181,18,correct,94,0.07225110117643453
B1-B4,181,18,incorrect,34,0.49222859677325703
B1-B4,181,19,all,128,0.12082089407873561
B1-B4,181,19,correct,94,0.0829896848608011
B1-B4,181,19,incorrect,34,0.5063659171807268
B1-B4,181,20,all,128,0.12563763485943985
B1-B4,181,20,correct,94,0.08554380976291835
B1-B4,181,20,incorrect,34,0.5069355754632746
B1-B4,181,21,all,128,0.12563035726593952
B1-B4,181,21,correct,94,0.08616766768676101
B1-B4,181,21,incorrect,34,0.4997998555717018
B1-B4,181,22,all,128,0.1223306936087426
B1-B4,181,22,correct,94,0.08352232564676194
B1-B4,181,22,incorrect,34,0.471330110219587
B1-B4,181,23,all,128,0.11508270727358823
B1-B4,181,23,correct,94,0.07925599755963247
B1-B4,181,23,incorrect,34,0.4444512566020305
B1-B4,181,24,all,128,0.10836035886293127
B1-B4,181,24,correct,94,0.07512645657732449
B1-B4,181,24,incorrect,34,0.41451187524821825
B1-B4,181,25,all,128,0.1009992929909959
B1-B4,181,25,correct,94,0.0715078209516014
B1-B4,181,25,incorrect,34,0.38989990762602444
