domain,cluster_id,tick,eta_squared
B0,45,1,0.8119391782779647
B0,45,2,0.8173614264597597
B0,45,3,0.8140131022783986
B0,45,4,0.8007552612560627
B0,45,5,0.8122802514939754
B0,45,6,0.8357177040440784
B0,45,7,0.8582482212067168
B0,45,8,0.8223516446322631
B0,45,9,0.8394329523044849
B0,45,10,0.8938921296562787
B0,45,11,0.9250898225439943
B0,45,12,0.932684394845299
B0,45,13,0.9544013566248047
B0,45,14,0.954791728129536
B0,45,15,0.9638684428897818
B0,45,16,0.9684405072714234
B0,45,17,0.9710818426073248
B0,45,18,0.9735257562526441
B0,45,19,0.9743163671849742
B0,45,20,0.9754694645841316
B0,45,21,0.9771589747764329
B0,45,22,0.9779032937423068
B0,45,23,0.9780072645453555
B0,45,24,0.9782666193694892
B0,45,25,0.9785365247569477
B0,87,1,0.9426308151107455
B0,87,2,0.9380071005481629
B0,87,3,0.9250988693737552
B0,87,4,0.9099569433391256
B0,87,5,0.8881572991713245
B0,87,6,0.8689432526841877
B0,87,7,0.8548166921005236
B0,87,8,0.8579455794325143
B0,87,9,0.848974872540942
B0,87,10,0.8305079358503757
B0,87,11,0.8722349053460986
B0,87,12,0.8741067894049981
B0,87,13,0.8947105498132621
B0,87,14,0.8996465123770796
B0,87,15,0.9250144982836687
B0,87,16,0.933716031465154
B0,87,17,0.9348675166954077
B0,87,18,0.9402393340501962
B0,87,19,0.9442551980144027
B0,87,20,0.9467829535911599
B0,87,21,0.9497520857747229
B0,87,22,0.951789303101728
B0,87,23,0.9531346146131161
B0,87,24,0.9557181613951593
B0,87,25,0.9571368774140722
B0,114,1,0.9531863134458732
B0,114,2,0.9599818746549719
B0,114,3,0.9636791884489521
B0,114,4,0.9660571219897063
B0,114,5,0.9707932389720277
B0,114,6,0.9723591970088047
B0,114,7,0.9744074805840544
B0,114,8,0.9767339139720671
B0,114,9,0.9782626283797307
B0,114,10,0.9789319525442106
B0,114,11,0.9799606544495533
B0,114,12,0.9804600640758043
B0,114,13,0.9802750403395935
B0,114,14,0.9809309739761238
B0,114,15,0.981151045693977
B0,114,16,0.9818620699221384
B0,114,17,0.9823325452773438
B0,114,18,0.9828338662403864
B0,114,19,0.9830942568101904
B0,114,20,0.9832763608648453
B0,114,21,0.983481283683299
B0,114,22,0.9836322337854774
B0,114,23,0.9837797904430577
B0,114,24,0.9836704805428692
B0,114,25,0.9834866532525436
B0,131,1,0.9908505014272276
B0,131,2,0.9936008451199493
B0,131,3,0.9944269843902244
B0,131,4,0.9944862880794735
B0,131,5,0.9953890353734925
B0,131,6,0.9956017078537988
B0,131,7,0.9957325235681667
B0,131,8,0.9955124646613476
B0,131,9,0.9960438774157457
B0,131,10,0.9964505432444436
B0,131,11,0.9965854104899604
B0,131,12,0.9966439969981576
B0,131,13,0.9969397483598446
B0,131,14,0.9971532668630632
B0,131,15,0.997211651715562
B0,131,16,0.9973323714773605
B0,131,17,0.9974094020815948
B0,131,18,0.9974784975969028
B0,131,19,0.9975387559276381
B0,131,20,0.9975847652161455
B0,131,21,0.9976071305844647
B0,131,22,0.9976400622466941
B0,131,23,0.9976798619065069
B0,131,24,0.9976933644855526
B0,131,25,0.9977105945766473
B0,169,1,0.9317255947688013
B0,169,2,0.9305181878689863
B0,169,3,0.9383450451967383
B0,169,4,0.9523704094595251
B0,169,5,0.9598096515468949
B0,169,6,0.9656905428189476
B0,169,7,0.9718559109752842
B0,169,8,0.9747460829821649
B0,169,9,0.9762136623086706
B0,169,10,0.9770320068968117
B0,169,11,0.9784688754657779
B0,169,12,0.9786991165727443
B0,169,13,0.9791836687541376
B0,169,14,0.9791345842071376
B0,169,15,0.9791737446542113
B0,169,16,0.9791262334725777
B0,169,17,0.979467775188606
B0,169,18,0.9800497593308725
B0,169,19,0.9809904566553405
B0,169,20,0.9815041939804203
B0,169,21,0.9820733534809974
B0,169,22,0.9822638210249423
B0,169,23,0.9824694490505897
B0,169,24,0.9829078396745322
B0,169,25,0.9834212972779914
B0,175,1,0.937778065226023
B0,175,2,0.9509099496706943
B0,175,3,0.9496716694940632
B0,175,4,0.9415994889864765
B0,175,5,0.9339180845007962
B0,175,6,0.9291011700646842
B0,175,7,0.9255598166453884
B0,175,8,0.9251894760000173
B0,175,9,0.9371370211847376
B0,175,10,0.9494806337746117
B0,175,11,0.9477225512510499
B0,175,12,0.9463032426856934
B0,175,13,0.9483046125207131
B0,175,14,0.9497162591065378
B0,175,15,0.9545027544809269
B0,175,16,0.9593485148061208
B0,175,17,0.9642805441463121
B0,175,18,0.9686621349624654
B0,175,19,0.972743603416842
B0,175,20,0.9758536311763679
B0,175,21,0.9785035265259547
B0,175,22,0.9801160017013926
B0,175,23,0.9812589496885037
B0,175,24,0.9820431893683989
B0,175,25,0.9827596042100868
B0,181,1,0.9727654947854756
B0,181,2,0.9819511557554528
B0,181,3,0.9797907454094907
B0,181,4,0.976169980810253
B0,181,5,0.9750334003377313
B0,181,6,0.978816360988305
B0,181,7,0.9775212215469484
B0,181,8,0.9735127307348471
B0,181,9,0.9721164150248603
B0,181,10,0.9685447855984415
B0,181,11,0.9648286674129107
B0,181,12,0.961252033005151
B0,181,13,0.9596665565408703
B0,181,14,0.9576447410424923
B0,181,15,0.9573644268403497
B0,181,16,0.9575694551669993
B0,181,17,0.959786200529523
B0,181,18,0.9624046616495827
B0,181,19,0.9653417619002774
B0,181,20,0.9679607557574191
B0,181,21,0.9699924993553976
B0,181,22,0.9718095372687631
B0,181,23,0.9733154793286413
B0,181,24,0.9748452539507714
B0,181,25,0.9759630561485361
B1-B4,45,1,0.5404751126361873
B1-B4,45,2,0.5580396016070692
B1-B4,45,3,0.5364052697307713
B1-B4,45,4,0.5321539746361492
B1-B4,45,5,0.547109336426375
B1-B4,45,6,0.5749159662272051
B1-B4,45,7,0.6035735518731353
B1-B4,45,8,0.5884606813390277
B1-B4,45,9,0.606608247407709
B1-B4,45,10,0.6548640221303687
B1-B4,45,11,0.7011618302123268
B1-B4,45,12,0.710989503552391
B1-B4,45,13,0.7540958437846742
B1-B4,45,14,0.7521753522256623
B1-B4,45,15,0.7831936330529239
B1-B4,45,16,0.7992860205700084
B1-B4,45,17,0.8089683591103931
B1-B4,45,18,0.8170379099593951
B1-B4,45,19,0.8217188403748047
B1-B4,45,20,0.8246441927635909
B1-B4,45,21,0.8326582740795017
B1-B4,45,22,0.8364691415380691
B1-B4,45,23,0.8354116127765643
B1-B4,45,24,0.8363684191924484
B1-B4,45,25,0.837347577928396
B1-B4,87,1,0.7354007857628931
B1-B4,87,2,0.8141119315151196
B1-B4,87,3,0.7399334440913506
B1-B4,87,4,0.7833894507140519
B1-B4,87,5,0.758742441612088
B1-B4,87,6,0.7405282407124746
B1-B4,87,7,0.7187016549159014
B1-B4,87,8,0.7302198382363566
B1-B4,87,9,0.7557489679099451
B1-B4,87,10,0.7626885431426879
B1-B4,87,11,0.7607478282505197
B1-B4,87,12,0.7762645143659421
B1-B4,87,13,0.8009786722704206
B1-B4,87,14,0.7801540140306663
B1-B4,87,15,0.8096591611040741
B1-B4,87,16,0.818398432687379
B1-B4,87,17,0.8165653543129063
B1-B4,87,18,0.824207036950153
B1-B4,87,19,0.8234583297186483
B1-B4,87,20,0.8296774958714045
B1-B4,87,21,0.835279154945925
B1-B4,87,22,0.8327786312923392
B1-B4,87,23,0.8379774131405554
B1-B4,87,24,0.8443225229589647
B1-B4,87,25,0.8491954492264413
B1-B4,114,1,0.8122195960395435
B1-B4,114,2,0.7985123940945241
B1-B4,114,3,0.8103930878831067
B1-B4,114,4,0.8283871910163554
B1-B4,114,5,0.8383905308347022
B1-B4,114,6,0.8448686981707413
B1-B4,114,7,0.8514169506055431
B1-B4,114,8,0.8575933121041865
B1-B4,114,9,0.8624152356674271
B1-B4,114,10,0.8594505693887106
B1-B4,114,11,0.8596943131423485
B1-B4,114,12,0.8610154889866
B1-B4,114,13,0.8570209200910986
B1-B4,114,14,0.8556245545260039
B1-B4,114,15,0.8492003210356757
B1-B4,114,16,0.8506393758884807
B1-B4,114,17,0.8508340144456913
B1-B4,114,18,0.8513071935947347
B1-B4,114,19,0.8513634639344867
B1-B4,114,20,0.8526183584953414
B1-B4,114,21,0.8531117851016277
B1-B4,114,22,0.8549841496847597
B1-B4,114,23,0.8548411062896477
B1-B4,114,24,0.8544539999386408
B1-B4,114,25,0.8526572890049106
B1-B4,131,1,0.8762791102970732
B1-B4,131,2,0.8742437752283008
B1-B4,131,3,0.8753908745437934
B1-B4,131,4,0.8708965935407896
B1-B4,131,5,0.8692281366410268
B1-B4,131,6,0.8683968167558811
B1-B4,131,7,0.864916930045761
B1-B4,131,8,0.8604637124795511
B1-B4,131,9,0.8551956610675656
B1-B4,131,10,0.8484809883880216
B1-B4,131,11,0.8461855360060251
B1-B4,131,12,0.8389410424123419
B1-B4,131,13,0.838846794480656
B1-B4,131,14,0.8326212565492261
B1-B4,131,15,0.8317417481357688
B1-B4,131,16,0.8259340924017168
B1-B4,131,17,0.8193093864759768
B1-B4,131,18,0.8123441519028353
B1-B4,131,19,0.8090465710598591
B1-B4,131,20,0.8032592929582827
B1-B4,131,21,0.7971706615469445
B1-B4,131,22,0.7925508728225789
B1-B4,131,23,0.7872681842342603
B1-B4,131,24,0.7830613172969993
B1-B4,131,25,0.7771580679830821
B1-B4,169,1,0.7988932833611215
B1-B4,169,2,0.7931909782557206
B1-B4,169,3,0.8307106461312381
B1-B4,169,4,0.8689218149734032
B1-B4,169,5,0.8924606720143118
B1-B4,169,6,0.9053480459307891
B1-B4,169,7,0.917189002501719
B1-B4,169,8,0.9284733505465277
B1-B4,169,9,0.9302250814725608
B1-B4,169,10,0.9319250197328585
B1-B4,169,11,0.9308349167310038
B1-B4,169,12,0.9304189752192287
B1-B4,169,13,0.9329405950421148
B1-B4,169,14,0.9341619229232084
B1-B4,169,15,0.9357856862501363
B1-B4,169,16,0.9373774839779221
B1-B4,169,17,0.9376534694435289
B1-B4,169,18,0.9376497570388242
B1-B4,169,19,0.9385654616185225
B1-B4,169,20,0.9390611798842907
B1-B4,169,21,0.9392432472781148
B1-B4,169,22,0.9393963963964608
B1-B4,169,23,0.9388395509666593
B1-B4,169,24,0.9385213428167428
B1-B4,169,25,0.939235173287241
B1-B4,175,1,0.7977772102285585
B1-B4,175,2,0.8691274005816568
B1-B4,175,3,0.8842313653090259
B1-B4,175,4,0.8618697133521379
B1-B4,175,5,0.8500031861110195
B1-B4,175,6,0.8563188522878806
B1-B4,175,7,0.8703792170358219
B1-B4,175,8,0.8579142855879565
B1-B4,175,9,0.8190981672522789
B1-B4,175,10,0.8079314553823541
B1-B4,175,11,0.831719752193482
B1-B4,175,12,0.8542786111841013
B1-B4,175,13,0.8575884370673755
B1-B4,175,14,0.8601997994024483
B1-B4,175,15,0.8495630379981939
B1-B4,175,16,0.836896650502911
B1-B4,175,17,0.8309832452168248
B1-B4,175,18,0.8274408480397636
B1-B4,175,19,0.8261916870727682
B1-B4,175,20,0.8267558518830359
B1-B4,175,21,0.8288305828731584
B1-B4,175,22,0.8302847467445944
B1-B4,175,23,0.8326874776360224
B1-B4,175,24,0.8354469328803225
B1-B4,175,25,0.8371229319247608
B1-B4,181,1,0.8878369323068389
B1-B4,181,2,0.9126819124397566
B1-B4,181,3,0.9230163052955142
B1-B4,181,4,0.9107137042317525
B1-B4,181,5,0.9130510003540244
B1-B4,181,6,0.9268539520235543
B1-B4,181,7,0.9241366411151132
B1-B4,181,8,0.9097399198482391
B1-B4,181,9,0.8999123970369505
B1-B4,181,10,0.8997172350307955
B1-B4,181,11,0.8920361760059837
B1-B4,181,12,0.8793890242795734
B1-B4,181,13,0.8637946811644304
B1-B4,181,14,0.8483782604614101
B1-B4,181,15,0.8370838340281799
B1-B4,181,16,0.8104174223797482
B1-B4,181,17,0.7918953255791004
B1-B4,181,18,0.7830625787084655
B1-B4,181,19,0.7766231698068333
B1-B4,181,20,0.7744677192004548
B1-B4,181,21,0.7747512463604926
B1-B4,181,22,0.7759761820316724
B1-B4,181,23,0.7772174788102405
B1-B4,181,24,0.778917944066678
B1-B4,181,25,0.781247319281812
