bootstrap,selected_object_a,selected_object_b,selected_distance,selected_pair_is_3_4,selected_pair_contains_object_4,cosine_34_direction_to_frozen
0,3,4,4.702161073842298,True,True,0.9999612401219329
1,3,4,4.800772114957088,True,True,0.9999987938432482
2,3,4,4.732906200687136,True,True,0.9999836263671263
3,3,4,4.758476990430835,True,True,0.9999953488627755
4,3,4,4.677403382034811,True,True,0.9999985821136783
5,3,4,4.742344090352907,True,True,0.9999932738690189
6,3,4,4.683431628856253,True,True,0.9999944931312312
7,3,4,4.728741632093511,True,True,0.9999994463475785
8,3,4,4.727872642040381,True,True,0.9999925112177876
9,3,4,4.712420640146473,True,True,0.9999979977037754
10,3,4,4.735077472379355,True,True,0.9999996689313876
11,3,4,4.73875865361699,True,True,0.9999935682973813
12,3,4,4.73473625232339,True,True,0.9999981767329542
13,3,4,4.796301149386708,True,True,0.999996121322059
14,3,4,4.65526813577459,True,True,0.9999942576042589
15,3,4,4.794981453308934,True,True,0.9999994408881983
16,3,4,4.748141916235465,True,True,0.9999971393090699
17,3,4,4.777760042171406,True,True,0.9999955068279995
18,3,4,4.81312371309021,True,True,0.9999987271676514
19,3,4,4.71770499570972,True,True,0.9999991608032017
20,3,4,4.760404135024391,True,True,0.9999972660333174
21,3,4,4.774888931821106,True,True,0.9999822567966797
22,3,4,4.780891897666934,True,True,0.9999919790707927
23,3,4,4.755878506150647,True,True,0.9999892206202559
24,3,4,4.795396718546805,True,True,0.9999976435396045
25,3,4,4.735541283493928,True,True,0.999998499891901
26,3,4,4.817031022730775,True,True,0.9999984739144047
27,3,4,4.797369328911036,True,True,0.9999949447622738
28,3,4,4.789831173962861,True,True,0.9999985200821163
29,3,4,4.670286143031371,True,True,0.9999887354928025
30,3,4,4.741057060748192,True,True,0.9999968284459841
31,3,4,4.700477895065161,True,True,0.9999757327579064
32,3,4,4.713248868687125,True,True,0.9999965847205274
33,3,4,4.753707558433207,True,True,0.9999929293755982
34,3,4,4.802094434210311,True,True,0.9999762554023742
35,3,4,4.751615063464849,True,True,0.9999739406357006
36,3,4,4.805738131712271,True,True,0.9999994658525133
37,3,4,4.633055052737125,True,True,0.9999786520627633
38,3,4,4.752375412502562,True,True,0.9999996012491931
39,3,4,4.692665598449518,True,True,0.9999907248945796
40,3,4,4.819910883728451,True,True,0.9999903027551346
41,3,4,4.709091103497919,True,True,0.999999937056627
42,3,4,4.698659811870897,True,True,0.9999984349183846
43,3,4,4.843515178748734,True,True,0.9999936729842971
44,3,4,4.797508540329207,True,True,0.9999870711561529
45,3,4,4.715018231993064,True,True,0.9999965669157638
46,3,4,4.7198448441704555,True,True,0.999995075999608
47,3,4,4.739963446265722,True,True,0.999998024246622
48,3,4,4.731311739748049,True,True,0.9999971664669451
49,3,4,4.785400578707231,True,True,0.9999932712662305
50,3,4,4.811774336739604,True,True,0.9999997128797764
51,3,4,4.718532631301767,True,True,0.9999938899672434
52,3,4,4.730913447912964,True,True,0.9999968592979651
53,3,4,4.796865544647138,True,True,0.9999978716026792
54,3,4,4.723623105458428,True,True,0.9999633617238028
55,3,4,4.721651596529641,True,True,0.9999972059065649
56,3,4,4.7999712585148595,True,True,0.9999836221803273
57,3,4,4.745541776710714,True,True,0.9999968113136641
58,3,4,4.598949668594515,True,True,0.9999613614964626
59,3,4,4.725524134799355,True,True,0.9999970055620173
60,3,4,4.789569501020705,True,True,0.9999937783969434
61,3,4,4.829088868289324,True,True,0.9999718107956712
62,3,4,4.710583715389708,True,True,0.9999970648598135
63,3,4,4.739969955739486,True,True,0.9999911349743196
64,3,4,4.736662857344702,True,True,0.9999940983708901
65,3,4,4.756642177591048,True,True,0.9999941340659073
66,3,4,4.819287190913584,True,True,0.9999962197118034
67,3,4,4.756265119496818,True,True,0.9999944441172106
68,3,4,4.719102799752344,True,True,0.99998906083205
69,3,4,4.7754853147733085,True,True,0.9999983643781619
70,3,4,4.683022353829006,True,True,0.9999982283425818
71,3,4,4.6896224680301986,True,True,0.9999926867481543
72,3,4,4.792943250628521,True,True,0.9999981329376233
73,3,4,4.806277035900796,True,True,0.9999988413276808
74,3,4,4.733502933900328,True,True,0.9999997283143574
75,3,4,4.763031562762214,True,True,0.999993493587525
76,3,4,4.772049646714818,True,True,0.9999938332064553
77,3,4,4.7101074960414735,True,True,0.9999880474391513
78,3,4,4.8129242533227785,True,True,0.9999993813920453
79,3,4,4.729160941260996,True,True,0.9999992641638693
80,3,4,4.7613830925788765,True,True,0.9999923001383361
81,3,4,4.751165429787019,True,True,0.9999992010171985
82,3,4,4.75726325928548,True,True,0.999999490901873
83,3,4,4.769118443802572,True,True,0.9999972733848725
84,3,4,4.772035399998885,True,True,0.999997737201488
85,3,4,4.707834863697566,True,True,0.9999996758922906
86,3,4,4.767276142520402,True,True,0.9999975630695672
87,3,4,4.739718879553211,True,True,0.9999976109062533
88,3,4,4.806138165981607,True,True,0.9999993873442412
89,3,4,4.735490083764272,True,True,0.9999998775448679
90,3,4,4.7485829340770485,True,True,0.9999997880816753
91,3,4,4.730069880970957,True,True,0.9999912549160478
92,3,4,4.763122929496166,True,True,0.9999906092224289
93,3,4,4.697101310881035,True,True,0.9999990784761468
94,3,4,4.781369997165829,True,True,0.9999856387223375
95,3,4,4.743032348471521,True,True,0.9999724454481886
96,3,4,4.795420623067428,True,True,0.9999879470756343
97,3,4,4.742105986219777,True,True,0.9999983748223364
98,3,4,4.796488726484468,True,True,0.9999975754036325
99,3,4,4.720207310087548,True,True,0.999996714802255
