epoch,train_loss,train_accuracy,val_loss,val_accuracy_most_certain,val_accuracy_final_tick,val_mean_most_certain_tick,val_mean_selected_certainty
1,2.08361279964447,0.125,2.0795397758483887,0.125,0.125,4.11875,0.0029913756996393205
2,2.0691330432891846,0.1625,2.0423280239105224,0.275,0.2875,5.5625,0.003143072500824928
3,1.9958216786384582,0.35,1.923643708229065,0.36875,0.33125,9.55,0.009345967695116997
4,1.8196193814277648,0.390625,1.6950276851654054,0.35,0.3375,9.83125,0.058032408356666565
5,1.5695422530174254,0.334375,1.4701939582824708,0.31875,0.31875,9.8875,0.20653619170188903
6,1.3751270771026611,0.390625,1.307422661781311,0.43125,0.43125,9.775,0.2926185727119446
7,1.1952759265899657,0.50625,1.0772658348083497,0.56875,0.56875,9.78125,0.3564769566059113
8,0.9484731912612915,0.63125,0.7858980774879456,0.6875,0.6875,10.0,0.49330129027366637
9,0.6813725292682647,0.753125,0.5958972752094269,0.79375,0.79375,10.0,0.6217652201652527
10,0.4484546810388565,0.83125,0.3197021186351776,0.86875,0.86875,10.0,0.759369158744812
11,0.28281771689653395,0.890625,0.24305500388145446,0.91875,0.91875,10.0,0.8258734703063965
12,0.21106197237968444,0.915625,0.22255422174930573,0.90625,0.90625,10.0,0.8706448554992676
13,0.17228712886571884,0.94375,0.19058005809783934,0.9375,0.9375,10.0,0.8920004010200501
14,0.13968068733811378,0.946875,0.1833880938589573,0.9375,0.9375,9.96875,0.904440176486969
15,0.12117786332964897,0.96875,0.1660136729478836,0.94375,0.9375,9.975,0.9216812014579773
16,0.07351691741496325,0.984375,0.20686260983347893,0.91875,0.91875,9.975,0.9286948084831238
17,0.086611358076334,0.965625,0.11563815958797932,0.95,0.95,9.9625,0.9494110822677613
18,0.07003854047507048,0.96875,0.14973681531846522,0.94375,0.9375,9.9625,0.9392819166183471
19,0.07755313161760569,0.9625,0.1431535452604294,0.94375,0.9375,9.93125,0.9486325025558472
20,0.16270686369389295,0.928125,0.3291896000504494,0.88125,0.88125,9.99375,0.9440945267677308
21,0.10491914451122283,0.965625,0.11817335337400436,0.95,0.94375,9.9875,0.9516053795814514
22,0.059025582112371924,0.975,0.10747860874980689,0.96875,0.96875,9.99375,0.9628025770187378
23,0.04835260733962059,0.98125,0.11003305092453956,0.95625,0.95625,9.95625,0.9572162985801697
24,0.035703265387564895,0.984375,0.10755859576165676,0.9625,0.95625,9.95,0.96129150390625
25,0.02892172122374177,0.990625,0.11049511730670929,0.95625,0.95625,9.94375,0.9664828777313232
26,0.0252169968560338,0.99375,0.10879943035542965,0.95625,0.95,9.9375,0.9675577759742737
27,0.025332035264000297,0.990625,0.1197239588946104,0.95625,0.95625,9.9625,0.9695685863494873
28,0.02184710269793868,0.99375,0.1049485532566905,0.95625,0.95,9.9375,0.9721734046936035
29,0.027465946646407245,0.990625,0.11438613086938858,0.95625,0.95625,9.95625,0.9727009534835815
30,0.021840719133615495,0.990625,0.11350546721369029,0.95625,0.95625,9.95,0.9734135627746582
31,0.02111055180430412,0.990625,0.11069014817476272,0.9625,0.95625,9.9375,0.973548150062561
32,0.020862958300858735,0.990625,0.11921633817255498,0.95625,0.95,9.94375,0.9737307310104371
33,0.013299990305677056,0.996875,0.11940266992896795,0.95625,0.9625,9.9375,0.9737908244132996
34,0.012191419792361557,0.996875,0.113850549608469,0.95625,0.9625,9.93125,0.9759478092193603
35,0.011673113238066435,0.996875,0.11375733385793865,0.95625,0.96875,9.93125,0.9764880061149597
36,0.013379803090356291,0.99375,0.11702124560251832,0.95625,0.9625,9.94375,0.9759741067886353
37,0.010606921603903174,0.996875,0.11559260697104037,0.9625,0.96875,9.9375,0.9772395968437195
38,0.010080456349533052,0.996875,0.1177892295178026,0.95625,0.96875,9.91875,0.9785338878631592
39,0.008458385046105832,0.996875,0.11095944587141275,0.9625,0.9625,9.9625,0.9789367318153381
40,0.008461434673517943,0.996875,0.12145226113498211,0.95625,0.95625,9.95,0.979051947593689
41,0.007653649558778852,1.0,0.11999896108172833,0.95625,0.9625,9.95,0.9796306252479553
42,0.010329245124012232,0.996875,0.12291723084636033,0.9625,0.9625,9.9375,0.9798454165458679
43,0.013678098353557289,0.990625,0.13627147646620869,0.95,0.95,9.95625,0.9806144595146179
44,0.019747781509067863,0.9875,0.1231676739640534,0.95625,0.95625,9.9625,0.9786283612251282
45,0.01967581590870395,0.99375,0.14055850282311438,0.95625,0.95625,9.95,0.9787466526031494
46,0.015211386879673227,0.990625,0.13844160363078117,0.95625,0.95,9.98125,0.9834637880325318
47,0.006603329995414242,0.996875,0.13646059732418508,0.95625,0.95625,9.94375,0.982863974571228
48,0.012879100441932679,0.99375,0.17595287701115012,0.94375,0.9375,9.975,0.9859640002250671
49,0.03144114423193969,0.98125,0.23391534630209207,0.925,0.93125,9.95625,0.9789799213409424
50,0.0445955224102363,0.975,0.14789830455556513,0.95625,0.95625,9.96875,0.9832704544067383
51,0.05881232535466552,0.975,0.21567149478942155,0.9375,0.925,9.9375,0.9766003131866455
52,0.026887515233829616,0.9875,0.19465726837515832,0.94375,0.94375,9.93125,0.9730101704597474
53,0.023760238464456053,0.984375,0.16242123572155834,0.95625,0.95625,9.96875,0.982563054561615
54,0.010061753314221277,0.996875,0.15833596265874803,0.95625,0.95625,9.9625,0.9801872611045838
55,0.00939686845522374,0.996875,0.1547948702936992,0.9625,0.9625,9.975,0.9808033585548401
56,0.00882958642905578,0.996875,0.14516961053013802,0.95625,0.95625,9.96875,0.9812466979026795
57,0.005810218304395676,1.0,0.14498833995312452,0.9625,0.95625,9.95,0.9818960189819336
58,0.009274845448089764,0.99375,0.14123666420346126,0.9625,0.95625,9.93125,0.9816954374313355
59,0.003488792630378157,1.0,0.13324577859602868,0.96875,0.9625,9.93125,0.9822792291641236
60,0.0030586447712266816,1.0,0.1340464095119387,0.9625,0.9625,9.95625,0.9841236591339111
