participant,lead_time_ms,n,mean_actual_lead_ms,mean_raw_input_length,resampled100_mc_accuracy,resampled100_final_accuracy,raw_variable_mc_accuracy,raw_variable_final_accuracy,mc_prediction_disagreement_rate,final_prediction_disagreement_rate
1,500,113,505.23893805309734,21.68141592920354,0.5663716814159292,0.5663716814159292,0.5663716814159292,0.5663716814159292,0.017699115044247787,0.017699115044247787
1,400,115,409.2086956521739,27.408695652173915,0.6173913043478261,0.6173913043478261,0.6173913043478261,0.6173913043478261,0.0,0.0
1,300,123,307.4146341463415,31.951219512195124,0.6666666666666666,0.6666666666666666,0.6666666666666666,0.6666666666666666,0.0,0.0
1,200,125,205.072,37.944,0.72,0.72,0.72,0.72,0.0,0.0
1,100,125,110.456,43.944,0.736,0.736,0.736,0.736,0.0,0.0
1,0,128,0.0,49.8515625,0.734375,0.734375,0.734375,0.734375,0.0,0.0
2,500,121,506.07438016528926,34.85123966942149,0.5371900826446281,0.5289256198347108,0.5289256198347108,0.5206611570247934,0.008264462809917356,0.01652892561983471
2,400,122,407.7295081967213,40.795081967213115,0.6065573770491803,0.5983606557377049,0.6065573770491803,0.5983606557377049,0.0,0.0
2,300,123,309.2682926829268,46.707317073170735,0.6422764227642277,0.6422764227642277,0.6585365853658537,0.6585365853658537,0.016260162601626018,0.016260162601626018
2,200,123,203.73170731707316,53.4390243902439,0.7073170731707317,0.6991869918699187,0.7073170731707317,0.6991869918699187,0.016260162601626018,0.016260162601626018
2,100,123,110.26016260162602,59.40650406504065,0.7723577235772358,0.7804878048780488,0.7723577235772358,0.7804878048780488,0.0,0.0
2,0,128,0.0,63.8828125,0.8671875,0.8671875,0.8671875,0.8671875,0.0,0.0
3,500,122,505.11475409836066,26.401639344262296,0.5655737704918032,0.5409836065573771,0.5655737704918032,0.5409836065573771,0.0,0.0
3,400,125,409.952,31.72,0.632,0.632,0.632,0.632,0.0,0.0
3,300,126,307.95238095238096,37.92063492063492,0.6746031746031746,0.6825396825396826,0.6825396825396826,0.6746031746031746,0.007936507936507936,0.007936507936507936
3,200,126,205.21428571428572,44.43650793650794,0.753968253968254,0.7619047619047619,0.753968253968254,0.7619047619047619,0.0,0.0
3,100,126,110.46825396825396,50.45238095238095,0.8333333333333334,0.8174603174603174,0.8333333333333334,0.8174603174603174,0.0,0.0
3,0,128,0.0,56.6171875,0.8671875,0.875,0.8671875,0.875,0.0,0.0
4,500,126,505.12698412698415,35.07936507936508,0.6904761904761905,0.6904761904761905,0.6984126984126984,0.6984126984126984,0.007936507936507936,0.007936507936507936
4,400,126,409.8253968253968,41.12698412698413,0.746031746031746,0.746031746031746,0.746031746031746,0.746031746031746,0.0,0.0
4,300,127,306.37795275590554,47.37007874015748,0.7874015748031497,0.7874015748031497,0.7952755905511811,0.7952755905511811,0.007874015748031496,0.007874015748031496
4,200,127,205.18897637795277,53.78740157480315,0.8661417322834646,0.8661417322834646,0.8661417322834646,0.8661417322834646,0.0,0.0
4,100,127,110.56692913385827,59.78740157480315,0.905511811023622,0.905511811023622,0.905511811023622,0.905511811023622,0.0,0.0
4,0,128,0.0,66.2890625,0.921875,0.921875,0.921875,0.921875,0.0,0.0
5,500,126,504.8095238095238,36.54761904761905,0.5396825396825397,0.5396825396825397,0.5396825396825397,0.5396825396825397,0.0,0.0
5,400,127,407.8031496062992,42.44094488188976,0.5748031496062992,0.5748031496062992,0.5748031496062992,0.5748031496062992,0.0,0.0
5,300,127,309.45669291338584,48.71653543307087,0.6535433070866141,0.6535433070866141,0.6535433070866141,0.6535433070866141,0.0,0.0
5,200,128,204.1484375,55.046875,0.6953125,0.6953125,0.6953125,0.6953125,0.015625,0.015625
5,100,128,109.890625,61.046875,0.765625,0.765625,0.7734375,0.7734375,0.0078125,0.0078125
5,0,128,0.0,68.046875,0.8046875,0.8046875,0.8046875,0.8046875,0.0,0.0
