participant,lead_time_ms,n_common,resampled100_mc_accuracy,resampled100_final_accuracy,raw_variable_mc_accuracy,raw_variable_final_accuracy,mc_prediction_disagreement_rate,mean_raw_input_length
1,500,113,0.5663716814159292,0.5663716814159292,0.5663716814159292,0.5663716814159292,0.017699115044247787,21.68141592920354
1,400,113,0.6283185840707964,0.6283185840707964,0.6283185840707964,0.6283185840707964,0.0,27.778761061946902
1,300,113,0.6637168141592921,0.6637168141592921,0.6637168141592921,0.6637168141592921,0.0,34.21238938053097
1,200,113,0.7168141592920354,0.7168141592920354,0.7168141592920354,0.7168141592920354,0.0,40.743362831858406
1,100,113,0.7256637168141593,0.7256637168141593,0.7256637168141593,0.7256637168141593,0.0,46.743362831858406
1,0,113,0.7168141592920354,0.7168141592920354,0.7168141592920354,0.7168141592920354,0.0,53.743362831858406
2,500,121,0.5371900826446281,0.5289256198347108,0.5289256198347108,0.5206611570247934,0.008264462809917356,34.85123966942149
2,400,121,0.6033057851239669,0.5950413223140496,0.6033057851239669,0.5950413223140496,0.0,41.11570247933884
2,300,121,0.6363636363636364,0.6363636363636364,0.6528925619834711,0.6528925619834711,0.01652892561983471,47.388429752066116
2,200,121,0.7024793388429752,0.6942148760330579,0.7024793388429752,0.6942148760330579,0.01652892561983471,54.11570247933884
2,100,121,0.768595041322314,0.7768595041322314,0.768595041322314,0.7768595041322314,0.0,60.082644628099175
2,0,121,0.859504132231405,0.859504132231405,0.859504132231405,0.859504132231405,0.0,67.03305785123968
3,500,122,0.5655737704918032,0.5409836065573771,0.5655737704918032,0.5409836065573771,0.0,26.401639344262296
3,400,122,0.639344262295082,0.639344262295082,0.639344262295082,0.639344262295082,0.0,32.442622950819676
3,300,122,0.6885245901639344,0.6967213114754098,0.6967213114754098,0.6885245901639344,0.00819672131147541,38.90983606557377
3,200,122,0.7622950819672131,0.7704918032786885,0.7622950819672131,0.7704918032786885,0.0,45.42622950819672
3,100,122,0.8442622950819673,0.8278688524590164,0.8442622950819673,0.8278688524590164,0.0,51.442622950819676
3,0,122,0.8770491803278688,0.8852459016393442,0.8770491803278688,0.8852459016393442,0.0,58.4344262295082
4,500,126,0.6904761904761905,0.6904761904761905,0.6984126984126984,0.6984126984126984,0.007936507936507936,35.07936507936508
4,400,126,0.746031746031746,0.746031746031746,0.746031746031746,0.746031746031746,0.0,41.12698412698413
4,300,126,0.7936507936507936,0.7936507936507936,0.8015873015873016,0.8015873015873016,0.007936507936507936,47.698412698412696
4,200,126,0.8650793650793651,0.8650793650793651,0.8650793650793651,0.8650793650793651,0.0,54.111111111111114
4,100,126,0.9047619047619048,0.9047619047619048,0.9047619047619048,0.9047619047619048,0.0,60.111111111111114
4,0,126,0.9206349206349206,0.9206349206349206,0.9206349206349206,0.9206349206349206,0.0,67.11111111111111
5,500,126,0.5396825396825397,0.5396825396825397,0.5396825396825397,0.5396825396825397,0.0,36.54761904761905
5,400,126,0.5714285714285714,0.5714285714285714,0.5714285714285714,0.5714285714285714,0.0,42.73015873015873
5,300,126,0.6507936507936508,0.6507936507936508,0.6507936507936508,0.6507936507936508,0.0,49.0
5,200,126,0.6904761904761905,0.6904761904761905,0.6904761904761905,0.6904761904761905,0.015873015873015872,55.72222222222222
5,100,126,0.7619047619047619,0.7619047619047619,0.7698412698412699,0.7698412698412699,0.007936507936507936,61.72222222222222
5,0,126,0.8015873015873016,0.8015873015873016,0.8015873015873016,0.8015873015873016,0.0,68.72222222222223
