participant,block,trial_number,rep_number,attempt_number,trial_success,target_object_final,target_values_seen,target_changed_within_recording,file,path,target_object_raw,target_object_corrected,target_correction_applied,target_reference_rep,target_reference_file,class_label,class_label_source,board_sensor_index,board_column,board_sensor_source,transfer_start_idx,transfer_end_idx,transfer_trajectory_length,transfer_extraction_method,split,target,prediction,correct,selected_tick,final_prediction
1,0,0,0,0,1,3,[3.0],False,B0_trial0_rep0_attempt0.csv,/Users/arthu/Desktop/CTM_Res-Pro/data/reach_to_grasp_dataset/data/participant_1/motion/B0_trial0_rep0_attempt0.csv,3,3,False,,,0,trial_number,3,board_data_3,fixed_B0_sensor_3,241,271,30,harmonized_hand_active_board10,train,0,0,True,25,0
1,0,0,1,0,1,3,[3.0],False,B0_trial0_rep1_attempt0.csv,/Users/arthu/Desktop/CTM_Res-Pro/data/reach_to_grasp_dataset/data/participant_1/motion/B0_trial0_rep1_attempt0.csv,3,3,False,,,0,trial_number,3,board_data_3,fixed_B0_sensor_3,239,266,27,harmonized_hand_active_board10,train,0,0,True,25,0
1,0,0,2,0,1,3,[3.0],False,B0_trial0_rep2_attempt0.csv,/Users/arthu/Desktop/CTM_Res-Pro/data/reach_to_grasp_dataset/data/participant_1/motion/B0_trial0_rep2_attempt0.csv,3,3,False,,,0,trial_number,3,board_data_3,fixed_B0_sensor_3,224,258,34,harmonized_hand_active_board10,train,0,0,True,25,0
1,0,0,3,0,1,3,[3.0],False,B0_trial0_rep3_attempt0.csv,/Users/arthu/Desktop/CTM_Res-Pro/data/reach_to_grasp_dataset/data/participant_1/motion/B0_trial0_rep3_attempt0.csv,3,3,False,,,0,trial_number,3,board_data_3,fixed_B0_sensor_3,221,260,39,harmonized_hand_active_board10,train,0,0,True,25,0
1,0,0,4,0,1,3,[3.0],False,B0_trial0_rep4_attempt0.csv,/Users/arthu/Desktop/CTM_Res-Pro/data/reach_to_grasp_dataset/data/participant_1/motion/B0_trial0_rep4_attempt0.csv,3,3,False,,,0,trial_number,3,board_data_3,fixed_B0_sensor_3,227,264,37,harmonized_hand_active_board10,train,0,0,True,25,0
1,0,0,5,0,1,3,[3.0],False,B0_trial0_rep5_attempt0.csv,/Users/arthu/Desktop/CTM_Res-Pro/data/reach_to_grasp_dataset/data/participant_1/motion/B0_trial0_rep5_attempt0.csv,3,3,False,,,0,trial_number,3,board_data_3,fixed_B0_sensor_3,213,252,39,harmonized_hand_active_board10,train,0,0,True,25,0
1,0,0,6,0,1,3,[3.0],False,B0_trial0_rep6_attempt0.csv,/Users/arthu/Desktop/CTM_Res-Pro/data/reach_to_grasp_dataset/data/participant_1/motion/B0_trial0_rep6_attempt0.csv,3,3,False,,,0,trial_number,3,board_data_3,fixed_B0_sensor_3,225,260,35,harmonized_hand_active_board10,train,0,0,True,25,0
1,0,0,7,0,1,3,[3.0],False,B0_trial0_rep7_attempt0.csv,/Users/arthu/Desktop/CTM_Res-Pro/data/reach_to_grasp_dataset/data/participant_1/motion/B0_trial0_rep7_attempt0.csv,3,3,False,,,0,trial_number,3,board_data_3,fixed_B0_sensor_3,223,258,35,harmonized_hand_active_board10,train,0,0,True,25,0
1,0,1,0,0,1,3,[3.0],False,B0_trial1_rep0_attempt0.csv,/Users/arthu/Desktop/CTM_Res-Pro/data/reach_to_grasp_dataset/data/participant_1/motion/B0_trial1_rep0_attempt0.csv,3,3,False,,,1,trial_number,3,board_data_3,fixed_B0_sensor_3,227,262,35,harmonized_hand_active_board10,train,1,1,True,25,1
1,0,1,1,0,1,3,[3.0],False,B0_trial1_rep1_attempt0.csv,/Users/arthu/Desktop/CTM_Res-Pro/data/reach_to_grasp_dataset/data/participant_1/motion/B0_trial1_rep1_attempt0.csv,3,3,False,,,1,trial_number,3,board_data_3,fixed_B0_sensor_3,233,269,36,harmonized_hand_active_board10,train,1,1,True,25,1
1,0,1,2,0,1,3,[3.0],False,B0_trial1_rep2_attempt0.csv,/Users/arthu/Desktop/CTM_Res-Pro/data/reach_to_grasp_dataset/data/participant_1/motion/B0_trial1_rep2_attempt0.csv,3,3,False,,,1,trial_number,3,board_data_3,fixed_B0_sensor_3,231,256,25,harmonized_hand_active_board10,train,1,1,True,25,1
1,0,1,3,0,1,3,[3.0],False,B0_trial1_rep3_attempt0.csv,/Users/arthu/Desktop/CTM_Res-Pro/data/reach_to_grasp_dataset/data/participant_1/motion/B0_trial1_rep3_attempt0.csv,3,3,False,,,1,trial_number,3,board_data_3,fixed_B0_sensor_3,226,263,37,harmonized_hand_active_board10,train,1,1,True,25,1
1,0,1,4,0,1,3,[3.0],False,B0_trial1_rep4_attempt0.csv,/Users/arthu/Desktop/CTM_Res-Pro/data/reach_to_grasp_dataset/data/participant_1/motion/B0_trial1_rep4_attempt0.csv,3,3,False,,,1,trial_number,3,board_data_3,fixed_B0_sensor_3,229,259,30,harmonized_hand_active_board10,train,1,1,True,25,1
1,0,1,5,0,1,3,[3.0],False,B0_trial1_rep5_attempt0.csv,/Users/arthu/Desktop/CTM_Res-Pro/data/reach_to_grasp_dataset/data/participant_1/motion/B0_trial1_rep5_attempt0.csv,3,3,False,,,1,trial_number,3,board_data_3,fixed_B0_sensor_3,237,275,38,harmonized_hand_active_board10,train,1,1,True,25,1
1,0,1,6,0,1,3,[3.0],False,B0_trial1_rep6_attempt0.csv,/Users/arthu/Desktop/CTM_Res-Pro/data/reach_to_grasp_dataset/data/participant_1/motion/B0_trial1_rep6_attempt0.csv,3,3,False,,,1,trial_number,3,board_data_3,fixed_B0_sensor_3,244,288,44,harmonized_hand_active_board10,train,1,1,True,25,1
1,0,1,7,0,1,3,[3.0],False,B0_trial1_rep7_attempt0.csv,/Users/arthu/Desktop/CTM_Res-Pro/data/reach_to_grasp_dataset/data/participant_1/motion/B0_trial1_rep7_attempt0.csv,3,3,False,,,1,trial_number,3,board_data_3,fixed_B0_sensor_3,220,252,32,harmonized_hand_active_board10,train,1,1,True,25,1
1,0,2,0,0,1,3,[3.0],False,B0_trial2_rep0_attempt0.csv,/Users/arthu/Desktop/CTM_Res-Pro/data/reach_to_grasp_dataset/data/participant_1/motion/B0_trial2_rep0_attempt0.csv,3,3,False,,,2,trial_number,3,board_data_3,fixed_B0_sensor_3,229,268,39,harmonized_hand_active_board10,train,2,2,True,25,2
1,0,2,1,0,1,3,[3.0],False,B0_trial2_rep1_attempt0.csv,/Users/arthu/Desktop/CTM_Res-Pro/data/reach_to_grasp_dataset/data/participant_1/motion/B0_trial2_rep1_attempt0.csv,3,3,False,,,2,trial_number,3,board_data_3,fixed_B0_sensor_3,242,290,48,harmonized_hand_active_board10,train,2,2,True,25,2
1,0,2,2,0,1,3,[3.0],False,B0_trial2_rep2_attempt0.csv,/Users/arthu/Desktop/CTM_Res-Pro/data/reach_to_grasp_dataset/data/participant_1/motion/B0_trial2_rep2_attempt0.csv,3,3,False,,,2,trial_number,3,board_data_3,fixed_B0_sensor_3,243,282,39,harmonized_hand_active_board10,train,2,2,True,25,2
1,0,2,3,0,1,3,[3.0],False,B0_trial2_rep3_attempt0.csv,/Users/arthu/Desktop/CTM_Res-Pro/data/reach_to_grasp_dataset/data/participant_1/motion/B0_trial2_rep3_attempt0.csv,3,3,False,,,2,trial_number,3,board_data_3,fixed_B0_sensor_3,245,293,48,harmonized_hand_active_board10,train,2,2,True,25,2
1,0,2,4,0,1,3,[3.0],False,B0_trial2_rep4_attempt0.csv,/Users/arthu/Desktop/CTM_Res-Pro/data/reach_to_grasp_dataset/data/participant_1/motion/B0_trial2_rep4_attempt0.csv,3,3,False,,,2,trial_number,3,board_data_3,fixed_B0_sensor_3,258,296,38,harmonized_hand_active_board10,train,2,2,True,25,2
1,0,2,5,0,1,3,[3.0],False,B0_trial2_rep5_attempt0.csv,/Users/arthu/Desktop/CTM_Res-Pro/data/reach_to_grasp_dataset/data/participant_1/motion/B0_trial2_rep5_attempt0.csv,3,3,False,,,2,trial_number,3,board_data_3,fixed_B0_sensor_3,260,296,36,harmonized_hand_active_board10,train,2,2,True,25,2
1,0,2,6,0,1,3,[3.0],False,B0_trial2_rep6_attempt0.csv,/Users/arthu/Desktop/CTM_Res-Pro/data/reach_to_grasp_dataset/data/participant_1/motion/B0_trial2_rep6_attempt0.csv,3,3,False,,,2,trial_number,3,board_data_3,fixed_B0_sensor_3,249,274,25,harmonized_hand_active_board10,train,2,2,True,25,2
1,0,2,7,0,1,3,[3.0],False,B0_trial2_rep7_attempt0.csv,/Users/arthu/Desktop/CTM_Res-Pro/data/reach_to_grasp_dataset/data/participant_1/motion/B0_trial2_rep7_attempt0.csv,3,3,False,,,2,trial_number,3,board_data_3,fixed_B0_sensor_3,242,285,43,harmonized_hand_active_board10,train,2,2,True,25,2
1,0,3,0,0,1,3,[3.0],False,B0_trial3_rep0_attempt0.csv,/Users/arthu/Desktop/CTM_Res-Pro/data/reach_to_grasp_dataset/data/participant_1/motion/B0_trial3_rep0_attempt0.csv,3,3,False,,,3,trial_number,3,board_data_3,fixed_B0_sensor_3,220,270,50,harmonized_hand_active_board10,train,3,3,True,25,3
1,0,3,1,0,1,3,[3.0],False,B0_trial3_rep1_attempt0.csv,/Users/arthu/Desktop/CTM_Res-Pro/data/reach_to_grasp_dataset/data/participant_1/motion/B0_trial3_rep1_attempt0.csv,3,3,False,,,3,trial_number,3,board_data_3,fixed_B0_sensor_3,234,278,44,harmonized_hand_active_board10,train,3,3,True,25,3
1,0,3,2,0,1,3,[3.0],False,B0_trial3_rep2_attempt0.csv,/Users/arthu/Desktop/CTM_Res-Pro/data/reach_to_grasp_dataset/data/participant_1/motion/B0_trial3_rep2_attempt0.csv,3,3,False,,,3,trial_number,3,board_data_3,fixed_B0_sensor_3,222,264,42,harmonized_hand_active_board10,train,3,3,True,25,3
1,0,3,3,0,1,3,[3.0],False,B0_trial3_rep3_attempt0.csv,/Users/arthu/Desktop/CTM_Res-Pro/data/reach_to_grasp_dataset/data/participant_1/motion/B0_trial3_rep3_attempt0.csv,3,3,False,,,3,trial_number,3,board_data_3,fixed_B0_sensor_3,237,276,39,harmonized_hand_active_board10,train,3,3,True,25,3
1,0,3,4,0,1,3,[3.0],False,B0_trial3_rep4_attempt0.csv,/Users/arthu/Desktop/CTM_Res-Pro/data/reach_to_grasp_dataset/data/participant_1/motion/B0_trial3_rep4_attempt0.csv,3,3,False,,,3,trial_number,3,board_data_3,fixed_B0_sensor_3,233,270,37,harmonized_hand_active_board10,train,3,3,True,25,3
1,0,3,5,0,1,3,[3.0],False,B0_trial3_rep5_attempt0.csv,/Users/arthu/Desktop/CTM_Res-Pro/data/reach_to_grasp_dataset/data/participant_1/motion/B0_trial3_rep5_attempt0.csv,3,3,False,,,3,trial_number,3,board_data_3,fixed_B0_sensor_3,243,279,36,harmonized_hand_active_board10,train,3,3,True,25,3
1,0,3,6,0,1,3,[3.0],False,B0_trial3_rep6_attempt0.csv,/Users/arthu/Desktop/CTM_Res-Pro/data/reach_to_grasp_dataset/data/participant_1/motion/B0_trial3_rep6_attempt0.csv,3,3,False,,,3,trial_number,3,board_data_3,fixed_B0_sensor_3,241,275,34,harmonized_hand_active_board10,train,3,3,True,25,3
1,0,3,7,0,1,3,[3.0],False,B0_trial3_rep7_attempt0.csv,/Users/arthu/Desktop/CTM_Res-Pro/data/reach_to_grasp_dataset/data/participant_1/motion/B0_trial3_rep7_attempt0.csv,3,3,False,,,3,trial_number,3,board_data_3,fixed_B0_sensor_3,226,268,42,harmonized_hand_active_board10,train,3,3,True,25,3
1,0,4,0,0,1,3,[3.0],False,B0_trial4_rep0_attempt0.csv,/Users/arthu/Desktop/CTM_Res-Pro/data/reach_to_grasp_dataset/data/participant_1/motion/B0_trial4_rep0_attempt0.csv,3,3,False,,,4,trial_number,3,board_data_3,fixed_B0_sensor_3,262,265,3,harmonized_hand_active_board10,train,4,4,True,25,4
1,0,4,1,0,1,3,[3.0],False,B0_trial4_rep1_attempt0.csv,/Users/arthu/Desktop/CTM_Res-Pro/data/reach_to_grasp_dataset/data/participant_1/motion/B0_trial4_rep1_attempt0.csv,3,3,False,,,4,trial_number,3,board_data_3,fixed_B0_sensor_3,258,263,5,harmonized_hand_active_board10,train,4,4,True,25,4
1,0,4,2,0,1,3,[3.0],False,B0_trial4_rep2_attempt0.csv,/Users/arthu/Desktop/CTM_Res-Pro/data/reach_to_grasp_dataset/data/participant_1/motion/B0_trial4_rep2_attempt0.csv,3,3,False,,,4,trial_number,3,board_data_3,fixed_B0_sensor_3,255,259,4,harmonized_hand_active_board10,train,4,4,True,25,4
1,0,4,3,0,1,3,[3.0],False,B0_trial4_rep3_attempt0.csv,/Users/arthu/Desktop/CTM_Res-Pro/data/reach_to_grasp_dataset/data/participant_1/motion/B0_trial4_rep3_attempt0.csv,3,3,False,,,4,trial_number,3,board_data_3,fixed_B0_sensor_3,263,268,5,harmonized_hand_active_board10,train,4,4,True,25,4
1,0,4,4,0,1,3,[3.0],False,B0_trial4_rep4_attempt0.csv,/Users/arthu/Desktop/CTM_Res-Pro/data/reach_to_grasp_dataset/data/participant_1/motion/B0_trial4_rep4_attempt0.csv,3,3,False,,,4,trial_number,3,board_data_3,fixed_B0_sensor_3,252,267,15,harmonized_hand_active_board10,train,4,4,True,25,4
1,0,4,5,0,1,3,[3.0],False,B0_trial4_rep5_attempt0.csv,/Users/arthu/Desktop/CTM_Res-Pro/data/reach_to_grasp_dataset/data/participant_1/motion/B0_trial4_rep5_attempt0.csv,3,3,False,,,4,trial_number,3,board_data_3,fixed_B0_sensor_3,260,264,4,harmonized_hand_active_board10,train,4,4,True,25,4
1,0,4,6,0,1,3,[3.0],False,B0_trial4_rep6_attempt0.csv,/Users/arthu/Desktop/CTM_Res-Pro/data/reach_to_grasp_dataset/data/participant_1/motion/B0_trial4_rep6_attempt0.csv,3,3,False,,,4,trial_number,3,board_data_3,fixed_B0_sensor_3,245,267,22,harmonized_hand_active_board10,train,4,4,True,25,4
1,0,4,7,0,1,3,[3.0],False,B0_trial4_rep7_attempt0.csv,/Users/arthu/Desktop/CTM_Res-Pro/data/reach_to_grasp_dataset/data/participant_1/motion/B0_trial4_rep7_attempt0.csv,3,3,False,,,4,trial_number,3,board_data_3,fixed_B0_sensor_3,255,262,7,harmonized_hand_active_board10,train,4,4,True,25,4
1,0,5,0,0,1,3,[3.0],False,B0_trial5_rep0_attempt0.csv,/Users/arthu/Desktop/CTM_Res-Pro/data/reach_to_grasp_dataset/data/participant_1/motion/B0_trial5_rep0_attempt0.csv,3,3,False,,,5,trial_number,3,board_data_3,fixed_B0_sensor_3,229,259,30,harmonized_hand_active_board10,train,5,5,True,25,5
1,0,5,1,0,1,3,[3.0],False,B0_trial5_rep1_attempt0.csv,/Users/arthu/Desktop/CTM_Res-Pro/data/reach_to_grasp_dataset/data/participant_1/motion/B0_trial5_rep1_attempt0.csv,3,3,False,,,5,trial_number,3,board_data_3,fixed_B0_sensor_3,239,271,32,harmonized_hand_active_board10,train,5,5,True,25,5
1,0,5,2,0,1,3,[3.0],False,B0_trial5_rep2_attempt0.csv,/Users/arthu/Desktop/CTM_Res-Pro/data/reach_to_grasp_dataset/data/participant_1/motion/B0_trial5_rep2_attempt0.csv,3,3,False,,,5,trial_number,3,board_data_3,fixed_B0_sensor_3,233,270,37,harmonized_hand_active_board10,train,5,5,True,25,5
1,0,5,3,0,1,3,[3.0],False,B0_trial5_rep3_attempt0.csv,/Users/arthu/Desktop/CTM_Res-Pro/data/reach_to_grasp_dataset/data/participant_1/motion/B0_trial5_rep3_attempt0.csv,3,3,False,,,5,trial_number,3,board_data_3,fixed_B0_sensor_3,230,275,45,harmonized_hand_active_board10,train,5,5,True,25,5
1,0,5,4,0,1,3,[3.0],False,B0_trial5_rep4_attempt0.csv,/Users/arthu/Desktop/CTM_Res-Pro/data/reach_to_grasp_dataset/data/participant_1/motion/B0_trial5_rep4_attempt0.csv,3,3,False,,,5,trial_number,3,board_data_3,fixed_B0_sensor_3,230,271,41,harmonized_hand_active_board10,train,5,5,True,25,5
1,0,5,5,0,1,3,[3.0],False,B0_trial5_rep5_attempt0.csv,/Users/arthu/Desktop/CTM_Res-Pro/data/reach_to_grasp_dataset/data/participant_1/motion/B0_trial5_rep5_attempt0.csv,3,3,False,,,5,trial_number,3,board_data_3,fixed_B0_sensor_3,238,281,43,harmonized_hand_active_board10,train,5,5,True,25,5
1,0,5,6,0,1,3,[3.0],False,B0_trial5_rep6_attempt0.csv,/Users/arthu/Desktop/CTM_Res-Pro/data/reach_to_grasp_dataset/data/participant_1/motion/B0_trial5_rep6_attempt0.csv,3,3,False,,,5,trial_number,3,board_data_3,fixed_B0_sensor_3,242,276,34,harmonized_hand_active_board10,train,5,5,True,25,5
1,0,5,7,0,1,3,[3.0],False,B0_trial5_rep7_attempt0.csv,/Users/arthu/Desktop/CTM_Res-Pro/data/reach_to_grasp_dataset/data/participant_1/motion/B0_trial5_rep7_attempt0.csv,3,3,False,,,5,trial_number,3,board_data_3,fixed_B0_sensor_3,213,244,31,harmonized_hand_active_board10,train,5,5,True,25,5
1,0,6,0,0,1,3,[3.0],False,B0_trial6_rep0_attempt0.csv,/Users/arthu/Desktop/CTM_Res-Pro/data/reach_to_grasp_dataset/data/participant_1/motion/B0_trial6_rep0_attempt0.csv,3,3,False,,,6,trial_number,3,board_data_3,fixed_B0_sensor_3,229,266,37,harmonized_hand_active_board10,train,6,6,True,25,6
1,0,6,1,0,1,3,[3.0],False,B0_trial6_rep1_attempt0.csv,/Users/arthu/Desktop/CTM_Res-Pro/data/reach_to_grasp_dataset/data/participant_1/motion/B0_trial6_rep1_attempt0.csv,3,3,False,,,6,trial_number,3,board_data_3,fixed_B0_sensor_3,257,274,17,harmonized_hand_active_board10,train,6,6,True,25,6
1,0,6,2,0,1,3,[3.0],False,B0_trial6_rep2_attempt0.csv,/Users/arthu/Desktop/CTM_Res-Pro/data/reach_to_grasp_dataset/data/participant_1/motion/B0_trial6_rep2_attempt0.csv,3,3,False,,,6,trial_number,3,board_data_3,fixed_B0_sensor_3,246,285,39,harmonized_hand_active_board10,train,6,6,True,25,6
1,0,6,3,0,1,3,[3.0],False,B0_trial6_rep3_attempt0.csv,/Users/arthu/Desktop/CTM_Res-Pro/data/reach_to_grasp_dataset/data/participant_1/motion/B0_trial6_rep3_attempt0.csv,3,3,False,,,6,trial_number,3,board_data_3,fixed_B0_sensor_3,236,268,32,harmonized_hand_active_board10,train,6,6,True,25,6
1,0,6,4,0,1,3,[3.0],False,B0_trial6_rep4_attempt0.csv,/Users/arthu/Desktop/CTM_Res-Pro/data/reach_to_grasp_dataset/data/participant_1/motion/B0_trial6_rep4_attempt0.csv,3,3,False,,,6,trial_number,3,board_data_3,fixed_B0_sensor_3,244,276,32,harmonized_hand_active_board10,train,6,6,True,25,6
1,0,6,5,0,1,3,[3.0],False,B0_trial6_rep5_attempt0.csv,/Users/arthu/Desktop/CTM_Res-Pro/data/reach_to_grasp_dataset/data/participant_1/motion/B0_trial6_rep5_attempt0.csv,3,3,False,,,6,trial_number,3,board_data_3,fixed_B0_sensor_3,246,274,28,harmonized_hand_active_board10,train,6,6,True,25,6
1,0,6,6,0,1,3,[3.0],False,B0_trial6_rep6_attempt0.csv,/Users/arthu/Desktop/CTM_Res-Pro/data/reach_to_grasp_dataset/data/participant_1/motion/B0_trial6_rep6_attempt0.csv,3,3,False,,,6,trial_number,3,board_data_3,fixed_B0_sensor_3,252,282,30,harmonized_hand_active_board10,train,6,6,True,25,6
1,0,6,7,0,1,3,[3.0],False,B0_trial6_rep7_attempt0.csv,/Users/arthu/Desktop/CTM_Res-Pro/data/reach_to_grasp_dataset/data/participant_1/motion/B0_trial6_rep7_attempt0.csv,3,3,False,,,6,trial_number,3,board_data_3,fixed_B0_sensor_3,250,285,35,harmonized_hand_active_board10,train,6,6,True,25,6
1,0,7,0,0,1,3,[3.0],False,B0_trial7_rep0_attempt0.csv,/Users/arthu/Desktop/CTM_Res-Pro/data/reach_to_grasp_dataset/data/participant_1/motion/B0_trial7_rep0_attempt0.csv,3,3,False,,,7,trial_number,3,board_data_3,fixed_B0_sensor_3,232,260,28,harmonized_hand_active_board10,train,7,7,True,25,7
1,0,7,1,0,1,3,[3.0],False,B0_trial7_rep1_attempt0.csv,/Users/arthu/Desktop/CTM_Res-Pro/data/reach_to_grasp_dataset/data/participant_1/motion/B0_trial7_rep1_attempt0.csv,3,3,False,,,7,trial_number,3,board_data_3,fixed_B0_sensor_3,230,259,29,harmonized_hand_active_board10,train,7,7,True,25,7
1,0,7,2,0,1,3,[3.0],False,B0_trial7_rep2_attempt0.csv,/Users/arthu/Desktop/CTM_Res-Pro/data/reach_to_grasp_dataset/data/participant_1/motion/B0_trial7_rep2_attempt0.csv,3,3,False,,,7,trial_number,3,board_data_3,fixed_B0_sensor_3,236,262,26,harmonized_hand_active_board10,train,7,7,True,25,7
1,0,7,3,0,1,3,[3.0],False,B0_trial7_rep3_attempt0.csv,/Users/arthu/Desktop/CTM_Res-Pro/data/reach_to_grasp_dataset/data/participant_1/motion/B0_trial7_rep3_attempt0.csv,3,3,False,,,7,trial_number,3,board_data_3,fixed_B0_sensor_3,250,293,43,harmonized_hand_active_board10,train,7,7,True,25,7
1,0,7,4,0,1,3,[3.0],False,B0_trial7_rep4_attempt0.csv,/Users/arthu/Desktop/CTM_Res-Pro/data/reach_to_grasp_dataset/data/participant_1/motion/B0_trial7_rep4_attempt0.csv,3,3,False,,,7,trial_number,3,board_data_3,fixed_B0_sensor_3,238,274,36,harmonized_hand_active_board10,train,7,7,True,25,7
1,0,7,5,0,1,3,[3.0],False,B0_trial7_rep5_attempt0.csv,/Users/arthu/Desktop/CTM_Res-Pro/data/reach_to_grasp_dataset/data/participant_1/motion/B0_trial7_rep5_attempt0.csv,3,3,False,,,7,trial_number,3,board_data_3,fixed_B0_sensor_3,244,279,35,harmonized_hand_active_board10,train,7,7,True,25,7
1,0,7,6,0,1,3,[3.0],False,B0_trial7_rep6_attempt0.csv,/Users/arthu/Desktop/CTM_Res-Pro/data/reach_to_grasp_dataset/data/participant_1/motion/B0_trial7_rep6_attempt0.csv,3,3,False,,,7,trial_number,3,board_data_3,fixed_B0_sensor_3,232,275,43,harmonized_hand_active_board10,train,7,7,True,25,7
1,0,7,7,0,1,3,[3.0],False,B0_trial7_rep7_attempt0.csv,/Users/arthu/Desktop/CTM_Res-Pro/data/reach_to_grasp_dataset/data/participant_1/motion/B0_trial7_rep7_attempt0.csv,3,3,False,,,7,trial_number,3,board_data_3,fixed_B0_sensor_3,246,283,37,harmonized_hand_active_board10,train,7,7,True,25,7
