dataset,state_unit,total_std,within_recording_std,between_recording_std,within_variance_fraction,between_variance_fraction,shared_tick_std
P1 B0,0,0.04038937222382433,0.028213626223803214,0.02890143048255836,0.48795931287885463,0.512040687121144,0.021782326398356307
P1 B0,1,0.015716105673078937,0.010891519401507779,0.011330083082394582,0.4802717682326167,0.5197282317673845,0.008194310265326568
P1 B0,2,0.012308736470649596,0.009297261194092727,0.008066345380202664,0.5705360840727518,0.4294639159272473,0.003159856638677612
P1 B0,3,0.020917666651184857,0.015784733584110557,0.013725558779472093,0.5694400870827449,0.43055991291725526,0.00796349859178984
P1 B0,4,0.03139881176387319,0.0207778039248517,0.02354077832705532,0.43789789829258385,0.5621021017074147,0.005520504477538162
P1 B0,5,0.03427809223683393,0.02433156421739511,0.02414461824365158,0.5038563926446963,0.49614360735530383,0.0025435083782940006
P1 B0,6,0.04920481253478251,0.029340085398778654,0.03950029069988557,0.35555564990161515,0.6444443500983852,0.017237162806694187
P1 B0,7,0.04887963333174604,0.037627563192212325,0.031199119264203667,0.5925927157357717,0.4074072842642274,0.02214714510462709
P1 B0,8,0.09256378514519199,0.05073052089936091,0.07742395346199243,0.3003699153250426,0.6996300846749574,0.00832192745296611
P1 B0,9,0.013974363421229392,0.011404841192277644,0.008075421376468281,0.6660616327807348,0.33393836721926407,0.002917448549938877
P1 B0,10,0.034464066356737856,0.02238481304142683,0.02620480900411218,0.42186539993276956,0.5781346000672316,0.006961884112519638
P1 B0,11,0.17755090944458468,0.08694778076564687,0.15480442133391448,0.23981216008433856,0.7601878399156611,0.03104152152586228
P1 B0,12,0.032559211483056114,0.019618435560204883,0.0259849810192053,0.36306216023893245,0.6369378397610655,0.002894766122355272
P1 B0,13,0.06092951949275196,0.04227428686246793,0.04387813824545677,0.48139001050891217,0.5186099894910888,0.024140121093862443
P1 B0,14,0.05534323950024337,0.04397380034811535,0.033603259385443354,0.6313335178216564,0.3686664821783433,0.009470433950070979
P1 B0,15,0.006702058416846759,0.006323413480229064,0.0022208171876324733,0.8901982651388318,0.10980173486116743,0.003698792043700175
P1 B0,16,0.0239607593733109,0.018276391869812007,0.015494885929453498,0.5818081052065285,0.4181918947934721,0.006560335313902794
P1 B0,17,1.134900602274039,0.7059423380898832,0.8886195993416783,0.38692144855872024,0.6130785514412791,0.36928736185749933
P1 B0,18,0.03881659931370855,0.030086301166951913,0.024526370794972243,0.6007622399321859,0.3992377600678142,0.007597018626247179
P1 B0,19,0.06807859583595333,0.041547029024102705,0.05393087789258997,0.3724421007523,0.6275578992477,0.015793074589916224
P1 B0,20,0.03752702229326824,0.028694610870441787,0.02418463787600248,0.5846722327008284,0.4153277672991702,0.005029389469060354
P1 B0,21,0.021170488321604706,0.013091207579384853,0.0166376037904699,0.3823821997424198,0.6176178002575812,0.005968228410928493
P1 B0,22,0.021370619166320555,0.011529120123463424,0.01799396434170798,0.29104364326877125,0.7089563567312291,0.0021046936222748574
P1 B0,23,0.0164233327651949,0.011643466336732872,0.011582553724532967,0.5026225842000724,0.4973774157999268,0.005019700792932021
P1 B0,24,0.03640098655485785,0.02875648438553494,0.022318074019758674,0.6240871957800636,0.3759128042199362,0.006988036105528989
P1 B0,25,0.04586410837283858,0.02566466429687065,0.038011070010779954,0.31313042386394374,0.6868695761360563,0.014079157204504087
P1 B0,26,0.031720373063853995,0.025256728885487332,0.01919061524066031,0.6339830282409799,0.36601697175902004,0.0018348291111200123
P1 B0,27,0.02473506655666858,0.011978557535447482,0.021641110806351845,0.23452161695515727,0.7654783830448423,0.003520088527171896
P1 B0,28,0.05638731645653343,0.04531827768637808,0.03355269236156126,0.6459277450092054,0.3540722549907945,0.023044748988705607
P1 B0,29,0.12580046147257826,0.06622307174316662,0.10695915517436093,0.2771112610057326,0.7228887389942652,0.01570448772010688
P1 B0,30,0.04653584982323995,0.031066467423527803,0.034647653897400134,0.4456649155364487,0.554335084463551,0.021809799353565813
P1 B0,31,0.7518439091028296,0.3356118252231073,0.6727807714444863,0.19925954668273857,0.800740453317261,0.08104478028817091
P1 B0,32,0.019796072562671952,0.01044810262313415,0.016814328427951858,0.2785587373670397,0.7214412626329587,0.0026460314636133687
P1 B0,33,0.0379222976273915,0.03431188847539436,0.0161491475500277,0.8186531900521754,0.18134680994782668,0.013201521268234385
P1 B0,34,0.037073355989679514,0.02171002381169196,0.030051765179990243,0.3429231439525513,0.6570768560474486,0.008075435727973257
P1 B0,35,0.019424767920782342,0.015672109153744136,0.011476349744120897,0.6509433852025058,0.3490566147974937,0.011292637920141183
P1 B0,36,0.017554173625396,0.01377413457275811,0.010882197776281138,0.615698172127493,0.3843018278725065,0.004065340115531385
P1 B0,37,0.023918427229514403,0.017440040868992705,0.016368754858615244,0.5316548238736368,0.46834517612636306,0.0030884228293843567
P1 B0,38,1.201752511537939,0.6966574071622667,0.9792229347976343,0.3360535141997265,0.6639464858002735,0.36595879399454334
P1 B0,39,0.018028736717491698,0.012208321390136506,0.013266206558913824,0.4585443160328293,0.5414556839671689,0.005198473225368823
P1 B0,40,0.0348493756995517,0.020540875597564998,0.02815228971742554,0.3474144673997194,0.6525855326002807,0.0036921890189706096
P1 B0,41,0.03970166562274554,0.027691773827747724,0.028449743680623217,0.486501403060676,0.5134985969393234,0.0058139042210817
P1 B0,42,0.02583652059297174,0.018193718343649093,0.01834432907421307,0.49587804542905506,0.5041219545709444,0.003384592146243228
P1 B0,43,0.04050560670134346,0.02252549151480471,0.03366461653220454,0.3092560962230509,0.6907439037769478,0.005342744096972297
P1 B0,44,0.04656301683506037,0.03235711218216011,0.03348330670667429,0.4829000917648986,0.5170999082351008,0.015627186609181252
P1 B0,45,0.03972115470853672,0.021038604361930058,0.03369194648401437,0.2805369836167575,0.7194630163832438,0.007883425128654316
P1 B0,46,0.05235652041546894,0.038639783588570155,0.03532948279049495,0.544662931262224,0.4553370687377754,0.014295085302823484
P1 B0,47,1.484756973708533,0.8598012393243943,1.2104730892640119,0.3353400200746501,0.6646599799253514,0.48397225827185736
P1 B0,48,0.5934802805807049,0.3019772161115224,0.5109095853354947,0.25890221590735996,0.7410977840926402,0.13520943370810107
P1 B0,49,0.06782035189387513,0.04798192000930504,0.04793052767526872,0.5005358253336429,0.49946417466635645,0.03552312358603433
P1 B0,50,0.052719664473758115,0.03452952084187374,0.039838112563928496,0.4289787983919579,0.571021201608041,0.016872828828335393
P1 B0,51,0.031984187918413835,0.024021030308216364,0.021118200201062615,0.5640435087613686,0.43595649123863195,0.0054442161774447715
P1 B0,52,0.0553144088382317,0.034416213322337554,0.04330367288896405,0.3871235745742492,0.6128764254257508,0.012411244731043202
P1 B0,53,0.1773989472948318,0.0839557572930072,0.15627481344948774,0.2239746620953611,0.7760253379046392,0.01740508012211475
P1 B0,54,0.03208536262723911,0.027539372978625038,0.016463700400141165,0.7367059743792895,0.26329402562070986,0.004967761340139968
P1 B0,55,0.017363823706902315,0.016856165371414454,0.004167980649656477,0.9423816718876261,0.05761832811237311,0.013625536017192179
P1 B0,56,0.0466230767750387,0.027925219978321404,0.03733488150688995,0.35874953364459394,0.6412504663554064,0.008886324866955213
P1 B0,57,0.7313104151932005,0.4194934924132558,0.5990326645459173,0.32903866830826833,0.6709613316917324,0.27685940158069805
P1 B0,58,0.02588257689135244,0.01864630856609386,0.01795057000194661,0.5190040034307031,0.48099599656929576,0.013248884758987705
P1 B0,59,0.030150206262113947,0.024074224905386677,0.018151215740353978,0.6375643892133364,0.3624356107866624,0.018724030071362828
P1 B0,60,0.015798119144284493,0.011524064258593066,0.010806318126948983,0.532108961190118,0.4678910388098822,0.0026594541846455084
P1 B0,61,0.013237203142633835,0.008793272538906556,0.009894539155305164,0.44127426507421263,0.5587257349257879,0.002579758714501498
P1 B0,62,0.030573720161101794,0.019131007626424685,0.023848624943317857,0.3915426873536243,0.6084573126463755,0.0043211376779630625
P1 B0,63,0.024813009240856356,0.018868337723113443,0.016114318451407043,0.5782403683466444,0.4217596316533561,0.014727974608272697
P1 B0,64,0.04180991265060015,0.024893454048789728,0.03359143851298431,0.35449637677308643,0.645503623226912,0.003854345201686569
P1 B0,65,0.832457263640988,0.4451207286894904,0.7034576267832894,0.28591157921453014,0.7140884207854686,0.16886744419509223
P1 B0,66,0.067329160722841,0.03981240819424075,0.05429721942620367,0.34964755416664095,0.6503524458333593,0.013129304776153138
P1 B0,67,0.023555605082996787,0.02026799024578301,0.012003128851384895,0.7403427775532887,0.2596572224467109,0.00784906791972434
P1 B0,68,0.6892576721470239,0.38048151729692015,0.574725981324116,0.304722071344297,0.6952779286557039,0.21774822589797715
P1 B0,69,0.03564141591287281,0.022961475452174307,0.02725951528060575,0.41503974280761324,0.5849602571923855,0.004003051849633707
P1 B0,70,0.05812691325242434,0.04000233520627642,0.042172873061952526,0.473604878802672,0.5263951211973278,0.00914935259168938
P1 B0,71,0.025965177943642972,0.018312851378832335,0.018407333865115894,0.4974269775564675,0.5025730224435331,0.0025172850475185995
P1 B0,72,0.013636310011785667,0.011909655407581266,0.006641465110214478,0.7627894180889574,0.2372105819110419,0.006819245417016896
P1 B0,73,0.024427975941494637,0.017534246990119396,0.01700812132740503,0.5152277813945739,0.48477221860542635,0.0073400406234227665
P1 B0,74,0.027570883312696172,0.01793397510738873,0.020941015818003422,0.42310851430818913,0.5768914856918108,0.0061275466500356115
P1 B0,75,0.043000309935504175,0.02991231364549149,0.03089142513583928,0.48390135719503363,0.5160986428049666,0.006313920924080195
P1 B0,76,0.032461915585366694,0.030696513055143055,0.010559358395608388,0.894189985735119,0.10581001426488106,0.016273785886296417
P1 B0,77,0.08400229037411729,0.04869810767873196,0.06844617663981052,0.3360794178188173,0.6639205821811824,0.010996540457694283
P1 B0,78,0.0446426388443105,0.026652642131215903,0.035813431424660744,0.35643539160203375,0.6435646083979671,0.007400464485592394
P1 B0,79,0.045857060362823374,0.03485228266509438,0.02980248946232489,0.5776303887368189,0.4223696112631802,0.017960336095724082
P1 B0,80,0.02635482100422284,0.015432464429113203,0.021363886158861166,0.34288653221007126,0.6571134677899269,0.005079297548036296
P1 B0,81,0.02731583547598772,0.018118006724139664,0.020442424026892194,0.43993838523802786,0.5600616147619722,0.0019062117157659093
P1 B0,82,0.9636696261305948,0.4903307601493159,0.8295992369681124,0.25889397071230963,0.7411060292876903,0.28959401877893687
P1 B0,83,0.04540068880597265,0.03503731061671858,0.028872294830933513,0.5955752515865212,0.4044247484134787,0.016764276828526593
P1 B0,84,0.09416714435516617,0.06397781065347537,0.06909624316845853,0.4615937794218118,0.5384062205781875,0.0292491208564968
P1 B0,85,0.9902223612278827,0.6293238724752153,0.7645206264114284,0.4039084640381099,0.5960915359618906,0.41894626897594667
P1 B0,86,0.04381342503459602,0.026374040752311995,0.03498608562925479,0.3623589032010411,0.6376410967989574,0.00696450221146775
P1 B0,87,0.08974856028416887,0.04715647852458383,0.0763614471198756,0.2760754261262771,0.7239245738737226,0.028036100782091546
P1 B0,88,0.02109665193041597,0.01621908913985386,0.01349110337024363,0.5910522108733447,0.40894778912665647,0.002962308516855495
P1 B0,89,0.02241940547740866,0.015940695472722758,0.015764643028193703,0.5055525985449397,0.4944474014550575,0.0053389790219497855
P1 B0,90,0.011956245812346708,0.010816551280057325,0.005094510018750428,0.8184420916497192,0.18155790835028127,0.0030204360923617333
P1 B0,91,0.03301607805526427,0.01858150228454461,0.02729082598604826,0.31674566582685654,0.6832543341731441,0.005040356796166896
P1 B0,92,0.049089184716553845,0.035162342547267716,0.034254309549669085,0.5130786723795343,0.48692132762046586,0.021792237348610285
P1 B0,93,0.06772411188910192,0.038280214240348054,0.05586752660428638,0.319493540681631,0.6805064593183681,0.015431569408250918
P1 B0,94,0.026304909367666152,0.02444063585506847,0.00972643695507625,0.8632794072306004,0.13672059276940077,0.010859896381879017
P1 B0,95,0.013871820043349898,0.009806163405955741,0.00981155189410821,0.4997253254181992,0.5002746745818003,0.0033453127432681576
P1 B0,96,0.04054027636948012,0.025878631226477676,0.03120593619742567,0.40748271742728126,0.5925172825727181,0.006706739767152938
P1 B0,97,0.03442137599816602,0.025448762009850467,0.023177394973834132,0.54660911064617,0.4533908893538301,0.00554244162934289
P1 B0,98,0.03665309327143374,0.022972030557887525,0.028561075932322728,0.392805451624312,0.6071945483756889,0.013333971162677632
P1 B0,99,0.034064051515081906,0.026757921872298116,0.021080161828082457,0.6170383555709156,0.38296164442908504,0.007903114101973509
P1 B0,100,0.8926271583513383,0.43035167273683295,0.7820362405918249,0.23243782253501405,0.7675621774649853,0.04479819275969376
P1 B0,101,0.04770384836889209,0.02058854139554998,0.043032186934967305,0.18627060624878083,0.813729393751218,0.006559267116022243
P1 B0,102,0.18447581455336462,0.08778352742213365,0.16225097370572197,0.22643689086772376,0.7735631091322762,0.03610159083143519
P1 B0,103,0.07067785737695267,0.04474863358344707,0.05470758005808019,0.40086007787962774,0.5991399221203716,0.020217908761246777
P1 B0,104,0.06453228842039445,0.038715330802503785,0.05162886217636097,0.3599248369057571,0.6400751630942426,0.017093226000832972
P1 B0,105,0.018544195043530793,0.01436356483382466,0.011729244437602421,0.599940948212654,0.40005905178734524,0.006665615628365432
P1 B0,106,0.04413124961989734,0.028139344282638833,0.033996242385840356,0.4065701555752758,0.5934298444247234,0.011291905061909852
P1 B0,107,0.03771058358421676,0.023043822703485393,0.02985080148794218,0.3734070761607969,0.6265929238392041,0.006563992711116347
P1 B0,108,0.030535065168477354,0.021458399763631973,0.02172388741517778,0.4938521640661133,0.5061478359338879,0.009433554888778041
P1 B0,109,0.05792752372301108,0.030467452158535042,0.049267964882339026,0.276631956431605,0.7233680435683955,0.012528389966568472
P1 B0,110,0.05104876352015585,0.02863516087500544,0.04226113839686945,0.3146507709557117,0.6853492290442886,0.010917997264632951
P1 B0,111,0.06032363977378171,0.04943371207826082,0.034572382413142894,0.6715392042958835,0.32846079570411735,0.013881034670298617
P1 B0,112,0.038654684514261774,0.030659075208230312,0.023541574761964956,0.6290915263552088,0.3709084736447906,0.004341629695517725
P1 B0,113,0.015968876971712544,0.014000763691081941,0.007680081236821172,0.768696141396748,0.23130385860325173,0.007108253343026276
P1 B0,114,0.06139367449321301,0.05927049702402857,0.016005981703826208,0.9320299831283598,0.06797001687164135,0.05145178121479224
P1 B0,115,0.027152740429388523,0.010564344451636619,0.025013315236747904,0.15137625966358836,0.848623740336412,0.005188290130815332
P1 B0,116,0.0404492570007751,0.030233677479104118,0.02687130696494437,0.5586770799580341,0.4413229200419673,0.0071348361076628165
P1 B0,117,0.156968627850302,0.0725981222192405,0.13917134324079378,0.21390702691130095,0.7860929730886996,0.03708124405393054
P1 B0,118,0.06696324865407698,0.03986461848473385,0.053804171430980714,0.35440692115202344,0.6455930788479771,0.01735119563339756
P1 B0,119,0.608940184096212,0.37838046663100267,0.4771125341879347,0.38610742070954823,0.6138925792904516,0.1762279164717293
P1 B0,120,0.1284122001537448,0.07702134548380077,0.1027492359494241,0.3597573106287572,0.6402426893712431,0.010375795561318934
P1 B0,121,0.015511410383475439,0.013542872120298944,0.007562702348884254,0.7622878174132006,0.23771218258680007,0.002690698533321447
P1 B0,122,0.04213855737835168,0.026546805251714826,0.03272499272507423,0.39688547116441253,0.6031145288355866,0.019696896813522168
P1 B0,123,0.03298021793309614,0.029143464711734485,0.015438692934001984,0.7808638553686759,0.21913614463132394,0.011905589477916869
P1 B0,124,0.06005855263462909,0.03082285329237685,0.051545916031079816,0.26338798190242313,0.7366120180975785,0.007180586367238382
P1 B0,125,0.10183366415133777,0.06654638011658758,0.07708225767234694,0.42703761543644575,0.5729623845635541,0.032168428444337406
P1 B0,126,0.029795595218879985,0.02530505758078812,0.015729957256151148,0.7212910252536062,0.2787089747463945,0.017499213514440407
P1 B0,127,0.02212042687807438,0.014632245553297672,0.01658947483605904,0.4375573203875531,0.5624426796124471,0.007428513430429932
P1 B0,128,0.012079801707163808,0.011573984197265021,0.003458973704129203,0.9180073524097537,0.08199264759024678,0.004263024758187237
P1 B0,129,0.0742595277470286,0.04101024425900659,0.06190829772355498,0.3049863103101391,0.6950136896898601,0.018458847689823314
P1 B0,130,0.030579749821511227,0.02410839100975144,0.018812405004867166,0.6215393039572354,0.3784606960427638,0.002651983567593723
P1 B0,131,0.04630495747640348,0.03083387261587394,0.03454593154627033,0.4434055944637002,0.5565944055363006,0.012026841804624613
P1 B0,132,1.2669151473653009,0.8280154110260418,0.9588870995727374,0.42715134934697657,0.5728486506530235,0.40209734514987194
P1 B0,133,0.04220652121085469,0.025715793915558487,0.033467721404584,0.37122802759015094,0.6287719724098477,0.009286658916541542
P1 B0,134,0.012691785177860897,0.009635735382969827,0.008260388285689303,0.576400441203348,0.4235995587966532,0.004284416758693883
P1 B0,135,0.03232425099562194,0.02341057132932148,0.02228906351695193,0.5245260775268787,0.47547392247312176,0.006944781839857489
P1 B0,136,0.02273953606630401,0.012436731726010269,0.019037179530749543,0.299122672651435,0.7008773273485631,0.004198948681628411
P1 B0,137,0.06751785584263444,0.040149499749673426,0.05428331721107081,0.3536087418010665,0.6463912581989332,0.022807276462468173
P1 B0,138,0.04860278324876367,0.030068640986800725,0.038185172105585544,0.3827412928860093,0.6172587071139899,0.017378881038163527
P1 B0,139,0.14990492704459296,0.090814823918754,0.11926506155974792,0.3670131926524697,0.6329868073475311,0.03583140730733252
P1 B0,140,0.02919461419867129,0.01419184279315949,0.02551307696738099,0.23630456004063374,0.7636954399593664,0.005830063659668226
P1 B0,141,0.35903792958705466,0.18770077875536656,0.3060664185055063,0.2733074607497182,0.7266925392502818,0.07653770094056607
P1 B0,142,0.3913100029510649,0.19262874939284402,0.3406136863323483,0.24232616568673285,0.7576738343132675,0.08788308498455005
P1 B0,143,0.7660649982983262,0.3768566611136646,0.6669592480744795,0.24200322442912298,0.757996775570877,0.15921188758051635
P1 B0,144,0.03129398395264691,0.020503232921898908,0.02364171887530351,0.42926252890310673,0.5707374710968923,0.0061841635883943345
P1 B0,145,0.06571613587243164,0.031259091906761426,0.057805533361163036,0.226260465875964,0.7737395341240347,0.022924007588290874
P1 B0,146,0.015819287615744068,0.010911248526343124,0.011454017472747659,0.47574589686103946,0.5242541031389607,0.005566673364862205
P1 B0,147,0.01782195878378708,0.011614361459131063,0.013517722544410225,0.4246975991576621,0.5753024008423381,0.006703220849885266
P1 B0,148,0.020599646011593174,0.015498089666349753,0.013570358598678566,0.5660265773149167,0.4339734226850827,0.007581815505924484
P1 B0,149,0.030140563783959764,0.02753068334738313,0.012268457916179592,0.8343172814872482,0.16568271851275343,0.01053177430011387
P1 B0,150,0.04562096348969923,0.023881578543928573,0.03887084403481152,0.27402939590554426,0.7259706040944564,0.005382866904406758
P1 B0,151,0.08072267012541547,0.04809116421374285,0.06483355147408985,0.3549274130847448,0.6450725869152547,0.017000798441148754
P1 B0,152,0.04284794323363021,0.03065283756321175,0.029939101333803456,0.5117777582681692,0.4882222417318309,0.00556713144851985
P1 B0,153,0.024488755852057092,0.02313165182528219,0.008039020277097266,0.8922362227875859,0.10776377721241641,0.004860341705708008
P1 B0,154,0.10942335320818848,0.047332503036490725,0.09865649691543171,0.1871108209370073,0.8128891790629942,0.008344380927145033
P1 B0,155,0.07409730559072913,0.02938991321815741,0.06801943616963516,0.15732283918772258,0.8426771608122766,0.013369116682281305
P1 B0,156,0.07470535354746537,0.0603560643796126,0.04402312280218042,0.6527372168572657,0.34726278314273457,0.04286037191693825
P1 B0,157,0.02784148129585817,0.017277051138365185,0.021832351790632476,0.3850831904915378,0.6149168095084604,0.005121323317042133
P1 B0,158,0.030513125732303612,0.021890824829001655,0.021256590278342688,0.5146960725448835,0.48530392745511586,0.005240902798200478
P1 B0,159,0.043298699439393226,0.025602588683689947,0.03491825920398525,0.349637539206764,0.6503624607932349,0.004350260123074356
P1 B0,160,0.05740080064710761,0.028400460632883807,0.04988251949099003,0.24480194709368788,0.7551980529063099,0.013059897289043023
P1 B0,161,0.059458806943376095,0.04347845121020274,0.04055827909923805,0.5347068515655997,0.4652931484344006,0.013213939644005534
P1 B0,162,0.029128211637268316,0.02090440115895025,0.020284445404574695,0.5150481352975325,0.4849518647024658,0.010928383830062694
P1 B0,163,0.051449953428394944,0.04622438798127256,0.022592115074529687,0.8071836706140807,0.1928163293859186,0.02385739458308874
P1 B0,164,0.06423161755271287,0.048504624657228095,0.042107031245379754,0.5702543126506012,0.42974568734939744,0.023346112002790027
P1 B0,165,0.10641767467335372,0.0696894553140387,0.08042450684285464,0.4288511809590832,0.5711488190409184,0.027783125115062732
P1 B0,166,0.025392536022213304,0.017807606847392528,0.018101658045828282,0.49181182118455113,0.5081881788154501,0.006721653364897187
P1 B0,167,0.09569650369928523,0.04936999406412366,0.08197819531055632,0.2661546192842479,0.7338453807157534,0.024270066815919953
P1 B0,168,0.029213166784454996,0.024054310691749077,0.016577070028240555,0.6779982234199627,0.3220017765800381,0.017773419469076554
P1 B0,169,1.7409418294056316,1.002339869412532,1.4234441469760242,0.33148317534655086,0.6685168246534511,0.6333861050104768
P1 B0,170,0.030211244289871902,0.016608697265930478,0.0252362924509721,0.3022274542126423,0.6977725457873581,0.0060060445942436745
P1 B0,171,0.028059255052509256,0.022733791522615225,0.016446778320024707,0.6564346127155843,0.3435653872844162,0.0046937871977447984
P1 B0,172,0.0662762534917608,0.04429443516582068,0.0493005556788668,0.4466655267743194,0.5533344732256805,0.011151284703386832
P1 B0,173,0.06009291476272263,0.030282583040744885,0.05190494744299662,0.25394478249173086,0.7460552175082699,0.010770915909218371
P1 B0,174,1.6566295663141097,1.2147005256536,1.1264653358905228,0.53763511045148,0.462364889548522,0.9381816749496091
P1 B0,175,0.026191717063854057,0.016154475706751797,0.02061647296200177,0.3804151408240622,0.6195848591759381,0.00645569818540062
P1 B0,176,0.0314711982324738,0.020552951726883373,0.02383301268199353,0.42650276138961185,0.5734972386103886,0.008329620067005812
P1 B0,177,0.03141284263573965,0.026163471973521223,0.01738503427516071,0.6937073148885371,0.3062926851114633,0.0034279217381282265
P1 B0,178,0.028874260008460353,0.019610084912479377,0.02119357121302405,0.46125089572233724,0.538749104277663,0.007515630340572226
P1 B0,179,0.0496182743036953,0.025771716784763636,0.04240037451300025,0.26977604829532686,0.730223951704673,0.016984654717320403
P1 B0,180,1.2013268423130539,0.5810625692930259,1.0514525536744113,0.23395020935624647,0.7660497906437538,0.3069406604236371
P1 B0,181,0.031099205404265404,0.022702465761392225,0.021254614207966798,0.5329021509177874,0.4670978490822123,0.013754676769567655
P1 B0,182,0.022002909494525606,0.01855133112661932,0.011831151239622039,0.7108695797958977,0.2891304202041021,0.00489481275576835
P1 B0,183,0.12365717683905772,0.05837264081115631,0.10901253225449675,0.22283326760294098,0.7771667323970572,0.01876748233183395
P1 B0,184,0.04988504821700402,0.038601669790305,0.03159792912538846,0.5987856584823988,0.40121434151760205,0.023829632717202467
P1 B0,185,0.031036236280402245,0.02046600697154237,0.023332177804348538,0.4348386476651148,0.5651613523348841,0.00863477656951618
P1 B0,186,1.0656801259386441,0.6461051199490888,0.847479973094455,0.3675806419247994,0.6324193580752007,0.44553184064022205
P1 B0,187,0.04359480921268493,0.02020098706306836,0.03863194936795376,0.21472154247182398,0.7852784575281759,0.007645420953254436
P1 B0,188,0.03214680717442614,0.021616992938907897,0.023793335785234963,0.4521836664962412,0.5478163335037597,0.006835783178167172
P1 B0,189,0.02774256234315576,0.023048093097542934,0.015441346117838222,0.6902030239453817,0.309796976054618,0.005962779307615525
P1 B0,190,0.03857082533890569,0.028612074648731008,0.025866150691972206,0.5502763334736264,0.44972366652637397,0.018918241184872113
P1 B0,191,0.004006093842405059,0.0037102633214235545,0.0015108719204005232,0.8577628430411995,0.14223715695879935,0.0017397069827539502
P1 B0,192,0.08565351309777139,0.060275189671045865,0.060855778822635535,0.49520704060289383,0.5047929593971056,0.019478183233720962
P1 B0,193,0.048310926887294894,0.022503161740101994,0.042749893197625254,0.2169683286521388,0.7830316713478624,0.006442752285008304
P1 B0,194,0.10761739387703209,0.04868378880321138,0.09597599789868598,0.20464625334888456,0.7953537466511156,0.023596645945262437
P1 B0,195,0.021541822631464574,0.014520295515962026,0.01591260947848005,0.4543452781188165,0.5456547218811848,0.006406160998873848
P1 B0,196,1.1958614082040322,0.736707175460184,0.9419910006243205,0.3795142591071869,0.6204857408928133,0.4443903850291109
P1 B0,197,0.03096068186626055,0.02496882891600688,0.018306321426954514,0.650392183986996,0.3496078160130043,0.005120966190236322
P1 B0,198,0.02259626982942825,0.0197259797117211,0.011021666598890456,0.7620854323254596,0.2379145676745415,0.014102881538660812
P1 B0,199,0.057734829946543914,0.03583550895308868,0.045267282744046504,0.38525773931224794,0.6147422606877537,0.012062122136287058
P1 B0,200,0.04641194683377875,0.02542865384185938,0.03882592397731695,0.3001837422913431,0.6998162577086567,0.010428798032520201
P1 B0,201,0.02043833658609351,0.017050721903871486,0.01126936045049967,0.6959762958466799,0.30402370415332164,0.00928121240513787
P1 B0,202,0.027846963727614842,0.024662238142521633,0.012931643308127853,0.7843488711845431,0.21565112881545695,0.004002953240588898
P1 B0,203,0.07624864402426908,0.03828111695374586,0.06594248858143986,0.25206059230355876,0.7479394076964394,0.006414861460522125
P1 B0,204,0.012948283484276136,0.012062526063803753,0.004706751549554471,0.8678649144200852,0.1321350855799156,0.008384674672820154
P1 B0,205,0.02046703403405233,0.017434301983204333,0.010721221782497278,0.7256033931594968,0.27439660684050404,0.011357505312272467
P1 B0,206,0.033348694810372025,0.023239769012979257,0.023917537117744903,0.48563047417928823,0.5143695258207135,0.004518877328049657
P1 B0,207,0.21908652235015275,0.11356835269708285,0.18735296512506794,0.2687096909609392,0.7312903090390598,0.0749471528820645
P1 B0,208,0.023530342651522335,0.014402515723045002,0.01860764805518131,0.37464523481156725,0.6253547651884326,0.003995020181785259
P1 B0,209,0.05628573216561234,0.03270652387607372,0.04580793535363567,0.33765418586815343,0.6623458141318457,0.007087309748984617
P1 B0,210,0.040979477975658436,0.02676773179135264,0.031029117775142855,0.42666822451368214,0.5733317754863192,0.010379812585674119
P1 B0,211,0.0122100386074513,0.010877813134378482,0.005546009755580517,0.7936867197925723,0.2063132802074275,0.004755059930867237
P1 B0,212,0.09845473838681558,0.054299680780370535,0.08212721947056378,0.3041734529419837,0.6958265470580156,0.02276271619827395
P1 B0,213,0.05423773065946483,0.03534530494357136,0.041139285914252345,0.4246786671448243,0.5753213328551758,0.011269079032827247
P1 B0,214,0.05619439360251553,0.05145846792801457,0.022579547180046212,0.8385476100637418,0.16145238993625766,0.013999056718754796
P1 B0,215,0.06105818486114208,0.054358437659732195,0.02780759237565178,0.7925855552024489,0.20741444479755058,0.04995359563098056
P1 B0,216,0.06606572277790462,0.04511349361737527,0.04826440116485428,0.4662947648056394,0.5337052351943605,0.0044864436436435106
P1 B0,217,0.037554120998801746,0.023845877363821506,0.02901182753192616,0.4031915389223203,0.5968084610776807,0.003974417594663302
P1 B0,218,0.013741073407028242,0.012502251216693482,0.005701825399994772,0.8278184911672863,0.1721815088327159,0.009529683418281604
P1 B0,219,0.10846025910339113,0.05779187379299674,0.0917808647173751,0.2839175747425493,0.7160824252574534,0.020317913617192047
P1 B0,220,0.04477637948892185,0.029481282925697527,0.0337013073513613,0.4335056957396799,0.5664943042603213,0.010093830490820332
P1 B0,221,0.01428133475137625,0.010820201327890133,0.009320931579235607,0.5740280108073715,0.4259719891926287,0.0026821343762807735
P1 B0,222,0.0624691395282994,0.046332302540921806,0.041901206840168986,0.5500937610161886,0.44990623898381027,0.015469221272561867
P1 B0,223,0.05772870205087339,0.04026103487583106,0.04137211755766951,0.4863918413277748,0.5136081586722244,0.019708926881385078
P1 B0,224,0.035722382487282385,0.0232415071626583,0.027127863081632547,0.42329948776173953,0.5767005122382604,0.004362197904888102
P1 B0,225,0.08984775577418011,0.04050845144127488,0.08019778413077627,0.20327165123569996,0.7967283487643002,0.01043658966780846
P1 B0,226,0.031923870836843726,0.019050635644318498,0.025616533933280332,0.3561130195910684,0.6438869804089316,0.007692369601008281
P1 B0,227,0.89219466626306,0.4088166106477108,0.7930197357990353,0.2099606078652847,0.7900393921347162,0.2267265219936814
P1 B0,228,0.005998698679239402,0.005956142851276009,0.0007132658547149381,0.9858619740877779,0.014138025912222069,0.0028996167076956753
P1 B0,229,0.008549890149418381,0.006376887583702166,0.005695254718794108,0.5562838507171414,0.44371614928285763,0.003271291397519221
P1 B0,230,0.016203245643387886,0.013616921352017385,0.00878206252955088,0.7062424631347037,0.29375753686529654,0.002912623082303879
P1 B0,231,0.020800985847182506,0.01792484816211558,0.010553711696829142,0.7425798049013443,0.25742019509865505,0.010129929471714209
P1 B0,232,0.06915420077330287,0.044846358857588794,0.05264131060118702,0.42054961782799893,0.5794503821720003,0.014116512087872882
P1 B0,233,0.042857415481697046,0.03390196016772892,0.026218603291489916,0.6257453973585422,0.3742546026414572,0.014509071539973885
P1 B0,234,0.043960507064940736,0.02329378735422868,0.03728170666832035,0.2807726666394035,0.7192273333605973,0.0027048175465208216
P1 B0,235,0.01783938749202057,0.01648221710115208,0.006824973664487634,0.8536333672124713,0.1463666327875284,0.001815877092401919
P1 B0,236,0.008242654704290713,0.006372878698474377,0.005227597313173361,0.5977740945036041,0.40222590549639575,0.0019588081700356716
P1 B0,237,0.03322828000445747,0.018376373093608,0.027684427102238302,0.3058467546018574,0.6941532453981415,0.01173416808556866
P1 B0,238,0.0567499329722456,0.030452857844460196,0.04788714171319344,0.2879555175713672,0.7120444824286342,0.008132908172869598
P1 B0,239,0.04285411527421769,0.028071714722095797,0.03237983984668865,0.4290943701186904,0.5709056298813084,0.016800420346865644
P1 B0,240,0.051349533623118275,0.03161078651728535,0.040466440158115784,0.3789636865382254,0.6210363134617748,0.016458556912180972
P1 B0,241,0.036990742882896874,0.025017655533024,0.027247604860969676,0.45741153270167356,0.5425884672983257,0.013699806802978073
P1 B0,242,0.017700291799180888,0.013467737284101038,0.011485659851422778,0.5789331523626522,0.4210668476373479,0.003906261063601191
P1 B0,243,0.011173434784628518,0.010478969260833965,0.0038777374997340224,0.8795564864875164,0.12044351351248407,0.006938784061334923
P1 B0,244,2.364662260233975,1.6357236425420807,1.7076404100991875,0.4784996469347615,0.5215003530652389,1.311910284021002
P1 B0,245,0.012704721143896964,0.009217376512970563,0.008743563893648939,0.5263618221223465,0.4736381778776546,0.005199393434490306
P1 B0,246,0.056997775516618616,0.03770889637879566,0.04274091187300642,0.43769524763391804,0.5623047523660825,0.01637258734318326
P1 B0,247,0.025183096547668406,0.01993836842125473,0.015383426680278369,0.6268461636322282,0.3731538363677716,0.01142147986167559
P1 B0,248,0.03675153845309208,0.022823547916854463,0.02880557652879305,0.38566947366164495,0.6143305263383545,0.015040725152200894
P1 B0,249,0.020777154563654792,0.01368319462751042,0.015635227422320108,0.4337134272119168,0.566286572788082,0.006614326688489845
P1 B0,250,0.020900223045203135,0.016803192684695566,0.012428678084986915,0.6463708661984523,0.3536291338015484,0.003089604975498814
P1 B0,251,0.0319925884947794,0.019274771821984314,0.02553446474486455,0.3629775217559508,0.6370224782440489,0.009911654398673364
P1 B0,252,0.05121193211697034,0.04475677246743202,0.024889622525295575,0.7637921655396746,0.23620783446032678,0.014865189590444507
P1 B0,253,0.028488666389368363,0.023560183151178936,0.016016300525640535,0.6839322540003917,0.31606774599961124,0.009157388372370253
P1 B0,254,0.030891206369820238,0.01801055862691053,0.02509753790572777,0.3399261920321935,0.6600738079678076,0.008429628489716639
P1 B0,255,0.0945156728659779,0.047818784068161375,0.08152653744365146,0.25597019335698,0.7440298066430198,0.024631209179315883
P1 B1-B4,0,0.04379783859248324,0.03212312674733271,0.029771721370253502,0.5379355736203731,0.46206442637962547,0.026442664359169483
P1 B1-B4,1,0.016855218528128036,0.012240051068589662,0.011587904964628751,0.5273484629800387,0.47265153701996093,0.009258595814729823
P1 B1-B4,2,0.012552856540208606,0.00967406261387103,0.007999169948310942,0.593926436625508,0.40607356337449235,0.004265428981632661
P1 B1-B4,3,0.02015875657947974,0.015559805792799525,0.01281670435490652,0.5957730622810741,0.4042269377189256,0.008925704618666182
P1 B1-B4,4,0.033755624631327724,0.022671106780138853,0.025009260517149225,0.4510795591296071,0.5489204408703913,0.00618043669263948
P1 B1-B4,5,0.03613187423457771,0.022766910929539863,0.028056730073722783,0.3970335776217326,0.6029664223782686,0.007035701493715067
P1 B1-B4,6,0.062470411813569576,0.0337637303007391,0.05256008816902724,0.29211382217357457,0.7078861778264233,0.02085568844354521
P1 B1-B4,7,0.04786680025998257,0.03738848845301229,0.02988865166460393,0.6101084233319275,0.3898915766680712,0.024834760008113143
P1 B1-B4,8,0.10662446639397351,0.05485523022850076,0.09143128868378565,0.26468074159708405,0.7353192584029149,0.004084639091491208
P1 B1-B4,9,0.01873709984412724,0.01121019810464048,0.015013672735993317,0.35794955994846217,0.6420504400515404,0.002686234701315436
P1 B1-B4,10,0.03386103718156724,0.02356979147510243,0.024311206651083127,0.48451917299583647,0.5154808270041641,0.01307174034284432
P1 B1-B4,11,0.11263687114149717,0.057945995703293826,0.09658843783031237,0.2646584128569348,0.7353415871430672,0.029221836999544643
P1 B1-B4,12,0.03246758188428363,0.018934969195838206,0.026374434874804786,0.3401177652217763,0.659882234778222,0.0037937226918250467
P1 B1-B4,13,0.054330308128645456,0.03628740434218391,0.04043521568460355,0.44609511941369195,0.5539048805863074,0.01853954619769198
P1 B1-B4,14,0.05682553013429679,0.042966250185294146,0.03718927560545622,0.5716996335628148,0.4283003664371845,0.016731501023401464
P1 B1-B4,15,0.007402828508025349,0.006857717250218083,0.002788114781585262,0.8581511169828533,0.1418488830171483,0.0045436637216892325
P1 B1-B4,16,0.021716242019430277,0.01673206430410862,0.013843164073637318,0.5936489497819218,0.40635105021807777,0.009751125035272803
P1 B1-B4,17,1.1031467491481075,0.7164581176761233,0.8388209080441537,0.42180821768351284,0.5781917823164829,0.4326848843113377
P1 B1-B4,18,0.043188235830879246,0.036382120549427674,0.023271549551126886,0.7096514405256835,0.2903485594743161,0.021844413901061923
P1 B1-B4,19,0.06684118454611054,0.041625371480998305,0.05229791965839654,0.38781800607414585,0.6121819939258538,0.017138581321331545
P1 B1-B4,20,0.03229605577623746,0.024485375650965962,0.021059477627256667,0.5747971017844392,0.42520289821556084,0.0022701189067982383
P1 B1-B4,21,0.027001347524990515,0.017584779290574087,0.020490200230039425,0.42413388100663374,0.5758661189933656,0.011267956466635335
P1 B1-B4,22,0.030444069519784157,0.01681174511526236,0.02538122524829926,0.30494406410476177,0.6950559358952392,0.007221050318234449
P1 B1-B4,23,0.01585051180493556,0.011806465824566011,0.010575731143129347,0.5548214573849601,0.44517854261503836,0.006003955116068212
P1 B1-B4,24,0.041578764619431566,0.0328358438388335,0.0255068819472281,0.6236676250126624,0.37633237498733557,0.012381851970397961
P1 B1-B4,25,0.04477452217387368,0.0303054876627913,0.03295960032250248,0.4581214578806618,0.5418785421193358,0.023965196534838244
P1 B1-B4,26,0.028390963216820893,0.023793579806022296,0.015489104312171324,0.7023592740996162,0.29764072590038304,0.007881964786666189
P1 B1-B4,27,0.03017861076490561,0.014862830987551274,0.02626489677754635,0.242551849818989,0.7574481501810134,0.0029412480084532048
P1 B1-B4,28,0.05465181767807979,0.045954777990117025,0.02958005333661727,0.7070532502685359,0.2929467497314613,0.027375798071584138
P1 B1-B4,29,0.10845425304197234,0.05924457330158193,0.09084275170428091,0.2984035439271982,0.7015964560728001,0.014110167179059161
P1 B1-B4,30,0.04110148886046455,0.025819813597717903,0.03197920593645177,0.3946309083575918,0.6053690916424074,0.01646742890262765
P1 B1-B4,31,0.7250544690217137,0.3037338541276785,0.6583689914516824,0.17548707469992192,0.8245129253000782,0.05971353605307756
P1 B1-B4,32,0.01741714219177146,0.009844441873267133,0.014368152502400927,0.3194687652870547,0.6805312347129446,0.0047076741414093
P1 B1-B4,33,0.035497825237347874,0.03309970759085795,0.012825948463212914,0.8694504175498247,0.1305495824501765,0.018935338644561973
P1 B1-B4,34,0.030789132100151034,0.018904643872098132,0.024301956619780497,0.3770006569978577,0.6229993430021421,0.006121399991136277
P1 B1-B4,35,0.019742010186581643,0.01688553930427727,0.01022866211245639,0.7315552456277293,0.26844475437227044,0.01338577364568457
P1 B1-B4,36,0.01941766580583205,0.014837576078317857,0.012525656927567078,0.5838911235486087,0.4161088764513919,0.0065051613638999976
P1 B1-B4,37,0.024805799583434388,0.017854468842847745,0.01722050043736512,0.5180687644980455,0.48193123550195366,0.0037524525850438964
P1 B1-B4,38,1.007348017982538,0.5783110681330138,0.8248068487883693,0.32958234230834577,0.6704176576916536,0.29833357037306785
P1 B1-B4,39,0.015993191703483397,0.010709196026979473,0.01187835431867971,0.4483771275884392,0.5516228724115596,0.004052625437463716
P1 B1-B4,40,0.03558050666040751,0.020145546144113027,0.029327963188171043,0.3205780884841023,0.6794219115158976,0.003020587302821663
P1 B1-B4,41,0.04293342671601818,0.03293599541163224,0.02754086664984679,0.5885054392182081,0.4114945607817916,0.014371532750163039
P1 B1-B4,42,0.02655281161095928,0.018498654698598353,0.0190486634383917,0.48535472641805444,0.5146452735819479,0.0026400851716663486
P1 B1-B4,43,0.037404319762840844,0.022633933301738865,0.02977898924096128,0.36616475689574896,0.6338352431042545,0.007017015244286674
P1 B1-B4,44,0.049128311318386485,0.03598418470724067,0.033447412814020264,0.536487567086537,0.46351243291346267,0.024205010103202414
P1 B1-B4,45,0.03673432327244386,0.01990329247987958,0.03087506202009604,0.2935660050775814,0.7064339949224167,0.007688796790112054
P1 B1-B4,46,0.06630072589568828,0.0487670388239992,0.04491728151428739,0.5410235935238312,0.45897640647616855,0.030803799591905576
P1 B1-B4,47,1.3536490068788296,0.8168290089877357,1.0794239222382251,0.3641247235855752,0.6358752764144242,0.515814424452146
P1 B1-B4,48,0.7416359639114918,0.4238974170706818,0.6085514627110289,0.3266931113901064,0.673306888609895,0.26028244041106285
P1 B1-B4,49,0.069774193743235,0.04709273017100939,0.051485074318281705,0.45553115469557576,0.5444688453044233,0.023915367537044933
P1 B1-B4,50,0.05799705523766484,0.03520384779446576,0.04609064456812069,0.3684413653753155,0.6315586346246842,0.019932872448032372
P1 B1-B4,51,0.03264896155646186,0.023469967742880196,0.02269615176331633,0.5167568477813893,0.4832431522186101,0.0035419667338584984
P1 B1-B4,52,0.06351020193559716,0.04020752242628861,0.04916198623163859,0.4007999313508343,0.5992000686491642,0.0186912731995729
P1 B1-B4,53,0.15767155850040926,0.07827111088127327,0.13687203352533134,0.24643153064345286,0.7535684693565481,0.01349585354682556
P1 B1-B4,54,0.035230328262042324,0.030564430420565843,0.017521176402218147,0.7526606901574043,0.24733930984259464,0.011471877289438796
P1 B1-B4,55,0.023285792391446954,0.022878184899602104,0.004337831600833132,0.9652972945336333,0.03470270546636561,0.019947811592458137
P1 B1-B4,56,0.05390029815695635,0.03236692585294589,0.043100165338878824,0.36059572255209443,0.6394042774479045,0.013497642075856698
P1 B1-B4,57,0.6591437750182431,0.33647500565895233,0.5667936897250248,0.26058253719414487,0.7394174628058537,0.21064201864063833
P1 B1-B4,58,0.025003381832808553,0.017678998819140004,0.017681122810219604,0.49993993258580455,0.5000600674141967,0.01289738987449034
P1 B1-B4,59,0.04092733597527939,0.032593337089611596,0.024753206002381747,0.6342065210295461,0.3657934789704541,0.025686579073507364
P1 B1-B4,60,0.014758533288556728,0.009406151891360475,0.011372713459245018,0.40619780905862235,0.5938021909413775,0.0030588078993562928
P1 B1-B4,61,0.013546012110758237,0.008865061146734588,0.010242320780441579,0.428292581384395,0.5717074186156034,0.0033524175967073362
P1 B1-B4,62,0.029617807714911352,0.017468460078768303,0.023917931271620042,0.347859144773429,0.6521408552265703,0.00447440548207762
P1 B1-B4,63,0.024342471049549952,0.018587096809522127,0.01571864272103766,0.5830338870532191,0.4169661129467815,0.014910603356115477
P1 B1-B4,64,0.03327734966303879,0.021767583663880395,0.025170504604240942,0.42788098263196644,0.5721190173680328,0.007094575667015516
P1 B1-B4,65,0.5449982290299129,0.28995471421555175,0.4614643359458224,0.2830545667583895,0.7169454332416094,0.12421553307357167
P1 B1-B4,66,0.06640048430623381,0.03685699511026395,0.05523211228573809,0.30810401376032465,0.6918959862396751,0.007516893625663606
P1 B1-B4,67,0.027143594354610088,0.02403170151279334,0.012619510168292072,0.7838524670348161,0.216147532965184,0.012679363657861355
P1 B1-B4,68,0.5634380127790725,0.320660688885898,0.463291611026631,0.3238912049457104,0.6761087950542883,0.182779274781999
P1 B1-B4,69,0.035850566388978385,0.021592575696455764,0.028618591600625194,0.36275788313744023,0.6372421168625598,0.005358554226943238
P1 B1-B4,70,0.05470551117953715,0.03829304519293489,0.03906834579639013,0.4899792036717757,0.5100207963282257,0.01756496797518892
P1 B1-B4,71,0.02759225294249858,0.020069992918041565,0.01893483051713383,0.529078499557124,0.4709215004428753,0.007165556284972284
P1 B1-B4,72,0.01768494715592778,0.016157937218174632,0.007188770462428531,0.8347651309064855,0.16523486909351365,0.01216556635542743
P1 B1-B4,73,0.025593935490235233,0.01927124811125544,0.01684246211552089,0.5669510236374756,0.4330489763625246,0.011144788043349283
P1 B1-B4,74,0.030513056025031123,0.020655456043906992,0.022458822845485796,0.4582454518246664,0.5417545481753342,0.01029086318455863
P1 B1-B4,75,0.039016570759128545,0.0264007637859075,0.028727903949345147,0.4578622005681667,0.5421377994318337,0.009631679121258703
P1 B1-B4,76,0.02967244273465963,0.02783219306056872,0.010287025191029928,0.879808707363382,0.12019129263661651,0.0121453697614726
P1 B1-B4,77,0.0787565566844901,0.04197650731802773,0.06663758739763057,0.2840790191680345,0.7159209808319631,0.012164768175834628
P1 B1-B4,78,0.046034556040381674,0.029101778179362145,0.035668849948298595,0.3996420093583462,0.6003579906416531,0.01418034889113372
P1 B1-B4,79,0.05051088577392418,0.04205428667953752,0.02797832292224989,0.6931872609043205,0.3068127390956813,0.02843897618683078
P1 B1-B4,80,0.036190384301419305,0.02106075364599509,0.029431081729136672,0.3386580680069664,0.6613419319930341,0.011449091430929368
P1 B1-B4,81,0.02894627297332184,0.02010033901240687,0.02082938046683999,0.4821936178600231,0.517806382139975,0.007525236280938707
P1 B1-B4,82,1.1088650637928912,0.6108750464922418,0.9254260679673525,0.3034920846764867,0.6965079153235141,0.42550969636222874
P1 B1-B4,83,0.049938863025859405,0.0396889053183409,0.030309748183502273,0.6316273692519819,0.3683726307480181,0.02262577760843495
P1 B1-B4,84,0.08761952241815311,0.06260470141230495,0.06130115879705197,0.5105192632028089,0.48948073679719145,0.0342320087341197
P1 B1-B4,85,1.0774093186025309,0.7261788940517832,0.7959114609335013,0.45428227242594615,0.5457177275740551,0.5367480903697416
P1 B1-B4,86,0.04768329984120359,0.0267300978582814,0.03948669335653252,0.31424508419393227,0.6857549158060688,0.012551701066726243
P1 B1-B4,87,0.08454711973314781,0.04664637693693238,0.07051475713514765,0.30439548094039015,0.6956045190596101,0.030002151862517267
P1 B1-B4,88,0.020765348545536275,0.017617799367490822,0.010991489692687052,0.7198215917045465,0.28017840829545415,0.006692804215694666
P1 B1-B4,89,0.022502248366722915,0.016989900375530956,0.014754472772255119,0.5700721658878618,0.42992783411213914,0.009577976422165412
P1 B1-B4,90,0.01222257993501664,0.01097682632434779,0.0053759412304243675,0.8065435329358499,0.19345646706414957,0.004946568325393106
P1 B1-B4,91,0.040618650510851444,0.022389002197774392,0.033891110190000316,0.30382149526277513,0.6961785047372235,0.010043089678134609
P1 B1-B4,92,0.05608142924470135,0.04115844167783636,0.03809342967994071,0.5386165581332464,0.4613834418667539,0.030632548553580493
P1 B1-B4,93,0.068673113010782,0.04325534380530719,0.0533382759646044,0.39674007122728033,0.6032599287727168,0.015096645557941194
P1 B1-B4,94,0.028799152290199952,0.0269109691586795,0.01025626206640278,0.8731709294172426,0.12682907058276066,0.012973272782793746
P1 B1-B4,95,0.013274866671732393,0.010173951651615384,0.008527179659351854,0.5873797947627631,0.41262020523723636,0.0021193092782988915
P1 B1-B4,96,0.03739455350227702,0.026781451022428814,0.026098017410675214,0.5129222076324914,0.4870777923675093,0.006581663610098968
P1 B1-B4,97,0.03769180516313267,0.027120427244637226,0.026175458019371763,0.5177250502411538,0.4822749497588465,0.009931474493933683
P1 B1-B4,98,0.04129115473697325,0.024468007994962123,0.033260728258279866,0.3511423171391143,0.648857682860885,0.01345364960002846
P1 B1-B4,99,0.03755250922208563,0.027203253179902152,0.025887718426021417,0.5247636741395246,0.47523632586047443,0.012222076785184947
P1 B1-B4,100,0.7452983709152137,0.3694210750044988,0.6473003406699183,0.24568746066624947,0.7543125393337511,0.12532262784951684
P1 B1-B4,101,0.04705142134026614,0.020496843031239435,0.042352280645698175,0.18977039255764408,0.8102296074423544,0.0032204982107916585
P1 B1-B4,102,0.19662207003776863,0.09581191702559615,0.17169832550673725,0.23745128891809678,0.7625487110819038,0.03562440556460647
P1 B1-B4,103,0.06392633686543153,0.04160209677890966,0.04853701771463579,0.42351695540990925,0.5764830445900916,0.01877597231300814
P1 B1-B4,104,0.06291154750509384,0.03819497232366298,0.04999006800035678,0.3685968870141202,0.6314031129858791,0.01607157034363681
P1 B1-B4,105,0.020540869980061688,0.01583342240671345,0.013085490989198048,0.5941716537829523,0.4058283462170462,0.009572422069618438
P1 B1-B4,106,0.0417065852210278,0.02647145166988717,0.032228892275219204,0.40285267403811403,0.597147325961887,0.00600941653502928
P1 B1-B4,107,0.03623088555402943,0.02179758431813648,0.02894032456491994,0.3619585453866618,0.6380414546133379,0.01083668557555779
P1 B1-B4,108,0.0331457901040877,0.026843758651336733,0.01944366280033217,0.6558883232410962,0.34411167675890264,0.01638637965520227
P1 B1-B4,109,0.060629411122562864,0.03194121664852097,0.05153333069073837,0.2775467900292047,0.7224532099707957,0.01278942918972174
P1 B1-B4,110,0.05995813891962376,0.030993637181379124,0.0513261422374011,0.2672075970370349,0.7327924029629636,0.011375220020788238
P1 B1-B4,111,0.06075915896892209,0.04813499448806443,0.037076916056284326,0.6276222701589419,0.3723777298410586,0.012368340340698631
P1 B1-B4,112,0.03499477418473214,0.029190880893608447,0.019300950569740394,0.6958057461252116,0.30419425387478993,0.01201942433621767
P1 B1-B4,113,0.015366234805252335,0.012654001680898985,0.008717649542735345,0.6781423161793427,0.32185768382065655,0.007487325975140845
P1 B1-B4,114,0.0743893477095288,0.0717049730670986,0.019803330277906695,0.9291312194000187,0.07086878059998336,0.06331945822184402
P1 B1-B4,115,0.029390830161625994,0.013408243888420948,0.02615415633160758,0.2081230086850747,0.7918769913149281,0.008609329041994473
P1 B1-B4,116,0.03856319557398379,0.02737648008954354,0.02715968318637294,0.5039752242215241,0.4960247757784755,0.014312221632485545
P1 B1-B4,117,0.11030864558592221,0.060421631235967346,0.09228880630816165,0.30003076380657334,0.699969236193427,0.03028835627061534
P1 B1-B4,118,0.06748568353254289,0.037121908633719614,0.056358507620804736,0.30257796170351453,0.697422038296486,0.013917297467385976
P1 B1-B4,119,0.5160571433400485,0.31884992444758525,0.4057705027131217,0.3817482447122019,0.6182517552877943,0.16336948623039332
P1 B1-B4,120,0.13327966656355128,0.07937254032948561,0.10706759248687518,0.35466045366384746,0.6453395463361512,0.02131643956437402
P1 B1-B4,121,0.014979939376605923,0.013426480717252654,0.006642905936111955,0.8033490294673225,0.19665097053267824,0.004268668547760552
P1 B1-B4,122,0.043616345914033815,0.02758487857694981,0.03378550139908521,0.39998489987964025,0.6000151001203592,0.021917491999948423
P1 B1-B4,123,0.03580878239346282,0.030471548497291015,0.018808339338698007,0.7241189974703873,0.27588100252961273,0.015588584524755294
P1 B1-B4,124,0.07106942243353281,0.03786788887269219,0.060140550357985365,0.2839073368306154,0.7160926631693848,0.013121488629176859
P1 B1-B4,125,0.1081741736547951,0.07005983552926708,0.08242130362660995,0.41946048464163427,0.5805395153583666,0.031982066613976824
P1 B1-B4,126,0.028354875582251103,0.02439110767709704,0.014459351146202866,0.7399588263712045,0.26004117362879614,0.019350892579783393
P1 B1-B4,127,0.030238030761877824,0.01841031971734023,0.023987468233675317,0.370694081546214,0.6293059184537851,0.00833673317412056
P1 B1-B4,128,0.01221290972203136,0.011806515649121743,0.003124316262085452,0.9345557213595117,0.06544427864048925,0.003086327315188428
P1 B1-B4,129,0.07272992386992563,0.04887833052420692,0.05385676031188255,0.4516546248999431,0.5483453751000581,0.03560610728982882
P1 B1-B4,130,0.03360431302422518,0.021417136377400815,0.025895098440089522,0.4061933052746655,0.5938066947253362,0.004694741092255379
P1 B1-B4,131,0.05313692613517317,0.03436049960690085,0.040532566978406584,0.41814420694422677,0.5818557930557732,0.014320405000145588
P1 B1-B4,132,0.8862877936859818,0.5500200089231476,0.6949705339228028,0.3851300813905172,0.6148699186094824,0.18506980947785573
P1 B1-B4,133,0.043607532700776525,0.02660017642108435,0.03455499273066742,0.37208829105554664,0.6279117089444516,0.00874325105388259
P1 B1-B4,134,0.009723923581918958,0.0075142350485714465,0.0061717875418569055,0.5971541810193384,0.40284581898066163,0.003289447570100835
P1 B1-B4,135,0.03228051947895846,0.020127505356485834,0.025237184192299447,0.38877548486513586,0.6112245151348629,0.00649531336715042
P1 B1-B4,136,0.02679533906103788,0.01335453200021982,0.023230296391804548,0.2483927024191967,0.7516072975808035,0.005488866870225131
P1 B1-B4,137,0.08043456187266824,0.04177397126858143,0.06873611909396565,0.26972805846646014,0.7302719415335398,0.022725533757205513
P1 B1-B4,138,0.05280494357586763,0.03245226142505512,0.041655885471928784,0.37769459153911134,0.62230540846089,0.017341756395305385
P1 B1-B4,139,0.18183172591786337,0.11047664811927602,0.14442190543888628,0.36914896609223335,0.6308510339077655,0.05122455146034787
P1 B1-B4,140,0.035022037461456296,0.016432356186042565,0.0309276701050479,0.22014907431660855,0.7798509256833888,0.006314815105712558
P1 B1-B4,141,0.32201355797277,0.15819382453574865,0.28047717446707754,0.24134079365856917,0.7586592063414327,0.05274564412210956
P1 B1-B4,142,0.45815677153364,0.24960642627687504,0.3841929974159015,0.29681326419376586,0.7031867358062339,0.15415569648184146
P1 B1-B4,143,0.5428348127143255,0.27802632935636296,0.4662306232748161,0.26232305919592136,0.7376769408040768,0.13989156206171488
P1 B1-B4,144,0.037318637643109664,0.022112604455183423,0.030061826952903638,0.35109790085849285,0.6489020991415071,0.011842691128139755
P1 B1-B4,145,0.060224750240132324,0.03428708020310817,0.04951178316958452,0.32412385190755516,0.6758761480924464,0.02888738383665551
P1 B1-B4,146,0.01985239855128845,0.012963966691195235,0.015035068868108984,0.42643205399889317,0.5735679460011062,0.007914493229231545
P1 B1-B4,147,0.019541341030225354,0.012506400810628938,0.015015123976293638,0.4095962369938397,0.5904037630061586,0.0070997042496997375
P1 B1-B4,148,0.025391197771740905,0.021062096417101276,0.014181009089637814,0.6880766443082664,0.3119233556917343,0.014600410680089106
P1 B1-B4,149,0.029212219092641305,0.02518772716316817,0.014796355790203183,0.7434450295338674,0.2565549704661347,0.00652585437601168
P1 B1-B4,150,0.05644793149658877,0.028683513276344524,0.0486171269859639,0.25820736441936254,0.7417926355806355,0.01217029017449534
P1 B1-B4,151,0.061665083129999305,0.039521912432708445,0.04733498616341875,0.4107686214854866,0.5892313785145119,0.009874519054658935
P1 B1-B4,152,0.0434488395278606,0.032077419483672244,0.029305986002629382,0.5450577062944723,0.4549422937055295,0.014671913005449884
P1 B1-B4,153,0.030073175823771076,0.028576413886431576,0.009369336877218724,0.9029357904893396,0.09706420951066132,0.015322331179882772
P1 B1-B4,154,0.10966570531019505,0.05349406798797819,0.09573375377201152,0.23794116215012565,0.762058837849876,0.01752103804508023
P1 B1-B4,155,0.07411712724492073,0.0317825434048823,0.06695684047023522,0.1838823908401064,0.816117609159891,0.018858493660575928
P1 B1-B4,156,0.07163176302339286,0.05892430528164363,0.04073126220626089,0.676671150874169,0.3233288491258307,0.04716674221183931
P1 B1-B4,157,0.03139546805642688,0.018757949911894698,0.025175677341135634,0.3569741922415909,0.6430258077584089,0.00842078574945284
P1 B1-B4,158,0.028786565585596436,0.019734349964703704,0.020957618893482216,0.46996546278146517,0.5300345372185333,0.007147643011971558
P1 B1-B4,159,0.03643804303159487,0.024044394704461326,0.027378788564661315,0.43542925895723494,0.5645707410427633,0.010570366172108919
P1 B1-B4,160,0.05706104912016226,0.029752024122499048,0.04869066016504402,0.2718651442197503,0.7281348557802496,0.014034199018611538
P1 B1-B4,161,0.05892992980192492,0.04646010299650041,0.03625183382967509,0.6215677728045564,0.3784322271954443,0.007779388162657493
P1 B1-B4,162,0.025449274261559577,0.019049424446405908,0.016875573729528477,0.5602900538555041,0.4397099461444957,0.012130190816138456
P1 B1-B4,163,0.06169764949589991,0.05376396065300116,0.030266094697226204,0.7593557244115492,0.24064427558845142,0.03516925411031606
P1 B1-B4,164,0.07349334423435198,0.06060371487618411,0.04157476866989334,0.6799899166346308,0.32001008336537035,0.03272048338780022
P1 B1-B4,165,0.10852227456671101,0.07736238083622224,0.07610615026713642,0.5081850421930459,0.4918149578069561,0.05216170127688713
P1 B1-B4,166,0.02647550987338216,0.0206377248814366,0.01658423753971489,0.6076240736859473,0.39237592631405227,0.012163003038264933
P1 B1-B4,167,0.1034179935987073,0.060219400735046454,0.08407678142682525,0.33906318957574383,0.6609368104242558,0.041199085272464506
P1 B1-B4,168,0.0309402387822688,0.026582673995723605,0.015832239864936645,0.7381591513677898,0.2618408486322091,0.021972913045944287
P1 B1-B4,169,1.6755531565314608,0.9761911764744534,1.3618109881095695,0.33943243149873126,0.660567568501268,0.6408083358677155
P1 B1-B4,170,0.0297224516854644,0.01971100611633524,0.022246356377541018,0.43979301343441535,0.5602069865655842,0.013358055971048322
P1 B1-B4,171,0.02259366468269692,0.018504760475419074,0.01296331452760111,0.6708008093728077,0.32919919062719194,0.0021821598276106514
P1 B1-B4,172,0.06544335182976949,0.04734534812057961,0.04518019820735762,0.5233877565860862,0.4766122434139134,0.01374187098606148
P1 B1-B4,173,0.06095934599077046,0.03374768076762882,0.05076549917442632,0.306483618589689,0.6935163814103111,0.012207587571544344
P1 B1-B4,174,1.8057164654281799,1.378552083671122,1.1662787428931607,0.582837171207483,0.41716282879251826,1.1180968075245916
P1 B1-B4,175,0.029726942171766607,0.019429874049144067,0.02249824627205317,0.427208115437873,0.5727918845621275,0.012574372795086913
P1 B1-B4,176,0.032682588454774515,0.019389228466233394,0.026309872815891103,0.35195583164656163,0.6480441683534388,0.008223670098065992
P1 B1-B4,177,0.03494599329503331,0.030302566467074448,0.01740623201284671,0.7519068589543884,0.24809314104561275,0.014186728809407414
P1 B1-B4,178,0.02596107587559649,0.01989733811435635,0.016675532872488984,0.5874143976175626,0.412585602382438,0.0128506768830482
P1 B1-B4,179,0.05926033935465899,0.032728809251520136,0.049402559300171386,0.3050226863909535,0.6949773136090451,0.023366559599446907
P1 B1-B4,180,1.1808016899988865,0.5784593321447267,1.0294063493873074,0.2399892185332148,0.7600107814667849,0.2928374893908909
P1 B1-B4,181,0.03505392394182899,0.02692035185673008,0.022451553167417645,0.589777477789312,0.41022252221068806,0.019441571975294173
P1 B1-B4,182,0.020615651816534578,0.016798831205133268,0.01195007824083284,0.6639937496695673,0.33600625033043335,0.0041812392089221
P1 B1-B4,183,0.13911954014166655,0.0660865480286248,0.12242064621169517,0.2256575497163707,0.7743424502836291,0.01570051051856219
P1 B1-B4,184,0.04833286247991989,0.03683947835601248,0.03128767217227475,0.580954219845432,0.4190457801545677,0.022027593990180557
P1 B1-B4,185,0.03702690079499002,0.020064649266933778,0.03111914575108007,0.2936489283223794,0.7063510716776196,0.009987949907758155
P1 B1-B4,186,1.0075866540832934,0.6146279715341797,0.7984130022078468,0.3721001362690983,0.6278998637309028,0.4324780934907748
P1 B1-B4,187,0.04994384750002631,0.02444582411718251,0.04355214789580035,0.23957713875380934,0.7604228612461923,0.012401985070204907
P1 B1-B4,188,0.03448786652638131,0.02119253913112401,0.027208256517411596,0.37760116831464574,0.6223988316853545,0.004897535847632571
P1 B1-B4,189,0.025531444628143368,0.02133646983336838,0.014021758800154504,0.6983841177081245,0.3016158822918729,0.007431637324085761
P1 B1-B4,190,0.03651833054768454,0.02756106404135726,0.023957800710794667,0.5696001956105108,0.43039980438948944,0.02028192151086948
P1 B1-B4,191,0.004896068232810658,0.004325530152212752,0.0022937465079289152,0.7805195117734631,0.21948048822654087,0.0019132363988305888
P1 B1-B4,192,0.07932531826817849,0.05408039041511292,0.05803290007312031,0.4647891591115301,0.5352108408884688,0.020240386309376194
P1 B1-B4,193,0.042487551469246626,0.021594327715199025,0.03659066876104439,0.2583187726070753,0.7416812273929254,0.0026087825045398795
P1 B1-B4,194,0.10632690245176783,0.05052931094851708,0.09355318765309839,0.2258397725650229,0.7741602274349786,0.028686101026063275
P1 B1-B4,195,0.02774235260859004,0.017715390180374026,0.021349545171184543,0.4077696227871138,0.592230377212885,0.00982020296984883
P1 B1-B4,196,1.4040645236754092,0.8901404375333066,1.085839393332121,0.4019230644641931,0.5980769355358078,0.5963285858491648
P1 B1-B4,197,0.03201564351969247,0.02534150187580093,0.01956552357231475,0.6265276306333895,0.3734723693666101,0.009744594387905751
P1 B1-B4,198,0.024333753286082362,0.021607175985496555,0.01119202818615576,0.7884566442477132,0.2115433557522867,0.017163994706330635
P1 B1-B4,199,0.05449043597540474,0.03576045111698919,0.041114446958448986,0.4306906187974787,0.5693093812025231,0.01379040549511834
P1 B1-B4,200,0.046421081380554015,0.024877956372891846,0.03919188797759696,0.28720956386123575,0.7127904361387646,0.004961848425225027
P1 B1-B4,201,0.024564073602563876,0.018937767134690812,0.01564463767251899,0.5943698400294248,0.4056301599705757,0.013099850931157928
P1 B1-B4,202,0.02998821370362361,0.026620120527925614,0.013808046357573997,0.7879866156492018,0.2120133843507984,0.005598542033629558
P1 B1-B4,203,0.06712602139258596,0.03663898730400027,0.05624488738841262,0.2979237382029968,0.7020762617970036,0.010765292298337033
P1 B1-B4,204,0.01195600122848608,0.010287168912584957,0.006092628426180784,0.7403206096654711,0.2596793903345281,0.0071844053935662755
P1 B1-B4,205,0.020875880218036894,0.014921535709805289,0.014599662562498835,0.5109018233354381,0.4890981766645629,0.009421076701273278
P1 B1-B4,206,0.037174157293399915,0.02261151988299167,0.02950656094931279,0.36997914662286013,0.6300208533771396,0.005643031983736749
P1 B1-B4,207,0.21047965679505803,0.11423247688654796,0.17678412583976474,0.2945499364934997,0.705450063506502,0.07899281427302993
P1 B1-B4,208,0.02906751874284161,0.01628533410293674,0.024077137267980435,0.3138899589471138,0.6861100410528844,0.005451534052533705
P1 B1-B4,209,0.05408347495157633,0.033782518531609976,0.04223462684219215,0.3901708964195542,0.6098291035804472,0.003985586782583682
P1 B1-B4,210,0.040020442230638546,0.027450763758272476,0.029122008265629416,0.47048425905339886,0.5295157409465989,0.010931257544835952
P1 B1-B4,211,0.016556320000740372,0.014632547781717669,0.007745984597368167,0.7811101445672276,0.21888985543277187,0.010823628991247412
P1 B1-B4,212,0.09292575006510279,0.051939015194361796,0.07705539387870139,0.3124030541869032,0.6875969458130975,0.0199270506808893
P1 B1-B4,213,0.05869980386709409,0.03937819653850519,0.04353188040287455,0.450026765299707,0.5499732347002931,0.025575444469072228
P1 B1-B4,214,0.047974398313423566,0.04367658975804295,0.01984687382543254,0.8288546341025894,0.17114536589741208,0.015985405612917496
P1 B1-B4,215,0.06730642082245324,0.059094964871564376,0.032217067072558676,0.7708821056183771,0.22911789438162403,0.055685689557490536
P1 B1-B4,216,0.06277427355095623,0.041046469524368905,0.047495228807063805,0.42755129496669503,0.5724487050333066,0.011211193929798075
P1 B1-B4,217,0.03653708417247856,0.023143640670484276,0.02827243209103681,0.40123201996867597,0.5987679800313234,0.00468072757474336
P1 B1-B4,218,0.01623245596041043,0.01502071170847522,0.006153929336410963,0.8562736013541474,0.1437263986458523,0.013098810892015839
P1 B1-B4,219,0.12435256663119679,0.07063839202694874,0.1023414793698691,0.322680040110379,0.6773199598896211,0.042380119748500776
P1 B1-B4,220,0.04944263905734775,0.03171752479200988,0.03792852723245932,0.4115241141120206,0.5884758858879794,0.01243488670250653
P1 B1-B4,221,0.015728291824324486,0.011065126172395969,0.011177752300890834,0.49493666068829995,0.5050633393117007,0.00205419440972539
P1 B1-B4,222,0.07534943408510791,0.04766100301369645,0.05836065462856326,0.40009798641064165,0.5999020135893587,0.02016851811138501
P1 B1-B4,223,0.06006234973264856,0.04609968561553501,0.038500712221409876,0.5891030759457843,0.41089692405421485,0.02958973806263602
P1 B1-B4,224,0.029872967836675618,0.018034544418282488,0.02381489901292996,0.36446313712989825,0.6355368628701022,0.003921237480700704
P1 B1-B4,225,0.07503675506888619,0.03268502276291742,0.0675440885515201,0.18973589214642703,0.8102641078535733,0.00745142480070817
P1 B1-B4,226,0.03169152448868508,0.018650526849513793,0.025622462267559116,0.3463346524662177,0.6536653475337819,0.008101265660561187
P1 B1-B4,227,0.9334063581932791,0.45705428084255856,0.8138481516100713,0.23976956322573387,0.7602304367742636,0.27305106936877893
P1 B1-B4,228,0.006165380155777645,0.006096682899634905,0.0009178072164436724,0.9778393132067206,0.022160686793278705,0.0034822224287458917
P1 B1-B4,229,0.009588998859987732,0.006425376405247168,0.0071178253130951994,0.44900441806989516,0.5509955819301026,0.004088248036938685
P1 B1-B4,230,0.016435375941100405,0.014693293164374316,0.007364015094434144,0.7992432968730855,0.2007567031269177,0.007700327638195891
P1 B1-B4,231,0.02216695125751693,0.01790244140745007,0.013071966940975245,0.6522477496243511,0.3477522503756513,0.011715102977527503
P1 B1-B4,232,0.0760248010920663,0.04717465634187887,0.05961813633546315,0.38504093661855,0.6149590633814496,0.010304564510402252
P1 B1-B4,233,0.03943032759360543,0.031030678145567286,0.024327921159960596,0.619329494452372,0.3806705055476304,0.01846812886605564
P1 B1-B4,234,0.0437892671213671,0.02175149201929022,0.03800490113079098,0.24674181279362503,0.7532581872063762,0.006518304490725469
P1 B1-B4,235,0.015576874295549686,0.014281814913523126,0.006218422275402718,0.8406324887910185,0.1593675112089803,0.005101670106820163
P1 B1-B4,236,0.008158043294603916,0.006066360901255262,0.005454625176155873,0.5529482350854826,0.44705176491451926,0.0017154773599764909
P1 B1-B4,237,0.035069928507396445,0.01916822303981023,0.029367994671240055,0.2987403924754329,0.7012596075245657,0.013119048393706777
P1 B1-B4,238,0.05337422689266225,0.027302124038667577,0.04586286209305512,0.2616553842175348,0.7383446157824624,0.00809060168205712
P1 B1-B4,239,0.0502770756016568,0.03132524715635691,0.039325732309111114,0.38819415776559263,0.611805842234407,0.02137727490173755
P1 B1-B4,240,0.04997161660094474,0.02957413342028161,0.04028067896834909,0.35024928476622147,0.6497507152337794,0.016766094302419852
P1 B1-B4,241,0.03762736886776778,0.029430345179397577,0.023445120399191204,0.6117627224598097,0.3882372775401915,0.022650533635130827
P1 B1-B4,242,0.021085733497352925,0.01508339233971168,0.014734294440105307,0.5117061413058068,0.488293858694193,0.007311303134632868
P1 B1-B4,243,0.013748857909738208,0.012882013768964464,0.004804665969490586,0.8778782124590695,0.12212178754093084,0.010242860837572029
P1 B1-B4,244,1.9522021799032938,1.430281010077843,1.3286796391267048,0.5367760847775803,0.46322391522241796,1.2032760809009317
P1 B1-B4,245,0.013633890411946563,0.009901717759445304,0.009372243764289013,0.5274502326199247,0.4725497673800776,0.005046503680238845
P1 B1-B4,246,0.06330604898610206,0.03813342797366059,0.05053214332688051,0.36284511138669073,0.6371548886133092,0.019282765402122443
P1 B1-B4,247,0.02296506874698147,0.01945054659847639,0.012209447963527416,0.7173450751365604,0.2826549248634397,0.012739538046592143
P1 B1-B4,248,0.04151728665264701,0.028310726530381226,0.03036754607010632,0.4649905257426936,0.535009474257306,0.020225152446413493
P1 B1-B4,249,0.02332264445259395,0.015876244767697164,0.017084806008213282,0.46338288438262637,0.5366171156173754,0.007127575196117406
P1 B1-B4,250,0.021963123431207553,0.017694092800678227,0.01301145152607679,0.6490354177563227,0.3509645822436792,0.002570047607433869
P1 B1-B4,251,0.03987678339266252,0.02407096973820451,0.031792235995723346,0.3643736266640822,0.6356263733359174,0.013888996146010869
P1 B1-B4,252,0.039016014346002895,0.03527044227875003,0.016680685744562895,0.8172143924663666,0.18278560753363196,0.017207714924790573
P1 B1-B4,253,0.03129097633988448,0.02475971385008011,0.019133263453090327,0.6261134222140385,0.3738865777859621,0.006739460059803655
P1 B1-B4,254,0.024451395651220804,0.014498917017436764,0.019688884036786376,0.3516121083482826,0.6483878916517157,0.006281828578638752
P1 B1-B4,255,0.09002643297448563,0.04731704329440883,0.07658887679020103,0.27624543644055616,0.7237545635594438,0.02427902060021318
