run_id,config_hash,experiment_name,data_seed,split_seed,run_seed,n_per_class,n_classes,n_channels,full_timesteps,noise_std,window_start,window_length,train_fraction,val_fraction,batch_size,iterations,d_model,d_input,heads,n_synch_out,n_synch_action,synapse_depth,memory_length,deep_nlms,memory_hidden_dims,do_layernorm_nlm,dropout,neuron_select_type,n_random_pairing_self,learning_rate,weight_decay,epochs,device,evaluate_test,n_train,n_val,n_test,effective_timesteps,device_used,parameter_count,best_epoch,runtime_seconds,train_loss,train_accuracy_most_certain,train_accuracy_final_tick,val_loss,val_accuracy_most_certain,val_accuracy_final_tick,val_mean_most_certain_tick,val_mean_selected_certainty,test_loss,test_accuracy_most_certain,test_accuracy_final_tick,status
20260717T120657Z_66aa78d2f3,66aa78d2f3,baseline_full_trajectory,0,0,0,200,8,15,100,0.05,0,,0.7,0.15,32,25,256,64,4,32,32,1,15,True,16,False,0.0,random-pairing,0,0.0003,0.0,15,auto,False,1120,240,240,100,mps,328970,15,28.08386779204011,4.457171941924441e-05,1.0,1.0,4.451176452372844e-05,1.0,1.0,25.0,0.9997518301010132,nan,nan,nan,completed
20260717T140348Z_5324e7e6a3,5324e7e6a3,baseline_full_trajectory,0,0,0,200,8,15,100,0.1,0,,0.7,0.15,32,25,256,64,4,32,32,1,15,True,16,False,0.0,random-pairing,0,0.0003,0.0,15,auto,False,1120,240,240,100,mps,328970,15,27.3467053330387,4.4351837901298756e-05,1.0,1.0,4.4190419915442664e-05,1.0,1.0,25.0,0.9997535943984985,nan,nan,nan,completed
20260821T120544Z_e797a3219d,e797a3219d,noise_probe,0,0,0,200,8,15,100,0.05,0,,0.7,0.15,32,25,256,64,4,32,32,1,15,True,16,False,0.0,random-pairing,0,0.0003,0.0,15,auto,False,1120,240,240,100,mps,328970,15,31.144849290998536,4.457171941924441e-05,1.0,1.0,4.451176452372844e-05,1.0,1.0,25.0,0.9997518301010132,nan,nan,nan,completed
20260821T120611Z_ef0384e81b,ef0384e81b,noise_probe,0,0,0,200,8,15,100,0.5,0,,0.7,0.15,32,25,256,64,4,32,32,1,15,True,16,False,0.0,random-pairing,0,0.0003,0.0,15,auto,False,1120,240,240,100,mps,328970,15,27.256422915997973,4.2254815551651906e-05,1.0,1.0,3.987575134184832e-05,1.0,1.0,25.0,0.9997770667076111,nan,nan,nan,completed
20260821T120639Z_4d8d36d4c4,4d8d36d4c4,noise_probe,0,0,0,200,8,15,100,1.0,0,,0.7,0.15,32,25,256,64,4,32,32,1,15,True,16,False,0.0,random-pairing,0,0.0003,0.0,15,auto,False,1120,240,240,100,mps,328970,15,27.829329541993502,4.569463027499816e-05,1.0,1.0,4.70215692378891e-05,1.0,1.0,25.0,0.9997572739919026,nan,nan,nan,completed
20260821T120707Z_e6b1965197,e6b1965197,noise_probe,0,0,0,200,8,15,100,2.0,0,,0.7,0.15,32,25,256,64,4,32,32,1,15,True,16,False,0.0,random-pairing,0,0.0003,0.0,15,auto,False,1120,240,240,100,mps,328970,15,28.012177124997834,7.606211043561675e-05,1.0,1.0,0.00013515439447170746,1.0,1.0,25.0,0.9994821468989055,nan,nan,nan,completed
20260821T120735Z_bd3b2585cd,bd3b2585cd,noise_probe,0,0,0,200,8,15,100,4.0,0,,0.7,0.15,32,25,256,64,4,32,32,1,15,True,16,False,0.0,random-pairing,0,0.0003,0.0,15,auto,False,1120,240,240,100,mps,328970,10,27.541158332998748,0.020493339637427457,0.9892857142857143,0.9901785714285715,0.046667134785093364,0.9875,0.9875,24.879166666666666,0.9810113986333211,nan,nan,nan,completed
20260821T124601Z_5324e7e6a3,5324e7e6a3,baseline_full_trajectory,0,0,0,200,8,15,100,0.1,0,,0.7,0.15,32,25,256,64,4,32,32,1,15,True,16,False,0.0,random-pairing,0,0.0003,0.0,15,auto,False,1120,240,240,100,mps,328970,15,27.206162791997485,4.4351837901298756e-05,1.0,1.0,4.4190419915442664e-05,1.0,1.0,25.0,0.9997535943984985,nan,nan,nan,completed
20260821T124638Z_e797a3219d,e797a3219d,noise_probe,0,0,0,200,8,15,100,0.05,0,,0.7,0.15,32,25,256,64,4,32,32,1,15,True,16,False,0.0,random-pairing,0,0.0003,0.0,15,auto,False,1120,240,240,100,mps,328970,15,28.78728966700146,4.457171941924441e-05,1.0,1.0,4.451176452372844e-05,1.0,1.0,25.0,0.9997518301010132,nan,nan,nan,completed
20260821T124705Z_ef0384e81b,ef0384e81b,noise_probe,0,0,0,200,8,15,100,0.5,0,,0.7,0.15,32,25,256,64,4,32,32,1,15,True,16,False,0.0,random-pairing,0,0.0003,0.0,15,auto,False,1120,240,240,100,mps,328970,15,27.361773791002634,4.2254815551651906e-05,1.0,1.0,3.987575134184832e-05,1.0,1.0,25.0,0.9997770667076111,nan,nan,nan,completed
20260821T124732Z_4d8d36d4c4,4d8d36d4c4,noise_probe,0,0,0,200,8,15,100,1.0,0,,0.7,0.15,32,25,256,64,4,32,32,1,15,True,16,False,0.0,random-pairing,0,0.0003,0.0,15,auto,False,1120,240,240,100,mps,328970,15,27.604591874995094,4.569463027499816e-05,1.0,1.0,4.70215692378891e-05,1.0,1.0,25.0,0.9997572739919026,nan,nan,nan,completed
20260821T124800Z_e6b1965197,e6b1965197,noise_probe,0,0,0,200,8,15,100,2.0,0,,0.7,0.15,32,25,256,64,4,32,32,1,15,True,16,False,0.0,random-pairing,0,0.0003,0.0,15,auto,False,1120,240,240,100,mps,328970,15,27.422022666003613,7.606211043561675e-05,1.0,1.0,0.00013515439447170746,1.0,1.0,25.0,0.9994821468989055,nan,nan,nan,completed
20260821T124827Z_bd3b2585cd,bd3b2585cd,noise_probe,0,0,0,200,8,15,100,4.0,0,,0.7,0.15,32,25,256,64,4,32,32,1,15,True,16,False,0.0,random-pairing,0,0.0003,0.0,15,auto,False,1120,240,240,100,mps,328970,10,27.304237917000137,0.020493339637427457,0.9892857142857143,0.9901785714285715,0.046667134785093364,0.9875,0.9875,24.879166666666666,0.9810113986333211,nan,nan,nan,completed
20260826T141015Z_e797a3219d,e797a3219d,noise_probe,0,0,0,200,8,15,100,0.05,0,,0.7,0.15,32,25,256,64,4,32,32,1,15,True,16,False,0.0,random-pairing,0,0.0003,0.0,15,auto,False,1120,240,240,100,mps,328970,15,27.43736154200451,4.457171941924441e-05,1.0,1.0,4.451176452372844e-05,1.0,1.0,25.0,0.9997518301010132,nan,nan,nan,completed
20260826T141042Z_ef0384e81b,ef0384e81b,noise_probe,0,0,0,200,8,15,100,0.5,0,,0.7,0.15,32,25,256,64,4,32,32,1,15,True,16,False,0.0,random-pairing,0,0.0003,0.0,15,auto,False,1120,240,240,100,mps,328970,15,26.972624166010064,4.2254815551651906e-05,1.0,1.0,3.987575134184832e-05,1.0,1.0,25.0,0.9997770667076111,nan,nan,nan,completed
20260826T141108Z_4d8d36d4c4,4d8d36d4c4,noise_probe,0,0,0,200,8,15,100,1.0,0,,0.7,0.15,32,25,256,64,4,32,32,1,15,True,16,False,0.0,random-pairing,0,0.0003,0.0,15,auto,False,1120,240,240,100,mps,328970,15,26.750011083000572,4.569463027499816e-05,1.0,1.0,4.70215692378891e-05,1.0,1.0,25.0,0.9997572739919026,nan,nan,nan,completed
20260826T141135Z_e6b1965197,e6b1965197,noise_probe,0,0,0,200,8,15,100,2.0,0,,0.7,0.15,32,25,256,64,4,32,32,1,15,True,16,False,0.0,random-pairing,0,0.0003,0.0,15,auto,False,1120,240,240,100,mps,328970,15,26.853779167009634,7.606211043561675e-05,1.0,1.0,0.00013515439447170746,1.0,1.0,25.0,0.9994821468989055,nan,nan,nan,completed
20260826T141202Z_bd3b2585cd,bd3b2585cd,noise_probe,0,0,0,200,8,15,100,4.0,0,,0.7,0.15,32,25,256,64,4,32,32,1,15,True,16,False,0.0,random-pairing,0,0.0003,0.0,15,auto,False,1120,240,240,100,mps,328970,10,26.694392124991282,0.020493339637427457,0.9892857142857143,0.9901785714285715,0.046667134785093364,0.9875,0.9875,24.879166666666666,0.9810113986333211,nan,nan,nan,completed
