recording_key,participant,block,trial_number,rep_number,attempt_number,class_label,file,path,lead_time_ms,actual_lead_ms,input_length,n_raw_full,raw_fraction_available,prediction_most_certain,prediction_final_tick,correct_most_certain,correct_final_tick,most_certain_tick,selected_certainty,loss
P3|B1|T0|R0|A0,3,1,0,0,0,0,B1_trial0_rep0_attempt0.csv,/Users/arthu/Desktop/CTM_Res-Pro/data/reach_to_grasp_dataset/data/participant_3/motion/B1_trial0_rep0_attempt0.csv,300.0,300.0,37,56,0.6607142857142857,0,0,True,True,25,0.9965012073516846,0.0008948612376116216
P3|B1|T0|R1|A0,3,1,0,1,0,0,B1_trial0_rep1_attempt0.csv,/Users/arthu/Desktop/CTM_Res-Pro/data/reach_to_grasp_dataset/data/participant_3/motion/B1_trial0_rep1_attempt0.csv,300.0,302.0,39,58,0.6724137931034483,1,1,False,False,25,0.9566553235054016,2.515105962753296
P3|B1|T0|R2|A0,3,1,0,2,0,0,B1_trial0_rep2_attempt0.csv,/Users/arthu/Desktop/CTM_Res-Pro/data/reach_to_grasp_dataset/data/participant_3/motion/B1_trial0_rep2_attempt0.csv,300.0,314.0,41,61,0.6721311475409836,0,0,True,True,20,0.8760150671005249,0.07329253852367401
P3|B1|T0|R3|A0,3,1,0,3,0,0,B1_trial0_rep3_attempt0.csv,/Users/arthu/Desktop/CTM_Res-Pro/data/reach_to_grasp_dataset/data/participant_3/motion/B1_trial0_rep3_attempt0.csv,300.0,315.0,33,53,0.6226415094339622,0,0,True,True,25,0.7597006559371948,0.2199820727109909
P3|B1|T1|R0|A0,3,1,1,0,0,1,B1_trial1_rep0_attempt0.csv,/Users/arthu/Desktop/CTM_Res-Pro/data/reach_to_grasp_dataset/data/participant_3/motion/B1_trial1_rep0_attempt0.csv,300.0,315.0,15,35,0.42857142857142855,1,1,True,True,25,0.994712233543396,0.0014541300479322672
P3|B1|T1|R1|A0,3,1,1,1,0,1,B1_trial1_rep1_attempt0.csv,/Users/arthu/Desktop/CTM_Res-Pro/data/reach_to_grasp_dataset/data/participant_3/motion/B1_trial1_rep1_attempt0.csv,300.0,300.0,40,59,0.6779661016949152,1,1,True,True,25,0.9990575313568115,0.00020597243565134704
P3|B1|T1|R2|A0,3,1,1,2,0,1,B1_trial1_rep2_attempt0.csv,/Users/arthu/Desktop/CTM_Res-Pro/data/reach_to_grasp_dataset/data/participant_3/motion/B1_trial1_rep2_attempt0.csv,300.0,315.0,40,60,0.6666666666666666,1,1,True,True,25,0.9990718960762024,0.0002022777043748647
P3|B1|T1|R3|A0,3,1,1,3,0,1,B1_trial1_rep3_attempt0.csv,/Users/arthu/Desktop/CTM_Res-Pro/data/reach_to_grasp_dataset/data/participant_3/motion/B1_trial1_rep3_attempt0.csv,300.0,316.0,39,59,0.6610169491525424,1,1,True,True,25,0.9992833137512207,0.00015162272029556334
P3|B1|T2|R0|A0,3,1,2,0,0,2,B1_trial2_rep0_attempt0.csv,/Users/arthu/Desktop/CTM_Res-Pro/data/reach_to_grasp_dataset/data/participant_3/motion/B1_trial2_rep0_attempt0.csv,300.0,316.0,35,55,0.6363636363636364,2,2,True,True,25,0.9982641339302063,0.0004102342063561082
P3|B1|T2|R1|A0,3,1,2,1,0,2,B1_trial2_rep1_attempt0.csv,/Users/arthu/Desktop/CTM_Res-Pro/data/reach_to_grasp_dataset/data/participant_3/motion/B1_trial2_rep1_attempt0.csv,300.0,301.0,33,52,0.6346153846153846,2,2,True,True,25,0.9934349656105042,0.0018720973748713732
P3|B1|T2|R2|A0,3,1,2,2,0,2,B1_trial2_rep2_attempt0.csv,/Users/arthu/Desktop/CTM_Res-Pro/data/reach_to_grasp_dataset/data/participant_3/motion/B1_trial2_rep2_attempt0.csv,300.0,313.0,29,49,0.5918367346938775,2,2,True,True,25,0.9909929037094116,0.002662092447280884
P3|B1|T2|R3|A0,3,1,2,3,0,2,B1_trial2_rep3_attempt0.csv,/Users/arthu/Desktop/CTM_Res-Pro/data/reach_to_grasp_dataset/data/participant_3/motion/B1_trial2_rep3_attempt0.csv,300.0,315.0,37,57,0.6491228070175439,2,2,True,True,25,0.9956374764442444,0.0011693552369251847
P3|B1|T3|R0|A0,3,1,3,0,0,3,B1_trial3_rep0_attempt0.csv,/Users/arthu/Desktop/CTM_Res-Pro/data/reach_to_grasp_dataset/data/participant_3/motion/B1_trial3_rep0_attempt0.csv,300.0,315.0,35,55,0.6363636363636364,3,3,True,True,25,0.9997867941856384,3.838465272565372e-05
P3|B1|T3|R1|A0,3,1,3,1,0,3,B1_trial3_rep1_attempt0.csv,/Users/arthu/Desktop/CTM_Res-Pro/data/reach_to_grasp_dataset/data/participant_3/motion/B1_trial3_rep1_attempt0.csv,300.0,314.0,48,68,0.7058823529411765,3,3,True,True,23,0.9655404090881348,0.012746058404445648
P3|B1|T3|R2|A0,3,1,3,2,0,3,B1_trial3_rep2_attempt0.csv,/Users/arthu/Desktop/CTM_Res-Pro/data/reach_to_grasp_dataset/data/participant_3/motion/B1_trial3_rep2_attempt0.csv,300.0,313.0,43,63,0.6825396825396826,0,0,False,False,25,0.993817150592804,3.7233128547668457
P3|B1|T3|R3|A0,3,1,3,3,0,3,B1_trial3_rep3_attempt0.csv,/Users/arthu/Desktop/CTM_Res-Pro/data/reach_to_grasp_dataset/data/participant_3/motion/B1_trial3_rep3_attempt0.csv,300.0,301.0,39,58,0.6724137931034483,3,3,True,True,25,0.9959363341331482,0.0010093123419210315
P3|B1|T4|R0|A0,3,1,4,0,0,4,B1_trial4_rep0_attempt0.csv,/Users/arthu/Desktop/CTM_Res-Pro/data/reach_to_grasp_dataset/data/participant_3/motion/B1_trial4_rep0_attempt0.csv,300.0,313.0,37,57,0.6491228070175439,4,4,True,True,25,0.9977034330368042,0.0005507144378498197
P3|B1|T4|R1|A0,3,1,4,1,0,4,B1_trial4_rep1_attempt0.csv,/Users/arthu/Desktop/CTM_Res-Pro/data/reach_to_grasp_dataset/data/participant_3/motion/B1_trial4_rep1_attempt0.csv,300.0,300.0,47,66,0.7121212121212122,4,4,True,True,23,0.863387405872345,0.0804140716791153
P3|B1|T4|R2|A0,3,1,4,2,0,4,B1_trial4_rep2_attempt0.csv,/Users/arthu/Desktop/CTM_Res-Pro/data/reach_to_grasp_dataset/data/participant_3/motion/B1_trial4_rep2_attempt0.csv,300.0,315.0,14,34,0.4117647058823529,1,1,False,False,25,0.995877206325531,21.122539520263672
P3|B1|T4|R3|A0,3,1,4,3,0,4,B1_trial4_rep3_attempt0.csv,/Users/arthu/Desktop/CTM_Res-Pro/data/reach_to_grasp_dataset/data/participant_3/motion/B1_trial4_rep3_attempt0.csv,300.0,312.0,28,48,0.5833333333333334,1,1,False,False,25,0.7415776252746582,8.435951232910156
P3|B1|T5|R0|A0,3,1,5,0,0,5,B1_trial5_rep0_attempt0.csv,/Users/arthu/Desktop/CTM_Res-Pro/data/reach_to_grasp_dataset/data/participant_3/motion/B1_trial5_rep0_attempt0.csv,300.0,301.0,54,73,0.7397260273972602,3,3,False,False,22,0.7877474427223206,2.302483081817627
P3|B1|T5|R1|A0,3,1,5,1,0,5,B1_trial5_rep1_attempt0.csv,/Users/arthu/Desktop/CTM_Res-Pro/data/reach_to_grasp_dataset/data/participant_3/motion/B1_trial5_rep1_attempt0.csv,300.0,300.0,49,68,0.7205882352941176,3,3,False,False,25,0.9907866716384888,5.512330055236816
P3|B1|T5|R2|A0,3,1,5,2,0,5,B1_trial5_rep2_attempt0.csv,/Users/arthu/Desktop/CTM_Res-Pro/data/reach_to_grasp_dataset/data/participant_3/motion/B1_trial5_rep2_attempt0.csv,300.0,315.0,56,76,0.7368421052631579,3,3,False,False,25,0.9770868420600891,5.948032855987549
P3|B1|T5|R3|A0,3,1,5,3,0,5,B1_trial5_rep3_attempt0.csv,/Users/arthu/Desktop/CTM_Res-Pro/data/reach_to_grasp_dataset/data/participant_3/motion/B1_trial5_rep3_attempt0.csv,300.0,301.0,53,72,0.7361111111111112,3,3,False,False,21,0.7475476264953613,2.1158766746520996
P3|B1|T6|R0|A0,3,1,6,0,0,6,B1_trial6_rep0_attempt0.csv,/Users/arthu/Desktop/CTM_Res-Pro/data/reach_to_grasp_dataset/data/participant_3/motion/B1_trial6_rep0_attempt0.csv,300.0,303.0,70,89,0.7865168539325843,6,6,True,True,25,0.9747928380966187,0.008587929420173168
P3|B1|T6|R1|A0,3,1,6,1,0,6,B1_trial6_rep1_attempt0.csv,/Users/arthu/Desktop/CTM_Res-Pro/data/reach_to_grasp_dataset/data/participant_3/motion/B1_trial6_rep1_attempt0.csv,300.0,314.0,25,45,0.5555555555555556,4,4,False,False,22,0.8342692255973816,1.8790956735610962
P3|B1|T6|R2|A0,3,1,6,2,0,6,B1_trial6_rep2_attempt0.csv,/Users/arthu/Desktop/CTM_Res-Pro/data/reach_to_grasp_dataset/data/participant_3/motion/B1_trial6_rep2_attempt0.csv,300.0,300.0,39,58,0.6724137931034483,6,6,True,True,25,0.8594076633453369,0.08090023696422577
P3|B1|T6|R3|A0,3,1,6,3,0,6,B1_trial6_rep3_attempt0.csv,/Users/arthu/Desktop/CTM_Res-Pro/data/reach_to_grasp_dataset/data/participant_3/motion/B1_trial6_rep3_attempt0.csv,300.0,301.0,53,72,0.7361111111111112,6,6,True,True,25,0.9855489134788513,0.004200802184641361
P3|B1|T7|R0|A0,3,1,7,0,0,7,B1_trial7_rep0_attempt0.csv,/Users/arthu/Desktop/CTM_Res-Pro/data/reach_to_grasp_dataset/data/participant_3/motion/B1_trial7_rep0_attempt0.csv,300.0,301.0,47,66,0.7121212121212122,7,7,True,True,25,0.998654305934906,0.0003079893649555743
P3|B1|T7|R1|A0,3,1,7,1,0,7,B1_trial7_rep1_attempt0.csv,/Users/arthu/Desktop/CTM_Res-Pro/data/reach_to_grasp_dataset/data/participant_3/motion/B1_trial7_rep1_attempt0.csv,300.0,300.0,50,69,0.7246376811594203,7,7,True,True,25,0.994763195514679,0.0014430596493184566
P3|B1|T7|R2|A0,3,1,7,2,0,7,B1_trial7_rep2_attempt0.csv,/Users/arthu/Desktop/CTM_Res-Pro/data/reach_to_grasp_dataset/data/participant_3/motion/B1_trial7_rep2_attempt0.csv,300.0,314.0,51,71,0.7183098591549296,7,7,True,True,25,0.997842013835907,0.0005247408407740295
P3|B1|T7|R3|A0,3,1,7,3,0,7,B1_trial7_rep3_attempt0.csv,/Users/arthu/Desktop/CTM_Res-Pro/data/reach_to_grasp_dataset/data/participant_3/motion/B1_trial7_rep3_attempt0.csv,300.0,300.0,25,44,0.5681818181818182,7,7,True,True,25,0.9960252642631531,0.001026341924443841
P3|B2|T0|R0|A0,3,2,0,0,0,7,B2_trial0_rep0_attempt0.csv,/Users/arthu/Desktop/CTM_Res-Pro/data/reach_to_grasp_dataset/data/participant_3/motion/B2_trial0_rep0_attempt0.csv,300.0,300.0,42,61,0.6885245901639344,7,7,True,True,25,0.999236524105072,0.00016330339713022113
P3|B2|T0|R1|A0,3,2,0,1,0,7,B2_trial0_rep1_attempt0.csv,/Users/arthu/Desktop/CTM_Res-Pro/data/reach_to_grasp_dataset/data/participant_3/motion/B2_trial0_rep1_attempt0.csv,300.0,302.0,32,51,0.6274509803921569,7,7,True,True,25,0.9992808103561401,0.00015138433082029223
P3|B2|T0|R2|A0,3,2,0,2,0,7,B2_trial0_rep2_attempt0.csv,/Users/arthu/Desktop/CTM_Res-Pro/data/reach_to_grasp_dataset/data/participant_3/motion/B2_trial0_rep2_attempt0.csv,300.0,312.0,28,48,0.5833333333333334,7,7,True,True,25,0.8577537536621094,0.07007227092981339
P3|B2|T0|R3|A0,3,2,0,3,0,7,B2_trial0_rep3_attempt0.csv,/Users/arthu/Desktop/CTM_Res-Pro/data/reach_to_grasp_dataset/data/participant_3/motion/B2_trial0_rep3_attempt0.csv,300.0,313.0,23,43,0.5348837209302325,7,7,True,True,25,0.9976901412010193,0.0005663221818394959
P3|B2|T1|R0|A0,3,2,1,0,0,6,B2_trial1_rep0_attempt0.csv,/Users/arthu/Desktop/CTM_Res-Pro/data/reach_to_grasp_dataset/data/participant_3/motion/B2_trial1_rep0_attempt0.csv,300.0,315.0,49,69,0.7101449275362319,4,4,False,False,19,0.6950981616973877,0.9981591701507568
P3|B2|T1|R2|A0,3,2,1,2,0,6,B2_trial1_rep2_attempt0.csv,/Users/arthu/Desktop/CTM_Res-Pro/data/reach_to_grasp_dataset/data/participant_3/motion/B2_trial1_rep2_attempt0.csv,300.0,315.0,64,84,0.7619047619047619,4,4,False,False,25,0.9751908183097839,3.9169907569885254
P3|B2|T1|R3|A0,3,2,1,3,0,6,B2_trial1_rep3_attempt0.csv,/Users/arthu/Desktop/CTM_Res-Pro/data/reach_to_grasp_dataset/data/participant_3/motion/B2_trial1_rep3_attempt0.csv,300.0,314.0,38,58,0.6551724137931034,4,7,False,False,18,0.5225343704223633,1.237979769706726
P3|B2|T2|R0|A0,3,2,2,0,0,5,B2_trial2_rep0_attempt0.csv,/Users/arthu/Desktop/CTM_Res-Pro/data/reach_to_grasp_dataset/data/participant_3/motion/B2_trial2_rep0_attempt0.csv,300.0,300.0,39,58,0.6724137931034483,3,3,False,False,25,0.994373083114624,7.528270244598389
P3|B2|T2|R1|A0,3,2,2,1,0,5,B2_trial2_rep1_attempt0.csv,/Users/arthu/Desktop/CTM_Res-Pro/data/reach_to_grasp_dataset/data/participant_3/motion/B2_trial2_rep1_attempt0.csv,300.0,303.0,42,61,0.6885245901639344,3,3,False,False,25,0.9907773733139038,5.9245781898498535
P3|B2|T2|R2|A0,3,2,2,2,0,5,B2_trial2_rep2_attempt0.csv,/Users/arthu/Desktop/CTM_Res-Pro/data/reach_to_grasp_dataset/data/participant_3/motion/B2_trial2_rep2_attempt0.csv,300.0,315.0,40,60,0.6666666666666666,3,3,False,False,25,0.9825748801231384,6.401424407958984
P3|B2|T2|R3|A0,3,2,2,3,0,5,B2_trial2_rep3_attempt0.csv,/Users/arthu/Desktop/CTM_Res-Pro/data/reach_to_grasp_dataset/data/participant_3/motion/B2_trial2_rep3_attempt0.csv,300.0,300.0,40,59,0.6779661016949152,3,3,False,False,22,0.812126874923706,2.3186819553375244
P3|B2|T3|R1|A0,3,2,3,1,0,4,B2_trial3_rep1_attempt0.csv,/Users/arthu/Desktop/CTM_Res-Pro/data/reach_to_grasp_dataset/data/participant_3/motion/B2_trial3_rep1_attempt0.csv,300.0,304.0,34,53,0.6415094339622641,4,4,True,True,25,0.9978152513504028,0.000518664310220629
P3|B2|T3|R2|A0,3,2,3,2,0,4,B2_trial3_rep2_attempt0.csv,/Users/arthu/Desktop/CTM_Res-Pro/data/reach_to_grasp_dataset/data/participant_3/motion/B2_trial3_rep2_attempt0.csv,300.0,313.0,40,60,0.6666666666666666,4,4,True,True,24,0.8020186424255371,0.12294808030128479
P3|B2|T3|R3|A0,3,2,3,3,0,4,B2_trial3_rep3_attempt0.csv,/Users/arthu/Desktop/CTM_Res-Pro/data/reach_to_grasp_dataset/data/participant_3/motion/B2_trial3_rep3_attempt0.csv,300.0,301.0,38,57,0.6666666666666666,4,4,True,True,25,0.9983062744140625,0.00039438577368855476
P3|B2|T4|R0|A0,3,2,4,0,0,3,B2_trial4_rep0_attempt0.csv,/Users/arthu/Desktop/CTM_Res-Pro/data/reach_to_grasp_dataset/data/participant_3/motion/B2_trial4_rep0_attempt0.csv,300.0,300.0,53,72,0.7361111111111112,3,3,True,True,25,0.9972186088562012,0.000639710808172822
P3|B2|T4|R1|A0,3,2,4,1,0,3,B2_trial4_rep1_attempt0.csv,/Users/arthu/Desktop/CTM_Res-Pro/data/reach_to_grasp_dataset/data/participant_3/motion/B2_trial4_rep1_attempt0.csv,300.0,315.0,42,62,0.6774193548387096,3,3,True,True,25,0.9994566440582275,0.00010692501382436603
P3|B2|T4|R2|A0,3,2,4,2,0,3,B2_trial4_rep2_attempt0.csv,/Users/arthu/Desktop/CTM_Res-Pro/data/reach_to_grasp_dataset/data/participant_3/motion/B2_trial4_rep2_attempt0.csv,300.0,314.0,38,58,0.6551724137931034,3,3,True,True,25,0.9994310736656189,0.0001110968878492713
P3|B2|T4|R3|A0,3,2,4,3,0,3,B2_trial4_rep3_attempt0.csv,/Users/arthu/Desktop/CTM_Res-Pro/data/reach_to_grasp_dataset/data/participant_3/motion/B2_trial4_rep3_attempt0.csv,300.0,301.0,38,57,0.6666666666666666,3,3,True,True,25,0.9996135830879211,7.283422019099817e-05
P3|B2|T5|R0|A0,3,2,5,0,0,2,B2_trial5_rep0_attempt0.csv,/Users/arthu/Desktop/CTM_Res-Pro/data/reach_to_grasp_dataset/data/participant_3/motion/B2_trial5_rep0_attempt0.csv,300.0,302.0,38,57,0.6666666666666666,2,2,True,True,25,0.9927673935890198,0.0020763759966939688
P3|B2|T5|R1|A0,3,2,5,1,0,2,B2_trial5_rep1_attempt0.csv,/Users/arthu/Desktop/CTM_Res-Pro/data/reach_to_grasp_dataset/data/participant_3/motion/B2_trial5_rep1_attempt0.csv,300.0,302.0,51,70,0.7285714285714285,2,2,True,True,25,0.9970791339874268,0.0007393010891973972
P3|B2|T5|R2|A0,3,2,5,2,0,2,B2_trial5_rep2_attempt0.csv,/Users/arthu/Desktop/CTM_Res-Pro/data/reach_to_grasp_dataset/data/participant_3/motion/B2_trial5_rep2_attempt0.csv,300.0,300.0,35,54,0.6481481481481481,2,2,True,True,25,0.9914423823356628,0.002526545897126198
P3|B2|T5|R3|A0,3,2,5,3,0,2,B2_trial5_rep3_attempt0.csv,/Users/arthu/Desktop/CTM_Res-Pro/data/reach_to_grasp_dataset/data/participant_3/motion/B2_trial5_rep3_attempt0.csv,300.0,315.0,36,56,0.6428571428571429,2,2,True,True,25,0.995503306388855,0.0012080521555617452
P3|B2|T6|R0|A0,3,2,6,0,0,1,B2_trial6_rep0_attempt0.csv,/Users/arthu/Desktop/CTM_Res-Pro/data/reach_to_grasp_dataset/data/participant_3/motion/B2_trial6_rep0_attempt0.csv,300.0,314.0,39,59,0.6610169491525424,1,1,True,True,25,0.9525931477546692,0.020192300900816917
P3|B2|T6|R1|A0,3,2,6,1,0,1,B2_trial6_rep1_attempt0.csv,/Users/arthu/Desktop/CTM_Res-Pro/data/reach_to_grasp_dataset/data/participant_3/motion/B2_trial6_rep1_attempt0.csv,300.0,312.0,49,69,0.7101449275362319,1,1,True,True,25,0.9990651607513428,0.00020275443966966122
P3|B2|T6|R2|A0,3,2,6,2,0,1,B2_trial6_rep2_attempt0.csv,/Users/arthu/Desktop/CTM_Res-Pro/data/reach_to_grasp_dataset/data/participant_3/motion/B2_trial6_rep2_attempt0.csv,300.0,301.0,19,38,0.5,0,0,False,False,23,0.917643666267395,2.6887047290802
P3|B2|T6|R3|A0,3,2,6,3,0,1,B2_trial6_rep3_attempt0.csv,/Users/arthu/Desktop/CTM_Res-Pro/data/reach_to_grasp_dataset/data/participant_3/motion/B2_trial6_rep3_attempt0.csv,300.0,302.0,43,62,0.6935483870967742,1,1,True,True,25,0.9905720949172974,0.0028358979616314173
P3|B2|T7|R0|A0,3,2,7,0,0,0,B2_trial7_rep0_attempt0.csv,/Users/arthu/Desktop/CTM_Res-Pro/data/reach_to_grasp_dataset/data/participant_3/motion/B2_trial7_rep0_attempt0.csv,300.0,300.0,34,53,0.6415094339622641,0,0,True,True,22,0.9666102528572083,0.012330248951911926
P3|B2|T7|R1|A0,3,2,7,1,0,0,B2_trial7_rep1_attempt0.csv,/Users/arthu/Desktop/CTM_Res-Pro/data/reach_to_grasp_dataset/data/participant_3/motion/B2_trial7_rep1_attempt0.csv,300.0,315.0,36,56,0.6428571428571429,1,1,False,False,25,0.9970012903213501,4.293985843658447
P3|B2|T7|R2|A0,3,2,7,2,0,0,B2_trial7_rep2_attempt0.csv,/Users/arthu/Desktop/CTM_Res-Pro/data/reach_to_grasp_dataset/data/participant_3/motion/B2_trial7_rep2_attempt0.csv,300.0,315.0,42,62,0.6774193548387096,1,1,False,False,25,0.9440187215805054,2.2368550300598145
P3|B2|T7|R3|A0,3,2,7,3,0,0,B2_trial7_rep3_attempt0.csv,/Users/arthu/Desktop/CTM_Res-Pro/data/reach_to_grasp_dataset/data/participant_3/motion/B2_trial7_rep3_attempt0.csv,300.0,315.0,39,59,0.6610169491525424,1,1,False,False,25,0.9967974424362183,4.269479751586914
P3|B3|T0|R0|A0,3,3,0,0,0,3,B3_trial0_rep0_attempt0.csv,/Users/arthu/Desktop/CTM_Res-Pro/data/reach_to_grasp_dataset/data/participant_3/motion/B3_trial0_rep0_attempt0.csv,300.0,312.0,38,58,0.6551724137931034,3,3,True,True,22,0.7624683976173401,0.20545586943626404
P3|B3|T0|R1|A0,3,3,0,1,0,3,B3_trial0_rep1_attempt0.csv,/Users/arthu/Desktop/CTM_Res-Pro/data/reach_to_grasp_dataset/data/participant_3/motion/B3_trial0_rep1_attempt0.csv,300.0,314.0,42,62,0.6774193548387096,3,3,True,True,25,0.9956605434417725,0.0011204162146896124
P3|B3|T0|R2|A0,3,3,0,2,0,3,B3_trial0_rep2_attempt0.csv,/Users/arthu/Desktop/CTM_Res-Pro/data/reach_to_grasp_dataset/data/participant_3/motion/B3_trial0_rep2_attempt0.csv,300.0,304.0,31,50,0.62,3,3,True,True,25,0.9982980489730835,0.00037079135654494166
P3|B3|T0|R3|A0,3,3,0,3,0,3,B3_trial0_rep3_attempt0.csv,/Users/arthu/Desktop/CTM_Res-Pro/data/reach_to_grasp_dataset/data/participant_3/motion/B3_trial0_rep3_attempt0.csv,300.0,314.0,35,55,0.6363636363636364,3,3,True,True,25,0.9932464957237244,0.0017628618516027927
P3|B3|T1|R0|A0,3,3,1,0,0,2,B3_trial1_rep0_attempt0.csv,/Users/arthu/Desktop/CTM_Res-Pro/data/reach_to_grasp_dataset/data/participant_3/motion/B3_trial1_rep0_attempt0.csv,300.0,300.0,37,56,0.6607142857142857,2,2,True,True,25,0.9965612292289734,0.0008896206854842603
P3|B3|T1|R1|A0,3,3,1,1,0,2,B3_trial1_rep1_attempt0.csv,/Users/arthu/Desktop/CTM_Res-Pro/data/reach_to_grasp_dataset/data/participant_3/motion/B3_trial1_rep1_attempt0.csv,300.0,301.0,39,58,0.6724137931034483,2,2,True,True,25,0.9775012135505676,0.006953682750463486
P3|B3|T1|R2|A0,3,3,1,2,0,2,B3_trial1_rep2_attempt0.csv,/Users/arthu/Desktop/CTM_Res-Pro/data/reach_to_grasp_dataset/data/participant_3/motion/B3_trial1_rep2_attempt0.csv,300.0,315.0,32,52,0.6153846153846154,2,2,True,True,25,0.9822260141372681,0.005453708581626415
P3|B3|T1|R3|A0,3,3,1,3,0,2,B3_trial1_rep3_attempt0.csv,/Users/arthu/Desktop/CTM_Res-Pro/data/reach_to_grasp_dataset/data/participant_3/motion/B3_trial1_rep3_attempt0.csv,300.0,301.0,10,29,0.3448275862068966,3,3,False,False,19,0.7774237990379333,5.185716152191162
P3|B3|T2|R0|A0,3,3,2,0,0,1,B3_trial2_rep0_attempt0.csv,/Users/arthu/Desktop/CTM_Res-Pro/data/reach_to_grasp_dataset/data/participant_3/motion/B3_trial2_rep0_attempt0.csv,300.0,300.0,42,61,0.6885245901639344,1,1,True,True,25,0.9980570673942566,0.00046075694262981415
P3|B3|T2|R1|A0,3,3,2,1,0,1,B3_trial2_rep1_attempt0.csv,/Users/arthu/Desktop/CTM_Res-Pro/data/reach_to_grasp_dataset/data/participant_3/motion/B3_trial2_rep1_attempt0.csv,300.0,314.0,22,42,0.5238095238095238,1,1,True,True,25,0.9988498091697693,0.00025555206229910254
P3|B3|T2|R2|A0,3,3,2,2,0,1,B3_trial2_rep2_attempt0.csv,/Users/arthu/Desktop/CTM_Res-Pro/data/reach_to_grasp_dataset/data/participant_3/motion/B3_trial2_rep2_attempt0.csv,300.0,315.0,31,51,0.6078431372549019,1,1,True,True,25,0.9970706105232239,0.0007322729215957224
P3|B3|T2|R3|A0,3,3,2,3,0,1,B3_trial2_rep3_attempt0.csv,/Users/arthu/Desktop/CTM_Res-Pro/data/reach_to_grasp_dataset/data/participant_3/motion/B3_trial2_rep3_attempt0.csv,300.0,316.0,36,56,0.6428571428571429,1,1,True,True,25,0.9978475570678711,0.0005161621957086027
P3|B3|T3|R0|A0,3,3,3,0,0,0,B3_trial3_rep0_attempt0.csv,/Users/arthu/Desktop/CTM_Res-Pro/data/reach_to_grasp_dataset/data/participant_3/motion/B3_trial3_rep0_attempt0.csv,300.0,300.0,15,34,0.4411764705882353,1,1,False,False,25,0.989100456237793,3.50546932220459
P3|B3|T3|R1|A0,3,3,3,1,0,0,B3_trial3_rep1_attempt0.csv,/Users/arthu/Desktop/CTM_Res-Pro/data/reach_to_grasp_dataset/data/participant_3/motion/B3_trial3_rep1_attempt0.csv,300.0,302.0,24,43,0.5581395348837209,0,1,True,False,18,0.7115328311920166,0.2836472690105438
P3|B3|T3|R2|A0,3,3,3,2,0,0,B3_trial3_rep2_attempt0.csv,/Users/arthu/Desktop/CTM_Res-Pro/data/reach_to_grasp_dataset/data/participant_3/motion/B3_trial3_rep2_attempt0.csv,300.0,314.0,8,28,0.2857142857142857,3,3,False,False,20,0.8259926438331604,2.0570883750915527
P3|B3|T3|R3|A0,3,3,3,3,0,0,B3_trial3_rep3_attempt0.csv,/Users/arthu/Desktop/CTM_Res-Pro/data/reach_to_grasp_dataset/data/participant_3/motion/B3_trial3_rep3_attempt0.csv,300.0,313.0,31,51,0.6078431372549019,1,1,False,False,25,0.8592263460159302,1.5413845777511597
P3|B3|T4|R0|A0,3,3,4,0,0,7,B3_trial4_rep0_attempt0.csv,/Users/arthu/Desktop/CTM_Res-Pro/data/reach_to_grasp_dataset/data/participant_3/motion/B3_trial4_rep0_attempt0.csv,300.0,316.0,42,62,0.6774193548387096,7,7,True,True,25,0.9976052641868591,0.0005905076395720243
P3|B3|T4|R1|A0,3,3,4,1,0,7,B3_trial4_rep1_attempt0.csv,/Users/arthu/Desktop/CTM_Res-Pro/data/reach_to_grasp_dataset/data/participant_3/motion/B3_trial4_rep1_attempt0.csv,300.0,301.0,30,49,0.6122448979591837,7,7,True,True,25,0.9958815574645996,0.0010752854868769646
P3|B3|T4|R2|A0,3,3,4,2,0,7,B3_trial4_rep2_attempt0.csv,/Users/arthu/Desktop/CTM_Res-Pro/data/reach_to_grasp_dataset/data/participant_3/motion/B3_trial4_rep2_attempt0.csv,300.0,302.0,31,50,0.62,7,7,True,True,25,0.9629036784172058,0.012702036648988724
P3|B3|T4|R3|A0,3,3,4,3,0,7,B3_trial4_rep3_attempt0.csv,/Users/arthu/Desktop/CTM_Res-Pro/data/reach_to_grasp_dataset/data/participant_3/motion/B3_trial4_rep3_attempt0.csv,300.0,316.0,46,66,0.696969696969697,7,7,True,True,25,0.9949712753295898,0.0013500871136784554
P3|B3|T5|R0|A0,3,3,5,0,0,6,B3_trial5_rep0_attempt0.csv,/Users/arthu/Desktop/CTM_Res-Pro/data/reach_to_grasp_dataset/data/participant_3/motion/B3_trial5_rep0_attempt0.csv,300.0,304.0,15,34,0.4411764705882353,4,4,False,False,25,0.9717749953269958,4.451848983764648
P3|B3|T5|R1|A0,3,3,5,1,0,6,B3_trial5_rep1_attempt0.csv,/Users/arthu/Desktop/CTM_Res-Pro/data/reach_to_grasp_dataset/data/participant_3/motion/B3_trial5_rep1_attempt0.csv,300.0,314.0,45,65,0.6923076923076923,6,6,True,True,25,0.995714008808136,0.0010511117288842797
P3|B3|T5|R2|A0,3,3,5,2,0,6,B3_trial5_rep2_attempt0.csv,/Users/arthu/Desktop/CTM_Res-Pro/data/reach_to_grasp_dataset/data/participant_3/motion/B3_trial5_rep2_attempt0.csv,300.0,313.0,28,48,0.5833333333333334,4,4,False,False,25,0.9924678802490234,6.061060905456543
P3|B3|T5|R3|A0,3,3,5,3,0,6,B3_trial5_rep3_attempt0.csv,/Users/arthu/Desktop/CTM_Res-Pro/data/reach_to_grasp_dataset/data/participant_3/motion/B3_trial5_rep3_attempt0.csv,300.0,302.0,61,80,0.7625,4,4,False,False,21,0.6768267750740051,1.1798772811889648
P3|B3|T6|R0|A0,3,3,6,0,0,5,B3_trial6_rep0_attempt0.csv,/Users/arthu/Desktop/CTM_Res-Pro/data/reach_to_grasp_dataset/data/participant_3/motion/B3_trial6_rep0_attempt0.csv,300.0,302.0,81,100,0.81,5,5,True,True,25,0.696882963180542,0.3016012907028198
P3|B3|T6|R1|A0,3,3,6,1,0,5,B3_trial6_rep1_attempt0.csv,/Users/arthu/Desktop/CTM_Res-Pro/data/reach_to_grasp_dataset/data/participant_3/motion/B3_trial6_rep1_attempt0.csv,300.0,303.0,9,28,0.32142857142857145,0,0,False,False,25,0.9957488179206848,5.953640460968018
P3|B3|T6|R2|A0,3,3,6,2,0,5,B3_trial6_rep2_attempt0.csv,/Users/arthu/Desktop/CTM_Res-Pro/data/reach_to_grasp_dataset/data/participant_3/motion/B3_trial6_rep2_attempt0.csv,300.0,301.0,40,59,0.6779661016949152,3,3,False,False,25,0.9552615284919739,6.770338535308838
P3|B3|T6|R3|A0,3,3,6,3,0,5,B3_trial6_rep3_attempt0.csv,/Users/arthu/Desktop/CTM_Res-Pro/data/reach_to_grasp_dataset/data/participant_3/motion/B3_trial6_rep3_attempt0.csv,300.0,312.0,55,75,0.7333333333333333,3,3,False,False,25,0.9905093908309937,7.430173397064209
P3|B3|T7|R0|A0,3,3,7,0,0,4,B3_trial7_rep0_attempt0.csv,/Users/arthu/Desktop/CTM_Res-Pro/data/reach_to_grasp_dataset/data/participant_3/motion/B3_trial7_rep0_attempt0.csv,300.0,315.0,41,61,0.6721311475409836,0,0,False,False,25,0.5755783319473267,0.9343451261520386
P3|B3|T7|R1|A0,3,3,7,1,0,4,B3_trial7_rep1_attempt0.csv,/Users/arthu/Desktop/CTM_Res-Pro/data/reach_to_grasp_dataset/data/participant_3/motion/B3_trial7_rep1_attempt0.csv,300.0,315.0,58,78,0.7435897435897436,0,0,False,False,25,0.665818452835083,1.9399834871292114
P3|B3|T7|R2|A0,3,3,7,2,0,4,B3_trial7_rep2_attempt0.csv,/Users/arthu/Desktop/CTM_Res-Pro/data/reach_to_grasp_dataset/data/participant_3/motion/B3_trial7_rep2_attempt0.csv,300.0,315.0,40,60,0.6666666666666666,1,1,False,False,25,0.9116504192352295,10.282373428344727
P3|B3|T7|R3|A0,3,3,7,3,0,4,B3_trial7_rep3_attempt0.csv,/Users/arthu/Desktop/CTM_Res-Pro/data/reach_to_grasp_dataset/data/participant_3/motion/B3_trial7_rep3_attempt0.csv,300.0,313.0,44,64,0.6875,1,1,False,False,25,0.7633913159370422,6.979925632476807
P3|B4|T0|R0|A0,3,4,0,0,0,4,B4_trial0_rep0_attempt0.csv,/Users/arthu/Desktop/CTM_Res-Pro/data/reach_to_grasp_dataset/data/participant_3/motion/B4_trial0_rep0_attempt0.csv,300.0,312.0,33,53,0.6226415094339622,4,4,True,True,20,0.6559802293777466,0.2666337490081787
P3|B4|T0|R1|A0,3,4,0,1,0,4,B4_trial0_rep1_attempt0.csv,/Users/arthu/Desktop/CTM_Res-Pro/data/reach_to_grasp_dataset/data/participant_3/motion/B4_trial0_rep1_attempt0.csv,300.0,315.0,48,68,0.7058823529411765,4,4,True,True,25,0.9987276792526245,0.00027962587773799896
P3|B4|T0|R2|A0,3,4,0,2,0,4,B4_trial0_rep2_attempt0.csv,/Users/arthu/Desktop/CTM_Res-Pro/data/reach_to_grasp_dataset/data/participant_3/motion/B4_trial0_rep2_attempt0.csv,300.0,302.0,57,76,0.75,4,4,True,True,25,0.9907639622688293,0.002668155822902918
P3|B4|T0|R3|A0,3,4,0,3,0,4,B4_trial0_rep3_attempt0.csv,/Users/arthu/Desktop/CTM_Res-Pro/data/reach_to_grasp_dataset/data/participant_3/motion/B4_trial0_rep3_attempt0.csv,300.0,302.0,43,62,0.6935483870967742,4,4,True,True,25,0.9931761026382446,0.0018849477637559175
P3|B4|T1|R0|A0,3,4,1,0,0,5,B4_trial1_rep0_attempt0.csv,/Users/arthu/Desktop/CTM_Res-Pro/data/reach_to_grasp_dataset/data/participant_3/motion/B4_trial1_rep0_attempt0.csv,300.0,301.0,39,58,0.6724137931034483,3,3,False,False,25,0.9528117775917053,3.6004555225372314
P3|B4|T1|R1|A0,3,4,1,1,0,5,B4_trial1_rep1_attempt0.csv,/Users/arthu/Desktop/CTM_Res-Pro/data/reach_to_grasp_dataset/data/participant_3/motion/B4_trial1_rep1_attempt0.csv,300.0,303.0,34,53,0.6415094339622641,3,3,False,False,25,0.9544780254364014,4.626086235046387
P3|B4|T1|R2|A0,3,4,1,2,0,5,B4_trial1_rep2_attempt0.csv,/Users/arthu/Desktop/CTM_Res-Pro/data/reach_to_grasp_dataset/data/participant_3/motion/B4_trial1_rep2_attempt0.csv,300.0,315.0,31,51,0.6078431372549019,3,3,False,False,24,0.9322379231452942,6.480095863342285
P3|B4|T1|R3|A0,3,4,1,3,0,5,B4_trial1_rep3_attempt0.csv,/Users/arthu/Desktop/CTM_Res-Pro/data/reach_to_grasp_dataset/data/participant_3/motion/B4_trial1_rep3_attempt0.csv,300.0,302.0,47,66,0.7121212121212122,3,3,False,False,24,0.886178731918335,3.5441877841949463
P3|B4|T2|R0|A0,3,4,2,0,0,6,B4_trial2_rep0_attempt0.csv,/Users/arthu/Desktop/CTM_Res-Pro/data/reach_to_grasp_dataset/data/participant_3/motion/B4_trial2_rep0_attempt0.csv,300.0,316.0,71,91,0.7802197802197802,6,6,True,True,25,0.9981018900871277,0.0004468158003874123
P3|B4|T2|R1|A0,3,4,2,1,0,6,B4_trial2_rep1_attempt0.csv,/Users/arthu/Desktop/CTM_Res-Pro/data/reach_to_grasp_dataset/data/participant_3/motion/B4_trial2_rep1_attempt0.csv,300.0,315.0,42,62,0.6774193548387096,6,6,True,True,25,0.9164524078369141,0.03618414327502251
P3|B4|T2|R2|A0,3,4,2,2,0,6,B4_trial2_rep2_attempt0.csv,/Users/arthu/Desktop/CTM_Res-Pro/data/reach_to_grasp_dataset/data/participant_3/motion/B4_trial2_rep2_attempt0.csv,300.0,315.0,41,61,0.6721311475409836,6,6,True,True,25,0.7838383913040161,0.13537368178367615
P3|B4|T2|R3|A0,3,4,2,3,0,6,B4_trial2_rep3_attempt0.csv,/Users/arthu/Desktop/CTM_Res-Pro/data/reach_to_grasp_dataset/data/participant_3/motion/B4_trial2_rep3_attempt0.csv,300.0,301.0,16,35,0.45714285714285713,4,4,False,False,25,0.8664314150810242,2.0414624214172363
P3|B4|T3|R0|A0,3,4,3,0,0,7,B4_trial3_rep0_attempt0.csv,/Users/arthu/Desktop/CTM_Res-Pro/data/reach_to_grasp_dataset/data/participant_3/motion/B4_trial3_rep0_attempt0.csv,300.0,300.0,36,55,0.6545454545454545,7,7,True,True,25,0.8927645683288574,0.06034566089510918
P3|B4|T3|R1|A0,3,4,3,1,0,7,B4_trial3_rep1_attempt0.csv,/Users/arthu/Desktop/CTM_Res-Pro/data/reach_to_grasp_dataset/data/participant_3/motion/B4_trial3_rep1_attempt0.csv,300.0,300.0,36,55,0.6545454545454545,7,7,True,True,25,0.9952148795127869,0.0013025857042521238
P3|B4|T3|R2|A0,3,4,3,2,0,7,B4_trial3_rep2_attempt0.csv,/Users/arthu/Desktop/CTM_Res-Pro/data/reach_to_grasp_dataset/data/participant_3/motion/B4_trial3_rep2_attempt0.csv,300.0,311.0,4,24,0.16666666666666666,7,7,True,True,25,0.997488796710968,0.0005720409681089222
P3|B4|T3|R3|A0,3,4,3,3,0,7,B4_trial3_rep3_attempt0.csv,/Users/arthu/Desktop/CTM_Res-Pro/data/reach_to_grasp_dataset/data/participant_3/motion/B4_trial3_rep3_attempt0.csv,300.0,304.0,26,45,0.5777777777777777,7,7,True,True,25,0.9993613958358765,0.00013386306818574667
P3|B4|T4|R0|A0,3,4,4,0,0,0,B4_trial4_rep0_attempt0.csv,/Users/arthu/Desktop/CTM_Res-Pro/data/reach_to_grasp_dataset/data/participant_3/motion/B4_trial4_rep0_attempt0.csv,300.0,300.0,26,45,0.5777777777777777,0,0,True,True,25,0.5448369979858398,0.5156295299530029
P3|B4|T4|R1|A0,3,4,4,1,0,0,B4_trial4_rep1_attempt0.csv,/Users/arthu/Desktop/CTM_Res-Pro/data/reach_to_grasp_dataset/data/participant_3/motion/B4_trial4_rep1_attempt0.csv,300.0,314.0,14,34,0.4117647058823529,7,7,False,False,25,0.9994913339614868,6.555156707763672
P3|B4|T4|R2|A0,3,4,4,2,0,0,B4_trial4_rep2_attempt0.csv,/Users/arthu/Desktop/CTM_Res-Pro/data/reach_to_grasp_dataset/data/participant_3/motion/B4_trial4_rep2_attempt0.csv,300.0,312.0,22,42,0.5238095238095238,0,0,True,True,25,0.9961631894111633,0.0009222545195370913
P3|B4|T4|R3|A0,3,4,4,3,0,0,B4_trial4_rep3_attempt0.csv,/Users/arthu/Desktop/CTM_Res-Pro/data/reach_to_grasp_dataset/data/participant_3/motion/B4_trial4_rep3_attempt0.csv,300.0,314.0,14,34,0.4117647058823529,0,0,True,True,23,0.9653812050819397,0.012225926853716373
P3|B4|T5|R0|A0,3,4,5,0,0,1,B4_trial5_rep0_attempt0.csv,/Users/arthu/Desktop/CTM_Res-Pro/data/reach_to_grasp_dataset/data/participant_3/motion/B4_trial5_rep0_attempt0.csv,300.0,300.0,47,66,0.7121212121212122,1,1,True,True,25,0.9983435869216919,0.0003829461056739092
P3|B4|T5|R1|A0,3,4,5,1,0,1,B4_trial5_rep1_attempt0.csv,/Users/arthu/Desktop/CTM_Res-Pro/data/reach_to_grasp_dataset/data/participant_3/motion/B4_trial5_rep1_attempt0.csv,300.0,315.0,41,61,0.6721311475409836,1,1,True,True,25,0.9990496039390564,0.00020668754586949944
P3|B4|T5|R2|A0,3,4,5,2,0,1,B4_trial5_rep2_attempt0.csv,/Users/arthu/Desktop/CTM_Res-Pro/data/reach_to_grasp_dataset/data/participant_3/motion/B4_trial5_rep2_attempt0.csv,300.0,301.0,38,57,0.6666666666666666,1,1,True,True,25,0.9989112615585327,0.00024029705673456192
P3|B4|T5|R3|A0,3,4,5,3,0,1,B4_trial5_rep3_attempt0.csv,/Users/arthu/Desktop/CTM_Res-Pro/data/reach_to_grasp_dataset/data/participant_3/motion/B4_trial5_rep3_attempt0.csv,300.0,301.0,28,47,0.5957446808510638,1,1,True,True,25,0.994442880153656,0.0015344761777669191
P3|B4|T6|R0|A0,3,4,6,0,0,2,B4_trial6_rep0_attempt0.csv,/Users/arthu/Desktop/CTM_Res-Pro/data/reach_to_grasp_dataset/data/participant_3/motion/B4_trial6_rep0_attempt0.csv,300.0,314.0,63,83,0.7590361445783133,2,2,True,True,25,0.997691810131073,0.0005660838796757162
P3|B4|T6|R1|A0,3,4,6,1,0,2,B4_trial6_rep1_attempt0.csv,/Users/arthu/Desktop/CTM_Res-Pro/data/reach_to_grasp_dataset/data/participant_3/motion/B4_trial6_rep1_attempt0.csv,300.0,315.0,44,64,0.6875,2,2,True,True,25,0.9891056418418884,0.0032896471675485373
P3|B4|T6|R2|A0,3,4,6,2,0,2,B4_trial6_rep2_attempt0.csv,/Users/arthu/Desktop/CTM_Res-Pro/data/reach_to_grasp_dataset/data/participant_3/motion/B4_trial6_rep2_attempt0.csv,300.0,313.0,37,57,0.6491228070175439,2,2,True,True,25,0.9944761395454407,0.0015250729629769921
P3|B4|T6|R3|A0,3,4,6,3,0,2,B4_trial6_rep3_attempt0.csv,/Users/arthu/Desktop/CTM_Res-Pro/data/reach_to_grasp_dataset/data/participant_3/motion/B4_trial6_rep3_attempt0.csv,300.0,300.0,52,71,0.7323943661971831,2,2,True,True,25,0.993444561958313,0.0018540112068876624
P3|B4|T7|R0|A0,3,4,7,0,0,3,B4_trial7_rep0_attempt0.csv,/Users/arthu/Desktop/CTM_Res-Pro/data/reach_to_grasp_dataset/data/participant_3/motion/B4_trial7_rep0_attempt0.csv,300.0,314.0,38,58,0.6551724137931034,3,3,True,True,25,0.9997993111610413,3.58813522325363e-05
P3|B4|T7|R1|A0,3,4,7,1,0,3,B4_trial7_rep1_attempt0.csv,/Users/arthu/Desktop/CTM_Res-Pro/data/reach_to_grasp_dataset/data/participant_3/motion/B4_trial7_rep1_attempt0.csv,300.0,300.0,34,53,0.6415094339622641,3,3,True,True,25,0.99867844581604,0.0002859421947505325
P3|B4|T7|R2|A0,3,4,7,2,0,3,B4_trial7_rep2_attempt0.csv,/Users/arthu/Desktop/CTM_Res-Pro/data/reach_to_grasp_dataset/data/participant_3/motion/B4_trial7_rep2_attempt0.csv,300.0,309.0,44,64,0.6875,3,3,True,True,25,0.9990003108978271,0.00020621081057470292
P3|B4|T7|R3|A0,3,4,7,3,0,3,B4_trial7_rep3_attempt0.csv,/Users/arthu/Desktop/CTM_Res-Pro/data/reach_to_grasp_dataset/data/participant_3/motion/B4_trial7_rep3_attempt0.csv,300.0,302.0,31,50,0.62,3,3,True,True,25,0.9972183704376221,0.000639829901047051
