epoch,train_loss,train_accuracy
1,2.084856390953064,0.125
2,2.0818428993225098,0.125
3,2.077317714691162,0.125
4,2.068665862083435,0.203125
5,2.041347026824951,0.359375
6,2.0098226070404053,0.421875
7,1.9682255387306213,0.421875
8,1.9172770380973816,0.328125
9,1.8536232113838196,0.328125
10,1.7826722860336304,0.296875
11,1.7057296633720398,0.28125
12,1.6291107535362244,0.265625
13,1.549070119857788,0.34375
14,1.463034749031067,0.390625
15,1.3856146335601807,0.46875
16,1.2976091504096985,0.515625
17,1.21766996383667,0.59375
18,1.1328887939453125,0.625
19,1.047605037689209,0.671875
20,0.9592817425727844,0.71875
21,0.8648658096790314,0.75
22,0.7568637430667877,0.796875
23,0.6483168303966522,0.859375
24,0.5298739075660706,0.90625
25,0.42101114988327026,0.9375
26,0.32417556643486023,0.953125
27,0.2513284981250763,0.953125
28,0.2012850046157837,0.96875
29,0.1442924216389656,0.984375
30,0.11507447063922882,0.984375
31,0.0734054334461689,1.0
32,0.05933934822678566,0.984375
33,0.03813580796122551,1.0
34,0.03196403291076422,0.984375
35,0.025682581588625908,0.984375
36,0.014326785691082478,1.0
37,0.014627140248194337,1.0
38,0.006873362231999636,1.0
39,0.008341962471604347,1.0
40,0.005601823329925537,1.0
41,0.0033802437828853726,1.0
42,0.004488834645599127,1.0
43,0.004161415505222976,1.0
44,0.0021440362907014787,1.0
45,0.0019916583551093936,1.0
46,0.002166896709240973,1.0
47,0.001615523244254291,1.0
48,0.0013792900135740638,1.0
49,0.001307813567109406,1.0
50,0.00126955087762326,1.0
51,0.0011997805559076369,1.0
52,0.0010034407896455377,1.0
53,0.0008441862009931356,1.0
54,0.0007941353833302855,1.0
55,0.0007583381375297904,1.0
56,0.0007472707657143474,1.0
57,0.0007233866490423679,1.0
58,0.0006823686271673068,1.0
59,0.000635823787888512,1.0
60,0.0005946041201241314,1.0
61,0.0005724903312511742,1.0
62,0.000558777479454875,1.0
63,0.0005423165857791901,1.0
64,0.0005272027774481103,1.0
65,0.0005113966471981257,1.0
66,0.0004949229914927855,1.0
67,0.00047921488294377923,1.0
68,0.0004674703668570146,1.0
69,0.0004553818143904209,1.0
70,0.0004441276250872761,1.0
71,0.0004354071570560336,1.0
72,0.0004240738780936226,1.0
73,0.0004153299960307777,1.0
74,0.00040600207285024226,1.0
75,0.00039911281783133745,1.0
